domain,path,url,title,traffic,refdomains
timeanddate.com,/worldclock/usa/california,http://www.timeanddate.com/worldclock/usa/california,"Current Local Time in California, United States",13192506,354
unitconverters.net,/weight-and-mass/lbs-to-kg.htm,http://www.unitconverters.net/weight-and-mass/lbs-to-kg.htm,Convert lbs to kg,10807882,289
rapidtables.com,/convert/weight/ounce-to-pound.html,http://www.rapidtables.com/convert/weight/ounce-to-pound.html,Ounces to Pounds converter (oz to lbs),8757677,167
unitconverters.net,/volume/liters-to-gallons.htm,http://www.unitconverters.net/volume/liters-to-gallons.htm,Convert liters to gallons,7403811,173
timeanddate.com,/sun/,http://www.timeanddate.com/sun/,Sunrise and Sunset Calculator — City Lookup,7022386,1827
timeanddate.com,/worldclock/india,http://www.timeanddate.com/worldclock/india,Current Local Time in India,6943582,220
timeanddate.com,/time/change/usa,http://www.timeanddate.com/time/change/usa,Daylight Saving Time 2026 in the United States,5935567,1280
unitconverters.net,/length/meters-to-feet.htm,http://www.unitconverters.net/length/meters-to-feet.htm,Convert meters to feet,5092114,303
rapidtables.com,/convert/weight/how-many-ounces-in-pound.html,http://www.rapidtables.com/convert/weight/how-many-ounces-in-pound.html,How many ounces in a pound (oz in lb),4758362,66
omnicalculator.com,/conversion/oz-ml-converter,http://www.omnicalculator.com/conversion/oz-ml-converter,Ounces to Milliliters Converter,4750390,70
timeanddate.com,/worldclock/japan/tokyo,http://www.timeanddate.com/worldclock/japan/tokyo,"Current Local Time in Tokyo, Japan",4680373,561
rapidtables.com,/convert/weight/pound-to-ounce.html,http://www.rapidtables.com/convert/weight/pound-to-ounce.html,Pounds to Ounces converter (lbs to oz) | Weight conversion,4360500,142
timeanddate.com,/worldclock/uk/london,http://www.timeanddate.com/worldclock/uk/london,"Current Local Time in London, England, United Kingdom",4235226,730
timeanddate.com,/worldclock/india/new-delhi,http://www.timeanddate.com/worldclock/india/new-delhi,"Current Local Time in New Delhi, Delhi, India",4141159,455
unitconverters.net,/length/km-to-miles.htm,http://www.unitconverters.net/length/km-to-miles.htm,Convert km to miles,4030549,164
timeanddate.com,/worldclock/usa/new-york,http://www.timeanddate.com/worldclock/usa/new-york,"Current Local Time in New York, New York, USA",3868179,826
unitconverters.net,/length/feet-to-meters.htm,http://www.unitconverters.net/length/feet-to-meters.htm,Convert feet to meters,3635489,242
unitconverters.net,/length/mm-to-inches.htm,http://www.unitconverters.net/length/mm-to-inches.htm,Convert mm to inches,3616921,223
unitconverters.net,/length/miles-to-km.htm,http://www.unitconverters.net/length/miles-to-km.htm,Convert miles to km,3539084,172
timeanddate.com,/worldclock/usa/los-angeles,http://www.timeanddate.com/worldclock/usa/los-angeles,"Current Local Time in Los Angeles, California, USA",3456242,505
timeanddate.com,/worldclock/philippines/manila,http://www.timeanddate.com/worldclock/philippines/manila,"Current Local Time in Manila, Philippines",3055527,476
omnicalculator.com,/conversion/ml-to-oz-converter,http://www.omnicalculator.com/conversion/ml-to-oz-converter,ml to oz Converter,3020790,12
unitconverters.net,/weight-and-mass/kg-to-lbs.htm,http://www.unitconverters.net/weight-and-mass/kg-to-lbs.htm,Convert kg to lbs,2933187,212
timeanddate.com,/worldclock/australia/sydney,http://www.timeanddate.com/worldclock/australia/sydney,"Current Local Time in Sydney, New South Wales, Australia",2889254,487
timeanddate.com,/time/zones/ist,http://www.timeanddate.com/time/zones/ist,India Standard Time – IST Time Zone,2657320,307
timeanddate.com,/worldclock/converter.html,http://www.timeanddate.com/worldclock/converter.html,Time Zone Converter – Time Difference Calculator,2578375,11527
timeanddate.com,/worldclock/usa/las-vegas,http://www.timeanddate.com/worldclock/usa/las-vegas,"Current Local Time in Las Vegas, Nevada, USA",2524836,452
calculator.net,/auto-loan-calculator.html,http://www.calculator.net/auto-loan-calculator.html,Auto Loan Calculator,2269023,980
unitconverters.net,/volume/gallons-to-liters.htm,http://www.unitconverters.net/volume/gallons-to-liters.htm,Convert gallons to liters,2247096,141
timeanddate.com,/moon/phases/,http://www.timeanddate.com/moon/phases/,Moon Phases 2026 – Lunar Calendar,2211093,2236
unitconverters.net,/length/inches-to-cm.htm,http://www.unitconverters.net/length/inches-to-cm.htm,Convert inches to cm,2173372,282
rapidtables.com,/convert/length/meter-to-feet.html,http://www.rapidtables.com/convert/length/meter-to-feet.html,Meters to Feet (m to ft) Converter,2170700,320
calculator.net,/percent-calculator.html,http://www.calculator.net/percent-calculator.html,Percentage Calculator,2143950,819
timeanddate.com,/holidays/us/fathers-day,http://www.timeanddate.com/holidays/us/fathers-day,Father's Day 2027 in the US,2121601,493
calculator.net,/random-number-generator.html,http://www.calculator.net/random-number-generator.html,Random Number Generator,2119817,911
timeanddate.com,/holidays/us/labor-day,http://www.timeanddate.com/holidays/us/labor-day,Labor Day 2026 in the United States,2042331,443
rapidtables.com,/calc/time/weeks-in-year.html,http://www.rapidtables.com/calc/time/weeks-in-year.html,How many weeks are in a year?,1979698,120
timeanddate.com,/worldclock/timezone/utc,http://www.timeanddate.com/worldclock/timezone/utc,Current UTC — Coordinated Universal Time,1936152,1993
timeanddate.com,/holidays/us/thanksgiving-day,http://www.timeanddate.com/holidays/us/thanksgiving-day,Thanksgiving Day 2026 in the United States,1923716,661
rapidtables.com,/convert/weight/kg-to-pound.html,http://www.rapidtables.com/convert/weight/kg-to-pound.html,kg to lbs | convert kg to pounds,1880646,414
timeanddate.com,/worldclock/usa/texas,http://www.timeanddate.com/worldclock/usa/texas,"Time in Texas, United States",1873758,154
thecalculatorsite.com,/conversions/common/gallons-ounces.php,http://www.thecalculatorsite.com/conversions/common/gallons-ounces.php,Gallons to Ounces Converter,1850152,138
timeanddate.com,/worldclock/germany/berlin,http://www.timeanddate.com/worldclock/germany/berlin,"Current Local Time in Berlin, Germany",1828789,313
timeanddate.com,/date/duration.html,http://www.timeanddate.com/date/duration.html,Days Calculator: Days Between Two Dates,1798405,3177
timeanddate.com,/worldclock/south-korea/seoul,http://www.timeanddate.com/worldclock/south-korea/seoul,"Current Local Time in Seoul, South Korea",1766676,307
timeanddate.com,/worldclock/usa/phoenix,http://www.timeanddate.com/worldclock/usa/phoenix,"Current Local Time in Phoenix, Arizona, USA",1763017,231
timeanddate.com,/sun/usa/new-york,http://www.timeanddate.com/sun/usa/new-york,Sunrise and sunset times in New York,1714178,310
unitconverters.net,/length/inches-to-feet.htm,http://www.unitconverters.net/length/inches-to-feet.htm,Convert inches to feet,1707989,146
calculator.net,/fraction-calculator.html,http://www.calculator.net/fraction-calculator.html,Fraction Calculator,1628949,490
unitconverters.net,/weight-and-mass/g-to-kg.htm,http://www.unitconverters.net/weight-and-mass/g-to-kg.htm,Convert g to kg,1380139,51
calculator.net,/grade-calculator.html,http://www.calculator.net/grade-calculator.html,Grade Calculator,1375305,579
rapidtables.com,/convert/weight/ounce-to-gram.html,http://www.rapidtables.com/convert/weight/ounce-to-gram.html,Ounces to Grams Converter (oz to g) | Weight conversion,1368203,288
rapidtables.com,/convert/length/inch-to-cm.html,http://www.rapidtables.com/convert/length/inch-to-cm.html,Inches to CM Converter,1343407,351
calculator.net,/age-calculator.html,http://www.calculator.net/age-calculator.html,Age Calculator,1286879,1153
timeanddate.com,/holidays/us/mothers-day,http://www.timeanddate.com/holidays/us/mothers-day,Mother's Day 2027 in the United States,1271771,459
calculator.net,/bmi-calculator.html,http://www.calculator.net/bmi-calculator.html,BMI Calculator,1265712,1657
unitconverters.net,/length/cm-to-inches.htm,http://www.unitconverters.net/length/cm-to-inches.htm,Convert cm to inches,1257495,298
omnicalculator.com,/conversion/ounces-to-cups,http://www.omnicalculator.com/conversion/ounces-to-cups,oz to Cups Converter,1215872,91
unitconverters.net,/area/square-feet-to-acres.htm,http://www.unitconverters.net/area/square-feet-to-acres.htm,Convert square feet to acres,1210817,113
timeanddate.com,/worldclock/united-arab-emirates/dubai,http://www.timeanddate.com/worldclock/united-arab-emirates/dubai,"Current Local Time in Dubai, Dubai, United Arab Emirates",1209981,761
timeanddate.com,/worldclock/usa/chicago,http://www.timeanddate.com/worldclock/usa/chicago,"Current Local Time in Chicago, Illinois, USA",1208113,278
rapidtables.com,/convert/length/feet-to-meter.html,http://www.rapidtables.com/convert/length/feet-to-meter.html,Feet to Meters (ft to m) Converter,1190612,243
timeanddate.com,/worldclock/,http://www.timeanddate.com/worldclock/,The World Clock — Worldwide,1181815,14612
timeanddate.com,/worldclock/france/paris,http://www.timeanddate.com/worldclock/france/paris,"Current Local Time in Paris, Paris, France",1168897,640
rapidtables.com,/convert/length/mm-to-inch.html,http://www.rapidtables.com/convert/length/mm-to-inch.html,Millimeters (mm) to inches converter,1147834,318
calculator.net,/,http://www.calculator.net/,"Calculator.net: Free Online Calculators - Math, Fitness ...",1141114,3941
rapidtables.com,/convert/weight/pound-to-kg.html,http://www.rapidtables.com/convert/weight/pound-to-kg.html,convert pounds to kilograms - lbs to kg conversion,1139666,325
omnicalculator.com,/math/cylinder-volume,http://www.omnicalculator.com/math/cylinder-volume,Volume of a Cylinder Calculator,1131430,214
timeanddate.com,/worldclock/canada/toronto,http://www.timeanddate.com/worldclock/canada/toronto,"Current Local Time in Toronto, Ontario, Canada",1113447,276
rapidtables.com,/convert/length/meter-to-feet-inch.html,http://www.rapidtables.com/convert/length/meter-to-feet-inch.html,Meters to Feet+Inches (ft+in) Converter,1113032,111
timeanddate.com,/worldclock/usa/dallas,http://www.timeanddate.com/worldclock/usa/dallas,"Current Local Time in Dallas, Texas, USA",1095964,215
unitconverters.net,/volume/fluid-ounce-us-to-gallon-us.htm,http://www.unitconverters.net/volume/fluid-ounce-us-to-gallon-us.htm,Convert Fluid Ounce (US) to Gallon (US),1077427,11
timeanddate.com,/worldclock/spain/madrid,http://www.timeanddate.com/worldclock/spain/madrid,"Current Local Time in Madrid, Madrid, Spain",1055114,191
timeanddate.com,/worldclock/usa/honolulu,http://www.timeanddate.com/worldclock/usa/honolulu,"Current Local Time in Honolulu, Hawaii, USA",1048499,233
timeanddate.com,/worldclock/usa/atlanta,http://www.timeanddate.com/worldclock/usa/atlanta,"Current Local Time in Atlanta, Georgia, USA",1036895,161
rapidtables.com,/convert/weight/gram-to-ounce.html,http://www.rapidtables.com/convert/weight/gram-to-ounce.html,Grams to Ounces Converter (g to oz) | Weight conversion,1025599,342
rapidtables.com,/convert/length/feet-to-cm.html,http://www.rapidtables.com/convert/length/feet-to-cm.html,Feet to CM Converter,1011346,229
timeanddate.com,/time/zones/pst,http://www.timeanddate.com/time/zones/pst,Pacific Standard Time – PST Time Zone,1010914,713
timeanddate.com,/worldclock/usa/washington-dc,http://www.timeanddate.com/worldclock/usa/washington-dc,"Current Local Time in Washington DC, USA",1006456,240
unitconverters.net,/length/cm-to-m.htm,http://www.unitconverters.net/length/cm-to-m.htm,Convert cm to m,1004102,88
rapidtables.com,/convert/weight/kg-to-pound.html?x=80,http://www.rapidtables.com/convert/weight/kg-to-pound.html?x=80,80 kg to lbs conversion,1003322,14
unitconverters.net,/length/inches-to-mm.htm,http://www.unitconverters.net/length/inches-to-mm.htm,Convert inches to mm,1001569,230
timeanddate.com,/time/map/,http://www.timeanddate.com/time/map/,Time Zone Map,994682,3072
timeanddate.com,/worldclock/italy/rome,http://www.timeanddate.com/worldclock/italy/rome,"Current Local Time in Rome, Italy (Roma)",987129,181
timeanddate.com,/worldclock/kenya/nairobi,http://www.timeanddate.com/worldclock/kenya/nairobi,"Current Local Time in Nairobi, Kenya",982850,118
unitconverters.net,/weight-and-mass/ounces-to-pounds.htm,http://www.unitconverters.net/weight-and-mass/ounces-to-pounds.htm,Convert ounces to pounds,974262,78
timeanddate.com,/worldclock/usa/nashville,http://www.timeanddate.com/worldclock/usa/nashville,"Current Local Time in Nashville, Tennessee, USA",973532,106
rapidtables.com,/convert/length/cm-to-inch.html,http://www.rapidtables.com/convert/length/cm-to-inch.html,CM to Inches Converter,954599,308
timeanddate.com,/worldclock/usa/florida,http://www.timeanddate.com/worldclock/usa/florida,"Time in Florida, United States",946176,189
unitconverters.net,/volume/ounces-to-liter.htm,http://www.unitconverters.net/volume/ounces-to-liter.htm,Convert ounces to liter,942829,38
unitconverters.net,/volume/ml-to-l.htm,http://www.unitconverters.net/volume/ml-to-l.htm,Convert ml to l,923694,81
thecalculatorsite.com,/conversions/common/grams-to-pounds-ounces.php,http://www.thecalculatorsite.com/conversions/common/grams-to-pounds-ounces.php,"Grams, Pounds and Ounces Converter (g, lb and oz)",897589,329
rapidtables.com,/convert/weight/gram-to-pound.html,http://www.rapidtables.com/convert/weight/gram-to-pound.html,Grams to Pounds converter (g to lbs),894481,245
timeanddate.com,/time/zone/usa/california,http://www.timeanddate.com/time/zone/usa/california,"Time Zones in California, United States",893125,319
unitconverters.net,/length/feet-to-inches.htm,http://www.unitconverters.net/length/feet-to-inches.htm,Convert feet to inches,887340,129
timeanddate.com,/worldclock/usa,http://www.timeanddate.com/worldclock/usa,Current Local Time in the United States,876361,637
calculator.net,/time-duration-calculator.html,http://www.calculator.net/time-duration-calculator.html,Time Duration Calculator,869114,483
unitconverters.net,/weight-and-mass/kg-to-g.htm,http://www.unitconverters.net/weight-and-mass/kg-to-g.htm,Convert kg to g,859380,60
timeanddate.com,/worldclock/usa/seattle,http://www.timeanddate.com/worldclock/usa/seattle,"Current Local Time in Seattle, Washington, USA",852134,238
timeanddate.com,/calendar/,http://www.timeanddate.com/calendar/,Calendar for Year 2026 (United States),848233,2728
inchcalculator.com,/convert/fluid-ounce-to-gallon/,http://www.inchcalculator.com/convert/fluid-ounce-to-gallon/,Fluid Ounces to Gallons Converter (fl oz to gal),813618,25
unitconverters.net,/length/yards-to-meters.htm,http://www.unitconverters.net/length/yards-to-meters.htm,Convert yards to meters,812179,145
calculator.net,/dice-roller.html,http://www.calculator.net/dice-roller.html,Virtual Dice Roller,806652,653
calculatorsoup.com,/calculators/conversions/celsius-to-fahrenheit.php,http://www.calculatorsoup.com/calculators/conversions/celsius-to-fahrenheit.php,Celsius to Fahrenheit | °C to °F,796565,66
thecalculatorsite.com,/conversions/common/inches-feet.php,http://www.thecalculatorsite.com/conversions/common/inches-feet.php,Inches to Feet and Inches Converter,794835,70
calculator.net,/pythagorean-theorem-calculator.html,http://www.calculator.net/pythagorean-theorem-calculator.html,Pythagorean Theorem Calculator,794625,131
timeanddate.com,/worldclock/australia/melbourne,http://www.timeanddate.com/worldclock/australia/melbourne,"Current Local Time in Melbourne, Victoria, Australia",781853,287
calculatorsoup.com,/calculators/statistics/random-number-generator.php,http://www.calculatorsoup.com/calculators/statistics/random-number-generator.php,Random Number Generator,781744,769
calculator.net,/calorie-calculator.html,http://www.calculator.net/calorie-calculator.html,Calorie Calculator,779141,4270
unitconverters.net,/volume/quarts-to-liters.htm,http://www.unitconverters.net/volume/quarts-to-liters.htm,Convert quarts to liters,778760,59
unitconverters.net,/volume/l-to-ml.htm,http://www.unitconverters.net/volume/l-to-ml.htm,Convert l to ml,771470,70
timeanddate.com,/time/zone/usa/texas,http://www.timeanddate.com/time/zone/usa/texas,"Time Zones in Texas, United States",770465,236
rapidtables.com,/convert/weight/kg-to-pound.html?x=70,http://www.rapidtables.com/convert/weight/kg-to-pound.html?x=70,70 kg to lbs conversion,766042,16
calculatorsoup.com,/calculators/conversions/fahrenheit-to-celsius.php,http://www.calculatorsoup.com/calculators/conversions/fahrenheit-to-celsius.php,Fahrenheit to Celsius | °F to °C,764617,57
timeanddate.com,/date/dateadd.html,http://www.timeanddate.com/date/dateadd.html,Date Calculator: Add to or Subtract From a Date,757441,1640
timeanddate.com,/worldclock/usa/ohio,http://www.timeanddate.com/worldclock/usa/ohio,"Current Local Time in Ohio, United States",753486,91
rapidtables.com,/convert/length/cm-to-feet.html,http://www.rapidtables.com/convert/length/cm-to-feet.html,CM to Feet Converter,749775,187
timeanddate.com,/worldclock/usa/salt-lake-city,http://www.timeanddate.com/worldclock/usa/salt-lake-city,"Current Local Time in Salt Lake City, Utah, USA",744834,145
thecalculatorsite.com,/conversions/common/liters-ounces.php,http://www.thecalculatorsite.com/conversions/common/liters-ounces.php,Liters to Ounces Converter,730802,63
timeanddate.com,/worldclock/nigeria/lagos,http://www.timeanddate.com/worldclock/nigeria/lagos,"Current Local Time in Lagos, Lagos, Nigeria",726719,147
rapidtables.com,/convert/length/feet-to-inch.html,http://www.rapidtables.com/convert/length/feet-to-inch.html,Feet to Inches (ft to in) conversion calculator,715725,180
unitconverters.net,/length/m-to-km.htm,http://www.unitconverters.net/length/m-to-km.htm,Convert m to km,711112,64
thecalculatorsite.com,/conversions/height/170cm,http://www.thecalculatorsite.com/conversions/height/170cm,What is 170 cm in Feet and Inches? - height,710538,36
timeanddate.com,/time/zones/edt,http://www.timeanddate.com/time/zones/edt,Eastern Daylight Time – EDT Time Zone,708123,642
timeanddate.com,/time/zones/cst,http://www.timeanddate.com/time/zones/cst,Central Standard Time – CST Time Zone,687568,684
calculator.net,/loan-calculator.html,http://www.calculator.net/loan-calculator.html,Loan Calculator,684440,954
unitconverters.net,/speed/kph-to-mph.htm,http://www.unitconverters.net/speed/kph-to-mph.htm,Convert kph to mph,683601,189
timeanddate.com,/worldclock/usa/indianapolis,http://www.timeanddate.com/worldclock/usa/indianapolis,"Current Local Time in Indianapolis, Indiana, USA",676991,162
thecalculatorsite.com,/conversions/common/kg-to-stones-pounds.php,http://www.thecalculatorsite.com/conversions/common/kg-to-stones-pounds.php,Kilograms to Stones and Pounds Converter,675050,232
timeanddate.com,/worldclock/mexico/mexico-city,http://www.timeanddate.com/worldclock/mexico/mexico-city,"Current Local Time in Mexico City, Ciudad de México, Mexico",674816,208
calculator.net,/volume-calculator.html,http://www.calculator.net/volume-calculator.html,Volume Calculator,671561,554
timeanddate.com,/worldclock/hong-kong/hong-kong,http://www.timeanddate.com/worldclock/hong-kong/hong-kong,"Current Local Time in Hong Kong, Hong Kong",668526,437
timeanddate.com,/calendar/months/,http://www.timeanddate.com/calendar/months/,12 Months of the Year,661616,577
rapidtables.com,/convert/weight/kg-to-pound.html?x=60,http://www.rapidtables.com/convert/weight/kg-to-pound.html?x=60,60 kg to lbs conversion,652051,20
timeanddate.com,/worldclock/usa/denver,http://www.timeanddate.com/worldclock/usa/denver,"Current Local Time in Denver, Colorado, USA",644493,221
calculatorsoup.com,/calculators/construction/square-footage-calculator.php,http://www.calculatorsoup.com/calculators/construction/square-footage-calculator.php,Square Footage Calculator,643378,646
timeanddate.com,/holidays/us/,http://www.timeanddate.com/holidays/us/,Today's and Upcoming Holidays in the United States,635586,1205
unitconverters.net,/weight-and-mass/milligrams-to-grams.htm,http://www.unitconverters.net/weight-and-mass/milligrams-to-grams.htm,Convert milligrams to grams,633994,66
timeanddate.com,/worldclock/thailand/bangkok,http://www.timeanddate.com/worldclock/thailand/bangkok,"Current Local Time in Bangkok, Thailand (Krung Thep)",631926,211
rapidtables.com,/convert/weight/pound-to-kg.html?x=150,http://www.rapidtables.com/convert/weight/pound-to-kg.html?x=150,150 lbs to kg conversion,618716,2
calculator.net,/amortization-calculator.html,http://www.calculator.net/amortization-calculator.html,Amortization Calculator,617767,811
timeanddate.com,/time/zone/usa,http://www.timeanddate.com/time/zone/usa,Time Zones in the United States,606156,609
timeanddate.com,/worldclock/usa/houston,http://www.timeanddate.com/worldclock/usa/houston,"Current Local Time in Houston, Texas, USA",601875,190
timeanddate.com,/time/zones/pdt,http://www.timeanddate.com/time/zones/pdt,Pacific Daylight Time – PDT Time Zone,600395,852
rapidtables.com,/convert/weight/pound-to-kg.html?x=10,http://www.rapidtables.com/convert/weight/pound-to-kg.html?x=10,10 lbs to kg conversion,599975,2
unitconverters.net,/length/mm-to-cm.htm,http://www.unitconverters.net/length/mm-to-cm.htm,Convert mm to cm,599581,83
unitconverters.net,/volume/tablespoons-to-cups.htm,http://www.unitconverters.net/volume/tablespoons-to-cups.htm,Convert tablespoons to cups,599413,74
rapidtables.com,/convert/weight/pound-to-kg.html?x=50,http://www.rapidtables.com/convert/weight/pound-to-kg.html?x=50,50 lbs to kg conversion,594659,1
unitconverters.net,/length/meters-to-miles.htm,http://www.unitconverters.net/length/meters-to-miles.htm,Convert meters to miles,589660,82
calculatorsoup.com,/calculators/math/percentage.php,http://www.calculatorsoup.com/calculators/math/percentage.php,Percentage Calculator,589616,698
timeanddate.com,/sun/usa/los-angeles,http://www.timeanddate.com/sun/usa/los-angeles,Sunrise and sunset times in Los Angeles,589496,183
timeanddate.com,/worldclock/canada/vancouver,http://www.timeanddate.com/worldclock/canada/vancouver,"Current Local Time in Vancouver, British Columbia, Canada",581436,224
unitconverters.net,/length/km-to-m.htm,http://www.unitconverters.net/length/km-to-m.htm,Convert km to m,579770,61
rapidtables.com,/convert/length/inch-to-feet.html,http://www.rapidtables.com/convert/length/inch-to-feet.html,Inches to Feet (in to ft) conversion calculator,575747,161
timeanddate.com,/time/zones/est,http://www.timeanddate.com/time/zones/est,Eastern Standard Time – EST Time Zone,569643,1201
unitconverters.net,/weight-and-mass/ton-to-lbs.htm,http://www.unitconverters.net/weight-and-mass/ton-to-lbs.htm,Convert ton to lbs,567972,71
rapidtables.com,/calc/grade/grade-calculator.html,http://www.rapidtables.com/calc/grade/grade-calculator.html,Grade Calculator,567626,361
rapidtables.com,/convert/weight/pound-to-gram.html,http://www.rapidtables.com/convert/weight/pound-to-gram.html,Pounds to Grams converter (lbs to g),561402,112
omnicalculator.com,/math/cone-volume,http://www.omnicalculator.com/math/cone-volume,Cone Volume Calculator,557764,99
timeanddate.com,/time/zones/mst,http://www.timeanddate.com/time/zones/mst,Mountain Standard Time – MST Time Zone,557490,404
unitconverters.net,/volume/ml-to-teaspoon.htm,http://www.unitconverters.net/volume/ml-to-teaspoon.htm,Convert ml to teaspoon,556750,68
inchcalculator.com,/height-converter/5ft-7in/,http://www.inchcalculator.com/height-converter/5ft-7in/,"What is 5' 7"" in Centimeters?",551062,20
inchcalculator.com,/height-converter/5ft-2in/,http://www.inchcalculator.com/height-converter/5ft-2in/,"What is 5' 2"" in Centimeters?",545619,11
timeanddate.com,/stopwatch/,http://www.timeanddate.com/stopwatch/,Online Stopwatch - easy to use,539496,917
timeanddate.com,/calendar/aboutseasons.html,http://www.timeanddate.com/calendar/aboutseasons.html,Seasons of the Year: When Do They Start and End?,538605,804
timeanddate.com,/worldclock/china,http://www.timeanddate.com/worldclock/china,Time in China,530978,233
unitconverters.net,/length/inches-to-meters.htm,http://www.unitconverters.net/length/inches-to-meters.htm,Convert inches to meters,525713,88
timeanddate.com,/worldclock/new-zealand/auckland,http://www.timeanddate.com/worldclock/new-zealand/auckland,"Current Local Time in Auckland, New Zealand",524324,258
calculator.net,/mortgage-calculator.html,http://www.calculator.net/mortgage-calculator.html,Mortgage Calculator,518653,904
timeanddate.com,/worldclock/usa/orlando,http://www.timeanddate.com/worldclock/usa/orlando,"Current Local Time in Orlando, Florida, USA",515905,138
timeanddate.com,/timer/,http://www.timeanddate.com/timer/,Online Timer with Alarm,511740,879
calculatorsoup.com,/calculators/time/hours.php,http://www.calculatorsoup.com/calculators/time/hours.php,Hours Calculator,511474,363
unitconverters.net,/length/m-to-cm.htm,http://www.unitconverters.net/length/m-to-cm.htm,Convert m to cm,506687,113
timeanddate.com,/worldclock/usa/miami,http://www.timeanddate.com/worldclock/usa/miami,"Current Local Time in Miami, Florida, USA",505436,194
timeanddate.com,/worldclock/usa/san-diego,http://www.timeanddate.com/worldclock/usa/san-diego,"Current Local Time in San Diego, California, USA",502597,92
timeanddate.com,/,http://www.timeanddate.com/,Time and Date,500044,17526
omnicalculator.com,/conversion/mg-to-ml,http://www.omnicalculator.com/conversion/mg-to-ml,mg to mL Calculator,498246,139
calculatorsoup.com,/calculators/conversions/roman-numeral-converter.php,http://www.calculatorsoup.com/calculators/conversions/roman-numeral-converter.php,Roman Numeral Converter,492947,203
unitconverters.net,/length/cm-to-mm.htm,http://www.unitconverters.net/length/cm-to-mm.htm,Convert cm to mm,488726,90
calculator.net,/time-calculator.html,http://www.calculator.net/time-calculator.html,Time Calculator,487441,465
rapidtables.com,/convert/length/cm-to-feet-inch.html,http://www.rapidtables.com/convert/length/cm-to-feet-inch.html,CM to Feet+Inches (ft+in) Converter,483688,102
timeanddate.com,/worldclock/singapore/singapore,http://www.timeanddate.com/worldclock/singapore/singapore,"Current Local Time in Singapore, ...",480134,241
timeanddate.com,/time/zones/cet,http://www.timeanddate.com/time/zones/cet,Central European Time – CET Time Zone,476752,1021
thecalculatorsite.com,/conversions/height/180cm,http://www.thecalculatorsite.com/conversions/height/180cm,What is 180 cm in Feet and Inches? - height,475460,21
timeanddate.com,/time/zone/usa/florida,http://www.timeanddate.com/time/zone/usa/florida,"Time Zones in Florida, United States",472905,189
rapidtables.com,/convert/length/inch-to-mm.html,http://www.rapidtables.com/convert/length/inch-to-mm.html,Inches to mm converter,470674,323
timeanddate.com,/worldclock/netherlands/amsterdam,http://www.timeanddate.com/worldclock/netherlands/amsterdam,"Current Local Time in Amsterdam, Netherlands",469239,246
unitconverters.net,/volume/liters-to-quarts.htm,http://www.unitconverters.net/volume/liters-to-quarts.htm,Convert liters to quarts,466116,41
unitconverters.net,/length/feet-to-cm.htm,http://www.unitconverters.net/length/feet-to-cm.htm,Convert feet to cm,465462,102
omnicalculator.com,/conversion/weeks-to-years-converter,http://www.omnicalculator.com/conversion/weeks-to-years-converter,Weeks to Years Converter,464152,3
omnicalculator.com,/conversion/mcg-to-mg,http://www.omnicalculator.com/conversion/mcg-to-mg,mcg to mg Converter,462731,3
calculatorsoup.com,/calculators/conversions/celsius-to-kelvin.php,http://www.calculatorsoup.com/calculators/conversions/celsius-to-kelvin.php,Celsius to Kelvin | °C to K,460093,5
omnicalculator.com,/conversion/nm-to-ft-lb,http://www.omnicalculator.com/conversion/nm-to-ft-lb,Nm to ft-lbs Converter,459471,162
inchcalculator.com,/height-converter/5ft-9in/,http://www.inchcalculator.com/height-converter/5ft-9in/,"What is 5' 9"" in Centimeters?",457268,13
timeanddate.com,/time/am-and-pm.html,http://www.timeanddate.com/time/am-and-pm.html,AM and PM: What Do They Mean?,450698,429
rapidtables.com,/convert/weight/kg-to-pound.html?x=65,http://www.rapidtables.com/convert/weight/kg-to-pound.html?x=65,65 kg to lbs conversion,449185,6
timeanddate.com,/date/workdays.html,http://www.timeanddate.com/date/workdays.html,Business Days Calculator – Count Workdays,448117,557
calculator.net,/date-calculator.html,http://www.calculator.net/date-calculator.html,Date Calculator,445891,624
timeanddate.com,/worldclock/greece/athens,http://www.timeanddate.com/worldclock/greece/athens,"Current Local Time in Athens, Greece",444647,198
timeanddate.com,/worldclock/australia,http://www.timeanddate.com/worldclock/australia,Time in Australia,444591,241
calculator.net,/standard-deviation-calculator.html,http://www.calculator.net/standard-deviation-calculator.html,Standard Deviation Calculator,440808,667
inchcalculator.com,/convert/quart-to-ounce/,http://www.inchcalculator.com/convert/quart-to-ounce/,Quarts to Ounces Converter - (qt to oz),438232,9
calculatorsoup.com,/calculators/time/work-hours-calculator.php,http://www.calculatorsoup.com/calculators/time/work-hours-calculator.php,Work Hours Calculator,434738,311
unitconverters.net,/length/yards-to-feet.htm,http://www.unitconverters.net/length/yards-to-feet.htm,Convert yards to feet,434103,68
timeanddate.com,/worldclock/turkey/istanbul,http://www.timeanddate.com/worldclock/turkey/istanbul,"Current Local Time in Istanbul, Turkey",433869,248
inchcalculator.com,/height-converter/5ft-6in/,http://www.inchcalculator.com/height-converter/5ft-6in/,"What is 5' 6"" in Centimeters?",432758,13
calculator.net,/gpa-calculator.html,http://www.calculator.net/gpa-calculator.html,GPA Calculator,429948,456
thecalculatorsite.com,/conversions/common/stones-pounds-ounces.php,http://www.thecalculatorsite.com/conversions/common/stones-pounds-ounces.php,Stones to Pounds Converter (st to lb),429423,48
unitconverters.net,/volume/teaspoon-to-ml.htm,http://www.unitconverters.net/volume/teaspoon-to-ml.htm,Convert teaspoon to ml,428981,54
timeanddate.com,/worldclock/usa/michigan,http://www.timeanddate.com/worldclock/usa/michigan,"Time in Michigan, United States",428665,81
unitconverters.net,/weight-and-mass/grams-to-pounds.htm,http://www.unitconverters.net/weight-and-mass/grams-to-pounds.htm,Convert grams to pounds,427691,96
inchcalculator.com,/height-converter/5ft-4in/,http://www.inchcalculator.com/height-converter/5ft-4in/,"What is 5' 4"" in Centimeters?",426300,7
timeanddate.com,/worldclock/usa/louisville,http://www.timeanddate.com/worldclock/usa/louisville,"Current Local Time in Louisville, Kentucky, USA",425826,92
inchcalculator.com,/height-converter/5ft-5in/,http://www.inchcalculator.com/height-converter/5ft-5in/,"What is 5' 5"" in Centimeters?",423783,12
timeanddate.com,/worldclock/usa/minneapolis,http://www.timeanddate.com/worldclock/usa/minneapolis,"Current Local Time in Minneapolis, Minnesota, USA",421840,140
timeanddate.com,/worldclock/italy,http://www.timeanddate.com/worldclock/italy,Time in Italy,421210,120
omnicalculator.com,/math/sphere-volume,http://www.omnicalculator.com/math/sphere-volume,Sphere Volume Calculator,420448,108
unitconverters.net,/speed/mph-to-kph.htm,http://www.unitconverters.net/speed/mph-to-kph.htm,Convert mph to kph,417365,113
calculatorsoup.com,/calculators/geometry-solids/sphere.php,http://www.calculatorsoup.com/calculators/geometry-solids/sphere.php,Sphere Calculator,416517,167
calculator.net,/square-footage-calculator.html,http://www.calculator.net/square-footage-calculator.html,Square Footage Calculator,415595,278
calculator.net,/bac-calculator.html,http://www.calculator.net/bac-calculator.html,Blood Alcohol Concentration (BAC) Calculator,414199,229
timeanddate.com,/worldclock/spain/barcelona,http://www.timeanddate.com/worldclock/spain/barcelona,"Current Local Time in Barcelona, Barcelona, Spain",414128,117
timeanddate.com,/time/zone/timezone/utc,http://www.timeanddate.com/time/zone/timezone/utc,"Time Zone in UTC, Time Zone (Coordinated Universal Time)",412915,174
calculator.net,/hours-calculator.html,http://www.calculator.net/hours-calculator.html,Hours Calculator,410814,394
unitconverters.net,/weight-and-mass/lbs-to-ton.htm,http://www.unitconverters.net/weight-and-mass/lbs-to-ton.htm,Convert lbs to ton,410400,67
timeanddate.com,/worldclock/usa/austin,http://www.timeanddate.com/worldclock/usa/austin,"Current Local Time in Austin, Texas, USA",409100,145
thecalculatorsite.com,/conversions/common/cm-to-feet-inches.php,http://www.thecalculatorsite.com/conversions/common/cm-to-feet-inches.php,Cm to Feet+Inches Converter (cm to ft),406705,366
calculatorsoup.com,/calculators/algebra/percentage-increase-calculator.php,http://www.calculatorsoup.com/calculators/algebra/percentage-increase-calculator.php,Percentage Increase Calculator,405411,395
unitconverters.net,/volume/liter-to-ounces.htm,http://www.unitconverters.net/volume/liter-to-ounces.htm,Convert liter to ounces,405237,63
rapidtables.com,/convert/weight/kg-to-gram.html,http://www.rapidtables.com/convert/weight/kg-to-gram.html,Kilograms to Grams converter (kg to g),404029,125
thecalculatorsite.com,/conversions/common/feet-inches-meters.php,http://www.thecalculatorsite.com/conversions/common/feet-inches-meters.php,Feet to Meters (ft to m) Conversion,399063,127
rapidtables.com,/convert/weight/kg-to-pound.html?x=20,http://www.rapidtables.com/convert/weight/kg-to-pound.html?x=20,20 kg to lbs conversion,394457,2
rapidtables.com,/convert/weight/kg-to-pound.html?x=50,http://www.rapidtables.com/convert/weight/kg-to-pound.html?x=50,50 kg to lbs conversion,394353,7
calculatorsoup.com,/calculators/construction/feetandinches.php,http://www.calculatorsoup.com/calculators/construction/feetandinches.php,Feet and Inches Calculator | Foot and Inch,393445,171
inchcalculator.com,/convert/cup-to-tablespoon/,http://www.inchcalculator.com/convert/cup-to-tablespoon/,Cups to Tablespoons Converter (c to tbsp),393132,26
omnicalculator.com,/conversion/ml-tsp-converter,http://www.omnicalculator.com/conversion/ml-tsp-converter,ml to tsp Converter,391986,22
inchcalculator.com,/height-converter/5ft-11in/,http://www.inchcalculator.com/height-converter/5ft-11in/,"What is 5' 11"" in Centimeters?",389533,20
timeanddate.com,/worldclock/pakistan,http://www.timeanddate.com/worldclock/pakistan,Current Local Time in Pakistan,386766,89
rapidtables.com,/convert/weight/pound-to-kg.html?x=200,http://www.rapidtables.com/convert/weight/pound-to-kg.html?x=200,200 lbs to kg conversion,386469,2
unitconverters.net,/length/feet-to-yards.htm,http://www.unitconverters.net/length/feet-to-yards.htm,Convert feet to yards,380372,70
rapidtables.com,/convert/weight/gram-to-mg.html,http://www.rapidtables.com/convert/weight/gram-to-mg.html,Grams to mg (g to mg) converter - Conversion,377933,273
unitconverters.net,/weight-and-mass/pounds-to-ounces.htm,http://www.unitconverters.net/weight-and-mass/pounds-to-ounces.htm,Convert pounds to ounces,377256,72
timeanddate.com,/worldclock/usa/colorado,http://www.timeanddate.com/worldclock/usa/colorado,"Current Local Time in Colorado, United States",376004,102
rapidtables.com,/convert/number/binary-to-ascii.html,http://www.rapidtables.com/convert/number/binary-to-ascii.html,Binary to Text Translator,375460,585
timeanddate.com,/worldclock/mexico/cancun,http://www.timeanddate.com/worldclock/mexico/cancun,"Current Local Time in Cancún, Quintana Roo, Mexico",374959,73
unitconverters.net,/length/feet-to-miles.htm,http://www.unitconverters.net/length/feet-to-miles.htm,Convert feet to miles,371136,124
calculator.net,/percent-off-calculator.html,http://www.calculator.net/percent-off-calculator.html,Percent Off Calculator,364595,415
calculator.net,/concrete-calculator.html,http://www.calculator.net/concrete-calculator.html,Concrete Calculator,362076,562
calculator.net,/salary-calculator.html,http://www.calculator.net/salary-calculator.html,Salary Calculator,360605,803
calculatorsoup.com,/calculators/algebra/percent-change-calculator.php,http://www.calculatorsoup.com/calculators/algebra/percent-change-calculator.php,Percentage Change Calculator,360507,344
calculator.net,/right-triangle-calculator.html,http://www.calculator.net/right-triangle-calculator.html,Right Triangle Calculator,359469,339
unitconverters.net,/weight-and-mass/grams-to-milligrams.htm,http://www.unitconverters.net/weight-and-mass/grams-to-milligrams.htm,Convert grams to milligrams,359466,62
unitconverters.net,/area/acres-to-square-feet.htm,http://www.unitconverters.net/area/acres-to-square-feet.htm,Convert acres to square feet,358763,106
timeanddate.com,/date/timeduration.html,http://www.timeanddate.com/date/timeduration.html,Time Calculator: Duration Between Two Times and Dates,358166,703
timeanddate.com,/worldclock/portugal/lisbon,http://www.timeanddate.com/worldclock/portugal/lisbon,"Current Local Time in Lisbon, Portugal (Lisboa)",357841,172
rapidtables.com,/convert/weight/pound-to-kg.html?x=130,http://www.rapidtables.com/convert/weight/pound-to-kg.html?x=130,130 lbs to kg conversion,355932,0
timeanddate.com,/worldclock/usa/oklahoma-city,http://www.timeanddate.com/worldclock/usa/oklahoma-city,"Current Local Time in Oklahoma City, Oklahoma, USA",355445,65
omnicalculator.com,/conversion/quarts-to-cups-converter,http://www.omnicalculator.com/conversion/quarts-to-cups-converter,Quarts to Cups Converter,355055,10
omnicalculator.com,/math/area-of-a-circle,http://www.omnicalculator.com/math/area-of-a-circle,Area of a Circle Calculator,349950,185
rapidtables.com,/convert/weight/mg-to-gram.html,http://www.rapidtables.com/convert/weight/mg-to-gram.html,mg to grams converter (mg to g) - Conversion,348270,248
unitconverters.net,/area/square-feet-to-square-meter.htm,http://www.unitconverters.net/area/square-feet-to-square-meter.htm,Convert square feet to square meter,344281,103
rapidtables.com,/convert/weight/pound-to-kg.html?x=120,http://www.rapidtables.com/convert/weight/pound-to-kg.html?x=120,120 lbs to kg conversion,344044,0
calculatorsoup.com,/calculators/conversions/kelvin-to-celsius.php,http://www.calculatorsoup.com/calculators/conversions/kelvin-to-celsius.php,Kelvin to Celsius | K to °C,344011,14
calculator.net,/circle-calculator.html,http://www.calculator.net/circle-calculator.html,Circle Calculator,343385,236
timeanddate.com,/holidays/us/easter-sunday,http://www.timeanddate.com/holidays/us/easter-sunday,Easter Sunday 2027 in the United States - Holidays,342734,372
rapidtables.com,/convert/length/inch-to-feet-inch.html,http://www.rapidtables.com/convert/length/inch-to-feet-inch.html,Inches to Feet+Inches (in to ft+in) conversion calculator,342158,19
timeanddate.com,/worldclock/saudi-arabia,http://www.timeanddate.com/worldclock/saudi-arabia,Current Local Time in Saudi Arabia,341126,85
timeanddate.com,/worldclock/brazil/sao-paulo,http://www.timeanddate.com/worldclock/brazil/sao-paulo,"Current Local Time in São Paulo, São Paulo, Brazil",338772,178
timeanddate.com,/time/zone/usa/michigan,http://www.timeanddate.com/time/zone/usa/michigan,"Time Zones in Michigan, United States",338148,72
inchcalculator.com,/convert/gallon-to-fluid-ounce/,http://www.inchcalculator.com/convert/gallon-to-fluid-ounce/,Gallons to Fluid Ounces Converter (gal to fl oz),337625,23
timeanddate.com,/worldclock/usa/kansas-city,http://www.timeanddate.com/worldclock/usa/kansas-city,"Current Local Time in Kansas City, Missouri, USA",336933,83
calculatorsoup.com,/calculators/conversions/square-feet-to-acres.php,http://www.calculatorsoup.com/calculators/conversions/square-feet-to-acres.php,Convert Square Feet to Acres,336631,6
inchcalculator.com,/what-is-todays-date/,http://www.inchcalculator.com/what-is-todays-date/,What Is Today's Date?,335893,41
timeanddate.com,/worldclock/usa/illinois,http://www.timeanddate.com/worldclock/usa/illinois,"Current Local Time in Illinois, United States",335001,71
timeanddate.com,/worldclock/usa/detroit,http://www.timeanddate.com/worldclock/usa/detroit,"Current Local Time in Detroit, Michigan, USA",334946,144
thecalculatorsite.com,/conversions/common/height-converter.php,http://www.thecalculatorsite.com/conversions/common/height-converter.php,"Height Converter - cm, meters, feet and inches",334616,299
timeanddate.com,/worldclock/south-africa,http://www.timeanddate.com/worldclock/south-africa,Time in South Africa,334552,97
rapidtables.com,/convert/weight/kg-to-pound.html?x=40,http://www.rapidtables.com/convert/weight/kg-to-pound.html?x=40,40 kg to lbs conversion,331425,2
timeanddate.com,/time/zone/usa/ohio,http://www.timeanddate.com/time/zone/usa/ohio,"Time Zones in Ohio, United States",331411,85
timeanddate.com,/worldclock/israel/jerusalem,http://www.timeanddate.com/worldclock/israel/jerusalem,"Current Local Time in Jerusalem, Israel",329250,157
timeanddate.com,/worldclock/usa/georgia,http://www.timeanddate.com/worldclock/usa/georgia,"Current Local Time in Georgia, United States",328395,50
rapidtables.com,/convert/weight/kg-to-pound.html?x=55,http://www.rapidtables.com/convert/weight/kg-to-pound.html?x=55,55 kg to lbs conversion,327316,6
calculatorsoup.com,/calculators/math/fraction-to-decimal-calculator.php,http://www.calculatorsoup.com/calculators/math/fraction-to-decimal-calculator.php,Fraction to Decimal Calculator,325497,221
omnicalculator.com,/math/circumference,http://www.omnicalculator.com/math/circumference,Circumference Calculator,324475,405
thecalculatorsite.com,/cooking/grams-cups.php,http://www.thecalculatorsite.com/cooking/grams-cups.php,Grams to Cups Converter,323937,190
unitconverters.net,/data-storage/kb-to-gb.htm,http://www.unitconverters.net/data-storage/kb-to-gb.htm,Convert KB to GB,321842,94
timeanddate.com,/worldclock/nigeria,http://www.timeanddate.com/worldclock/nigeria,Current Local Time in Nigeria,321495,76
unitconverters.net,/volume/liter-to-gallon-uk.htm,http://www.unitconverters.net/volume/liter-to-gallon-uk.htm,Convert Liter to Gallon (UK),320945,3
timeanddate.com,/time/zones/pt,http://www.timeanddate.com/time/zones/pt,Pacific Time – PT Time Zone,319304,267
unitconverters.net,/length/miles-to-meters.htm,http://www.unitconverters.net/length/miles-to-meters.htm,Convert miles to meters,319304,72
timeanddate.com,/worldclock/ireland/dublin,http://www.timeanddate.com/worldclock/ireland/dublin,"Current Local Time in Dublin, Ireland",317791,175
timeanddate.com,/time/zone/uk,http://www.timeanddate.com/time/zone/uk,Time Zones in the United Kingdom,317709,272
timeanddate.com,/worldclock/usa/new-orleans,http://www.timeanddate.com/worldclock/usa/new-orleans,"Current Local Time in New Orleans, Louisiana, USA",315672,102
timeanddate.com,/worldclock/vietnam,http://www.timeanddate.com/worldclock/vietnam,Current Local Time in Vietnam - World Clock,315107,73
inchcalculator.com,/convert/fluid-ounce-to-quart/,http://www.inchcalculator.com/convert/fluid-ounce-to-quart/,Fluid Ounces to Quarts Converter (fl oz to qt),314316,34
unitconverters.net,/weight-and-mass/pounds-to-grams.htm,http://www.unitconverters.net/weight-and-mass/pounds-to-grams.htm,Convert pounds to grams,314129,52
inchcalculator.com,/convert/tablespoon-to-gram/,http://www.inchcalculator.com/convert/tablespoon-to-gram/,Tablespoons to Grams Converter - (tbsp to g),313305,45
timeanddate.com,/worldclock/usa/boston,http://www.timeanddate.com/worldclock/usa/boston,"Current Local Time in Boston, Massachusetts, USA",312786,171
inchcalculator.com,/convert/ounce-to-teaspoon/,http://www.inchcalculator.com/convert/ounce-to-teaspoon/,Ounces to Teaspoons Converter - (oz to tsp),311493,13
timeanddate.com,/worldclock/usa/san-antonio,http://www.timeanddate.com/worldclock/usa/san-antonio,"Current Local Time in San Antonio, Texas, USA",310931,78
timeanddate.com,/time/zone/usa/arizona,http://www.timeanddate.com/time/zone/usa/arizona,"Time Zones in Arizona, United States",310708,188
calculatorsoup.com,/calculators/statistics/mean-median-mode.php,http://www.calculatorsoup.com/calculators/statistics/mean-median-mode.php,"Mean, Median, Mode Calculator",310010,367
calculator.net,/conversion-calculator.html,http://www.calculator.net/conversion-calculator.html,Conversion Calculator,308768,659
calculator.net,/tip-calculator.html,http://www.calculator.net/tip-calculator.html,Tip Calculator,308064,320
timeanddate.com,/worldclock/usa/new-jersey,http://www.timeanddate.com/worldclock/usa/new-jersey,"Current Local Time in New Jersey, United States",306673,90
thecalculatorsite.com,/cooking/teaspoons-grams.php,http://www.thecalculatorsite.com/cooking/teaspoons-grams.php,Teaspoons to Grams Converter (tsp to g),306086,164
thecalculatorsite.com,/conversions/common/meters-to-feet-inches.php,http://www.thecalculatorsite.com/conversions/common/meters-to-feet-inches.php,Meters to Feet and Inches (m to ft) Conversion,304788,196
omnicalculator.com,/conversion/quarts-to-gallons-converter,http://www.omnicalculator.com/conversion/quarts-to-gallons-converter,Quarts to Gallons Converter,302676,8
rapidtables.com,/convert/length/feet-inch-to-cm.html,http://www.rapidtables.com/convert/length/feet-inch-to-cm.html,Feet+Inches to CM (ft+in to cm) Converter,301393,142
rapidtables.com,/convert/weight/pound-to-kg.html?x=160,http://www.rapidtables.com/convert/weight/pound-to-kg.html?x=160,160 lbs to kg conversion,301109,0
rapidtables.com,/convert/weight/pound-to-kg.html?x=100,http://www.rapidtables.com/convert/weight/pound-to-kg.html?x=100,100 lbs to kg conversion,301050,2
inchcalculator.com,/height-converter/5ft-3in/,http://www.inchcalculator.com/height-converter/5ft-3in/,"What is 5' 3"" in Centimeters?",297906,6
rapidtables.com,/convert/weight/pound-to-kg.html?x=170,http://www.rapidtables.com/convert/weight/pound-to-kg.html?x=170,170 lbs to kg conversion,297068,1
rapidtables.com,/convert/weight/pound-to-stone.html,http://www.rapidtables.com/convert/weight/pound-to-stone.html,Pounds to Stones converter (lbs to st) | Weight conversion,296916,68
calculator.net,/average-calculator.html,http://www.calculator.net/average-calculator.html,Average Calculator,296508,279
timeanddate.com,/worldclock/usa/north-carolina,http://www.timeanddate.com/worldclock/usa/north-carolina,"Current Local Time in North Carolina, United States",296281,111
rapidtables.com,/convert/weight/kg-to-pound.html?x=90,http://www.rapidtables.com/convert/weight/kg-to-pound.html?x=90,90 kg to lbs conversion,293542,21
thecalculatorsite.com,/conversions/common/kg-to-pounds-ounces.php,http://www.thecalculatorsite.com/conversions/common/kg-to-pounds-ounces.php,"Kilograms to Pounds (and Ounces) Converter (kg, lbs)",292495,221
calculator.net,/area-calculator.html,http://www.calculator.net/area-calculator.html,Area Calculator,291485,584
calculator.net,/bra-size-calculator.html,http://www.calculator.net/bra-size-calculator.html,Bra Size Calculator,290395,512
calculatorsoup.com,/calculators/conversions/minutes-to-hours.php,http://www.calculatorsoup.com/calculators/conversions/minutes-to-hours.php,Minutes to Hours Converter,287639,201
timeanddate.com,/time/zone/uk/london,http://www.timeanddate.com/time/zone/uk/london,"Time Zone in London, England, United Kingdom",286922,253
calculatorsoup.com,/calculators/math/speed-distance-time-calculator.php,http://www.calculatorsoup.com/calculators/math/speed-distance-time-calculator.php,Speed Distance Time Calculator,284757,355
timeanddate.com,/worldclock/usa/st-louis,http://www.timeanddate.com/worldclock/usa/st-louis,"Current Local Time in St. Louis, Missouri, USA",283310,98
timeanddate.com,/countdown/newyear,http://www.timeanddate.com/countdown/newyear,Countdown to New Year 2027,282913,465
timeanddate.com,/worldclock/usa/san-francisco,http://www.timeanddate.com/worldclock/usa/san-francisco,"Current Local Time in San Francisco, California, USA",278994,298
timeanddate.com,/worldclock/malaysia/kuala-lumpur,http://www.timeanddate.com/worldclock/malaysia/kuala-lumpur,"Current Local Time in Kuala Lumpur, Malaysia",278889,179
rapidtables.com,/convert/weight/pound-to-kg.html?x=180,http://www.rapidtables.com/convert/weight/pound-to-kg.html?x=180,180 lbs to kg conversion,276492,0
timeanddate.com,/worldclock/poland,http://www.timeanddate.com/worldclock/poland,Time in Poland,276182,82
inchcalculator.com,/height-converter/5ft-10in/,http://www.inchcalculator.com/height-converter/5ft-10in/,"What is 5' 10"" in Centimeters?",273696,8
rapidtables.com,/convert/weight/kg-to-pound.html?x=10,http://www.rapidtables.com/convert/weight/kg-to-pound.html?x=10,10 kg to lbs conversion,272465,6
unitconverters.net,/data-storage/mb-to-gb.htm,http://www.unitconverters.net/data-storage/mb-to-gb.htm,Convert MB to GB - Data Storage Conversion,271472,107
unitconverters.net,/length/meters-to-inches.htm,http://www.unitconverters.net/length/meters-to-inches.htm,Convert meters to inches,270182,97
calculator.net,/investment-calculator.html,http://www.calculator.net/investment-calculator.html,Investment Calculator,270177,797
thecalculatorsite.com,/cooking/cups-ounces.php,http://www.thecalculatorsite.com/cooking/cups-ounces.php,Ounces (oz) to Cups Converter,267031,168
timeanddate.com,/worldclock/usa/alaska,http://www.timeanddate.com/worldclock/usa/alaska,"Current Local Time in Alaska, United States",266731,65
timeanddate.com,/calendar/?country=1&year=2025,http://www.timeanddate.com/calendar/?country=1&year=2025,Year 2025 Calendar – United States,265873,0
unitconverters.net,/length/meters-to-yards.htm,http://www.unitconverters.net/length/meters-to-yards.htm,Convert meters to yards,265067,97
rapidtables.com,/convert/weight/pound-to-kg.html?x=140,http://www.rapidtables.com/convert/weight/pound-to-kg.html?x=140,140 lbs to kg conversion,263625,0
inchcalculator.com,/height-converter/5ft-7in-to-inches/,http://www.inchcalculator.com/height-converter/5ft-7in-to-inches/,"What is 5' 7"" in Inches?",263070,1
unitconverters.net,/time/milliseconds-to-seconds.htm,http://www.unitconverters.net/time/milliseconds-to-seconds.htm,Convert milliseconds to seconds,261287,53
calculatorsoup.com,/calculators/math/lcm.php,http://www.calculatorsoup.com/calculators/math/lcm.php,Least Common Multiple LCM Calculator,261106,241
inchcalculator.com,/height-converter/5ft-8in/,http://www.inchcalculator.com/height-converter/5ft-8in/,"What is 5' 8"" in Centimeters?",258863,12
widgetly.co,/time/90-days-from-today,http://www.widgetly.co/time/90-days-from-today,What is 90 Days From Today?,257903,5
timeanddate.com,/worldclock/usa/new-mexico,http://www.timeanddate.com/worldclock/usa/new-mexico,"Current Local Time in New Mexico, United States",257827,54
timeanddate.com,/time/zone/usa/colorado,http://www.timeanddate.com/time/zone/usa/colorado,"Time Zones in Colorado, United States",256414,81
unitconverters.net,/length/yards-to-miles.htm,http://www.unitconverters.net/length/yards-to-miles.htm,Convert yards to miles,254744,40
calculator.net,/body-fat-calculator.html,http://www.calculator.net/body-fat-calculator.html,Body Fat Calculator,254020,1251
timeanddate.com,/worldclock/usa/portland-or,http://www.timeanddate.com/worldclock/usa/portland-or,"Current Local Time in Portland, Oregon, USA",253282,123
rapidtables.com,/convert/weight/kg-to-pound.html?x=85,http://www.rapidtables.com/convert/weight/kg-to-pound.html?x=85,85 kg to lbs conversion,252643,11
unitconverters.net,/volume/gallon-to-quart.htm,http://www.unitconverters.net/volume/gallon-to-quart.htm,Convert gallon to quart,250725,35
timeanddate.com,/worldclock/japan,http://www.timeanddate.com/worldclock/japan,Current Local Time in Japan,250450,288
timeanddate.com,/worldclock/usa/maryland,http://www.timeanddate.com/worldclock/usa/maryland,"Current Local Time in Maryland, United States",249846,72
rapidtables.com,/convert/length/km-to-feet.html,http://www.rapidtables.com/convert/length/km-to-feet.html,Kilometers to Feet Converter,249409,49
calculator.net,/distance-calculator.html,http://www.calculator.net/distance-calculator.html,Distance Calculator,249328,394
timeanddate.com,/worldclock/united-arab-emirates,http://www.timeanddate.com/worldclock/united-arab-emirates,Current Local Time in United Arab Emirates,249296,70
omnicalculator.com,/conversion/kilometers-to-miles,http://www.omnicalculator.com/conversion/kilometers-to-miles,Kilometers to Miles Calculator,248445,31
widgetly.co,/time/60-days-from-today,http://www.widgetly.co/time/60-days-from-today,What is 60 Days From Today?,248175,3
gigacalculator.com,/calculators/height-comparison.php,http://www.gigacalculator.com/calculators/height-comparison.php,Height Comparison (With Visual Chart),247265,19
rapidtables.com,/convert/length/cm-to-inch.html?x=15,http://www.rapidtables.com/convert/length/cm-to-inch.html?x=15,15 cm to inches conversion,246862,3
omnicalculator.com,/math/arc-length,http://www.omnicalculator.com/math/arc-length,Arc Length Calculator,244807,211
timeanddate.com,/worldclock/taiwan/taipei,http://www.timeanddate.com/worldclock/taiwan/taipei,"Current Local Time in Taipei, Taiwan",244391,364
inchcalculator.com,/convert/tablespoon-to-ounce/,http://www.inchcalculator.com/convert/tablespoon-to-ounce/,Tablespoons to Ounces Converter - (tbsp to oz),243002,6
timeanddate.com,/time/zones/cdt,http://www.timeanddate.com/time/zones/cdt,Central Daylight Time – CDT Time Zone,242825,589
timeanddate.com,/worldclock/usa/washington,http://www.timeanddate.com/worldclock/usa/washington,"Current Local Time in Washington, United States",241851,56
timeanddate.com,/worldclock/usa/missouri,http://www.timeanddate.com/worldclock/usa/missouri,"Time in Missouri, United States",240784,61
inchcalculator.com,/convert/milliliter-to-gram/,http://www.inchcalculator.com/convert/milliliter-to-gram/,Milliliters to Grams Converter - (mL to g),238349,75
timeanddate.com,/worldclock/russia/moscow,http://www.timeanddate.com/worldclock/russia/moscow,"Current Local Time in Moscow, Russia (Moskva)",237820,266
rapidtables.com,/convert/length/mile-to-feet.html,http://www.rapidtables.com/convert/length/mile-to-feet.html,Miles to Feet (ft) Converter,235408,42
timeanddate.com,/worldclock/norway/oslo,http://www.timeanddate.com/worldclock/norway/oslo,"Current Local Time in Oslo, Norway",234524,176
timeanddate.com,/worldclock/ghana/accra,http://www.timeanddate.com/worldclock/ghana/accra,"Current Local Time in Accra, Ghana",234394,79
thecalculatorsite.com,/cooking/grams-teaspoons.php,http://www.thecalculatorsite.com/cooking/grams-teaspoons.php,Grams to Teaspoons Converter (g to tsp),234030,173
timeanddate.com,/worldclock/switzerland,http://www.timeanddate.com/worldclock/switzerland,Time in Switzerland,233790,67
unitconverters.net,/time/days-to-seconds.htm,http://www.unitconverters.net/time/days-to-seconds.htm,Convert days to seconds,233124,16
thecalculatorsite.com,/cooking/grams-tablespoons.php,http://www.thecalculatorsite.com/cooking/grams-tablespoons.php,Grams to Tablespoons Converter (g to tbsp),233096,181
inchcalculator.com,/convert/gallon-to-pound/,http://www.inchcalculator.com/convert/gallon-to-pound/,Gallons to Pounds Converter - (gal to lb),233036,18
timeanddate.com,/time/zone/usa/georgia,http://www.timeanddate.com/time/zone/usa/georgia,"Time Zones in Georgia, United States",231217,61
rapidtables.com,/convert/weight/gram-to-kg.html,http://www.rapidtables.com/convert/weight/gram-to-kg.html,Grams to Kilograms (g to kg) converter,231121,115
timeanddate.com,/worldclock/usa/south-carolina,http://www.timeanddate.com/worldclock/usa/south-carolina,"Current Local Time in South Carolina, United States",230560,41
calculatorsoup.com,/calculators/conversions/numberstowords.php,http://www.calculatorsoup.com/calculators/conversions/numberstowords.php,Numbers to Words Converter,230499,283
timeanddate.com,/worldclock/qatar/doha,http://www.timeanddate.com/worldclock/qatar/doha,"Current Local Time in Doha, Qatar (Ad Dawhah)",229723,99
inchcalculator.com,/height-converter/160cm/,http://www.inchcalculator.com/height-converter/160cm/,What is 160 cm in Feet and Inches?,229148,2
inchcalculator.com,/convert/teaspoon-to-ounce/,http://www.inchcalculator.com/convert/teaspoon-to-ounce/,Teaspoons to Ounces Converter - (tsp to oz),227548,7
timeanddate.com,/worldclock/usa/pennsylvania,http://www.timeanddate.com/worldclock/usa/pennsylvania,"Current Local Time in Pennsylvania, United States",227412,78
timeanddate.com,/holidays/us/halloween,http://www.timeanddate.com/holidays/us/halloween,Halloween 2026 in the United States,226882,325
rapidtables.com,/convert/length/mile-to-km.html,http://www.rapidtables.com/convert/length/mile-to-km.html,Miles to km conversion,225152,208
omnicalculator.com,/conversion/tbsp-to-ml,http://www.omnicalculator.com/conversion/tbsp-to-ml,Tbsp to ml Converter,224960,13
unitconverters.net,/length/inches-to-yards.htm,http://www.unitconverters.net/length/inches-to-yards.htm,Convert inches to yards,224343,52
timeanddate.com,/worldclock/sweden,http://www.timeanddate.com/worldclock/sweden,Time in Sweden,223858,83
calculator.net,/fuel-cost-calculator.html,http://www.calculator.net/fuel-cost-calculator.html,Fuel Cost Calculator,222234,399
timeanddate.com,/weather/usa/new-york/historic,http://www.timeanddate.com/weather/usa/new-york/historic,"Past Weather in New York, New York, USA — Yesterday or ...",221983,185
timeanddate.com,/weather/usa/new-york/ext,http://www.timeanddate.com/weather/usa/new-york/ext,New York 14 Day Extended Forecast - Weather,219788,160
timeanddate.com,/worldclock/colombia,http://www.timeanddate.com/worldclock/colombia,Current Local Time in Colombia,219358,58
inchcalculator.com,/convert/foot-to-inch/,http://www.inchcalculator.com/convert/foot-to-inch/,Feet to Inches Converter (ft to in) - Conversion,219038,100
timeanddate.com,/holidays/us/memorial-day,http://www.timeanddate.com/holidays/us/memorial-day,Memorial Day 2027 in the United States,217569,431
calculatorsoup.com,/calculators/math/roundingnumbers.php,http://www.calculatorsoup.com/calculators/math/roundingnumbers.php,Rounding Numbers Calculator,217002,362
timeanddate.com,/worldclock/usa/el-paso,http://www.timeanddate.com/worldclock/usa/el-paso,"Current Local Time in El Paso, Texas, USA",215748,63
calculatorsoup.com,/calculators/math/decimal-to-fraction-calculator.php,http://www.calculatorsoup.com/calculators/math/decimal-to-fraction-calculator.php,Decimal to Fraction Calculator,215465,273
timeanddate.com,/holidays/us/new-year-day,http://www.timeanddate.com/holidays/us/new-year-day,New Year's Day 2027 in the United States,213046,230
timeanddate.com,/time/zone/usa/tennessee,http://www.timeanddate.com/time/zone/usa/tennessee,"Time Zones in Tennessee, United States",212913,98
omnicalculator.com,/conversion/pixels-to-inches,http://www.omnicalculator.com/conversion/pixels-to-inches,Pixels to Inches Converter,211965,92
timeanddate.com,/worldclock/nepal/kathmandu,http://www.timeanddate.com/worldclock/nepal/kathmandu,"Current Local Time in Kathmandu, Nepal (Katmandu)",210096,104
rapidtables.com,/convert/weight/pound-to-kg.html?x=5,http://www.rapidtables.com/convert/weight/pound-to-kg.html?x=5,5 lbs to kg conversion,209710,0
timeanddate.com,/worldclock/usa/virginia,http://www.timeanddate.com/worldclock/usa/virginia,"Current Local Time in Virginia, United States",209052,57
timeanddate.com,/worldclock/usa/kansas,http://www.timeanddate.com/worldclock/usa/kansas,"Current Local Time in Kansas, United States",208924,36
omnicalculator.com,/conversion/nm-to-m-conversion,http://www.omnicalculator.com/conversion/nm-to-m-conversion,nm to m Converter,208099,4
omnicalculator.com,/conversion/meter-to-mile-conversion,http://www.omnicalculator.com/conversion/meter-to-mile-conversion,Meter To Mile Converter,207373,5
timeanddate.com,/sun/usa/san-diego,http://www.timeanddate.com/sun/usa/san-diego,Sunrise and sunset times in San Diego,207326,97
timeanddate.com,/worldclock/india/mumbai,http://www.timeanddate.com/worldclock/india/mumbai,"Current Local Time in Mumbai, Maharashtra, India (Bombay)",206987,131
timeanddate.com,/time/zone/india,http://www.timeanddate.com/time/zone/india,Time Zones in India,206688,326
unitconverters.net,/volume/quart-to-gallon.htm,http://www.unitconverters.net/volume/quart-to-gallon.htm,Convert quart to gallon,206210,36
unitconverters.net,/weight-and-mass/grams-to-ounces.htm,http://www.unitconverters.net/weight-and-mass/grams-to-ounces.htm,Convert grams to ounces,205946,138
timeanddate.com,/time/zones/mt,http://www.timeanddate.com/time/zones/mt,Mountain Time – MT Time Zone,205485,152
timeanddate.com,/worldclock/egypt/cairo,http://www.timeanddate.com/worldclock/egypt/cairo,"Current Local Time in Cairo, Egypt (Al Qâhirah)",204758,169
timeanddate.com,/worldclock/puerto-rico/san-juan,http://www.timeanddate.com/worldclock/puerto-rico/san-juan,"Current Local Time in San Juan, Puerto Rico",204106,103
rapidtables.com,/convert/length/feet-inch-to-inch.html,http://www.rapidtables.com/convert/length/feet-inch-to-inch.html,Feet+Inches to Inches (ft+in to in) conversion calculator,203282,12
timeanddate.com,/eclipse/,http://www.timeanddate.com/eclipse/,Solar & Lunar Eclipses Worldwide,202955,1095
timeanddate.com,/worldclock/usa/charlotte,http://www.timeanddate.com/worldclock/usa/charlotte,"Current Local Time in Charlotte, North Carolina, USA",202303,85
timeanddate.com,/worldclock/usa/alabama,http://www.timeanddate.com/worldclock/usa/alabama,"Current Local Time in Alabama, United States",202026,56
timeanddate.com,/worldclock/usa/omaha,http://www.timeanddate.com/worldclock/usa/omaha,"Current Local Time in Omaha, Nebraska, USA",200963,54
inchcalculator.com,/height-converter/5ft-6in-to-inches/,http://www.inchcalculator.com/height-converter/5ft-6in-to-inches/,"What is 5' 6"" in Inches?",199812,0
timeanddate.com,/worldclock/indonesia/jakarta,http://www.timeanddate.com/worldclock/indonesia/jakarta,"Current Local Time in Jakarta, Jakarta Special Capital ...",199558,120
calculator.net,/tire-size-calculator.html,http://www.calculator.net/tire-size-calculator.html,Tire Size Calculator,198851,185
rapidtables.com,/convert/weight/pound-to-kg.html?x=190,http://www.rapidtables.com/convert/weight/pound-to-kg.html?x=190,190 lbs to kg conversion,198694,1
timeanddate.com,/worldclock/usa/philadelphia,http://www.timeanddate.com/worldclock/usa/philadelphia,"Current Local Time in Philadelphia, Pennsylvania, USA",198427,124
calculator.net,/z-score-calculator.html,http://www.calculator.net/z-score-calculator.html,Z-score Calculator,197853,281
rapidtables.com,/convert/number/radians-to-degrees.html,http://www.rapidtables.com/convert/number/radians-to-degrees.html,Radians to Degrees conversion calculator,197399,151
timeanddate.com,/worldclock/uganda/kampala,http://www.timeanddate.com/worldclock/uganda/kampala,"Current Local Time in Kampala, Uganda",197369,55
calculator.net,/lcm-calculator.html,http://www.calculator.net/lcm-calculator.html,Least Common Multiple Calculator,197009,150
inchcalculator.com,/height-converter/5ft-5in-to-inches/,http://www.inchcalculator.com/height-converter/5ft-5in-to-inches/,"What is 5' 5"" in Inches?",196127,0
unitconverters.net,/area/square-meter-to-square-feet.htm,http://www.unitconverters.net/area/square-meter-to-square-feet.htm,Convert square meter to square feet,195625,42
timeanddate.com,/worldclock/brazil,http://www.timeanddate.com/worldclock/brazil,Time in Brazil,195453,95
inchcalculator.com,/convert/gram-to-milliliter/,http://www.inchcalculator.com/convert/gram-to-milliliter/,Grams to Milliliters Converter - (g to mL),194642,26
rapidtables.com,/convert/weight/kg-to-pound.html?x=8,http://www.rapidtables.com/convert/weight/kg-to-pound.html?x=8,8 kg to lbs conversion,194614,0
inchcalculator.com,/height-converter/5ft-8in-to-inches/,http://www.inchcalculator.com/height-converter/5ft-8in-to-inches/,"What is 5' 8"" in Inches?",192150,0
timeanddate.com,/worldclock/usa/montana,http://www.timeanddate.com/worldclock/usa/montana,"Time in Montana, United States",192023,52
unitconverters.net,/length/cm-to-km.htm,http://www.unitconverters.net/length/cm-to-km.htm,Convert cm to km,191554,46
unitconverters.net,/length/miles-to-feet.htm,http://www.unitconverters.net/length/miles-to-feet.htm,Convert miles to feet,191509,100
timeanddate.com,/worldclock/australia/brisbane,http://www.timeanddate.com/worldclock/australia/brisbane,"Current Local Time in Brisbane, Queensland, Australia",191144,250
rapidtables.com,/convert/length/cm-to-inch.html?x=50,http://www.rapidtables.com/convert/length/cm-to-inch.html?x=50,50 cm to inches conversion,190581,8
timeanddate.com,/calendar/autumnal-equinox.html,http://www.timeanddate.com/calendar/autumnal-equinox.html,When Is the First Day of Fall 2026/2027?,189964,580
calculatorsoup.com,/calculators/conversions/pounds-to-kilograms.php,http://www.calculatorsoup.com/calculators/conversions/pounds-to-kilograms.php,lb to kg | Pounds to Kilograms Conversion,188926,105
unitconverters.net,/data-storage/kb-to-mb.htm,http://www.unitconverters.net/data-storage/kb-to-mb.htm,Convert KB to MB,188923,88
timeanddate.com,/time/zone/usa/utah,http://www.timeanddate.com/time/zone/usa/utah,"Time Zones in Utah, United States",185921,65
rapidtables.com,/convert/length/feet-to-yard.html,http://www.rapidtables.com/convert/length/feet-to-yard.html,Feet to Yards Converter - yd,183827,49
inchcalculator.com,/height-converter/5ft-10in-to-inches/,http://www.inchcalculator.com/height-converter/5ft-10in-to-inches/,"What is 5' 10"" in Inches?",183492,1
timeanddate.com,/worldclock/usa/tucson,http://www.timeanddate.com/worldclock/usa/tucson,"Current Local Time in Tucson, Arizona, USA",182065,114
inchcalculator.com,/height-converter/6ft-2in/,http://www.inchcalculator.com/height-converter/6ft-2in/,"What is 6' 2"" in Centimeters?",181752,6
omnicalculator.com,/conversion/lbs-to-kg-converter,http://www.omnicalculator.com/conversion/lbs-to-kg-converter,lbs to kg converter,181494,36
timeanddate.com,/worldclock/italy/milan,http://www.timeanddate.com/worldclock/italy/milan,"Current Local Time in Milan, Italy (Milano)",179735,72
inchcalculator.com,/convert/fluid-ounce-to-milliliter/,http://www.inchcalculator.com/convert/fluid-ounce-to-milliliter/,Fluid Ounces to Milliliters Converter (fl oz to mL),178806,117
thecalculatorsite.com,/conversions/height/175cm,http://www.thecalculatorsite.com/conversions/height/175cm,What is 175 cm in Feet and Inches?,178700,57
timeanddate.com,/worldclock/canada,http://www.timeanddate.com/worldclock/canada,Time in Canada,178553,185
inchcalculator.com,/height-converter/6ft-3in/,http://www.inchcalculator.com/height-converter/6ft-3in/,"What is 6' 3"" in Centimeters?",178315,4
timeanddate.com,/time/change/usa/california,http://www.timeanddate.com/time/change/usa/california,"Daylight Saving Time 2026 in California, United States",178229,84
calculatorsoup.com,/calculators/algebra/percent-difference-calculator.php,http://www.calculatorsoup.com/calculators/algebra/percent-difference-calculator.php,Percentage Difference Calculator,177645,434
rapidtables.com,/convert/length/meter-to-inch.html,http://www.rapidtables.com/convert/length/meter-to-inch.html,Meters to Inches (m to in) conversion calculator,177098,128
unitconverters.net,/volume/milliliter-to-fluid-ounce-us.htm,http://www.unitconverters.net/volume/milliliter-to-fluid-ounce-us.htm,Convert Milliliter to Fluid Ounce (US),176679,54
omnicalculator.com,/conversion/hours-to-days,http://www.omnicalculator.com/conversion/hours-to-days,Hours to Days Calculator | Table & Formula,176659,25
inchcalculator.com,/height-converter/6ft-1in/,http://www.inchcalculator.com/height-converter/6ft-1in/,"What is 6' 1"" in Centimeters?",176655,12
timeanddate.com,/worldclock/denmark/copenhagen,http://www.timeanddate.com/worldclock/denmark/copenhagen,"Current Local Time in Copenhagen, Denmark (København)",175855,120
timeanddate.com,/worldclock/uk/edinburgh,http://www.timeanddate.com/worldclock/uk/edinburgh,"Current Local Time in Edinburgh, Scotland, United Kingdom",174990,73
timeanddate.com,/worldclock/colombia/bogota,http://www.timeanddate.com/worldclock/colombia/bogota,"Current Local Time in Bogota, Colombia",174983,125
rapidtables.com,/convert/weight/kg-to-pound.html?x=75,http://www.rapidtables.com/convert/weight/kg-to-pound.html?x=75,75 kg to lbs conversion,173660,1
unitconverters.net,/volume/gallon-to-ml.htm,http://www.unitconverters.net/volume/gallon-to-ml.htm,Convert gallon to ml,173590,59
timeanddate.com,/worldclock/iran/tehran,http://www.timeanddate.com/worldclock/iran/tehran,"Current Local Time in Tehran, Iran",173552,147
rapidtables.com,/convert/weight/kg-to-pound.html?x=15,http://www.rapidtables.com/convert/weight/kg-to-pound.html?x=15,15 kg to lbs conversion,173429,3
calculator.net,/interest-calculator.html,http://www.calculator.net/interest-calculator.html,Interest Calculator,172797,495
timeanddate.com,/worldclock/mexico/cabo-san-lucas,http://www.timeanddate.com/worldclock/mexico/cabo-san-lucas,"Current Local Time in Cabo San Lucas, Baja California Sur ...",172199,22
inchcalculator.com,/convert/ounce-to-tablespoon/,http://www.inchcalculator.com/convert/ounce-to-tablespoon/,Ounces to Tablespoons Converter - (oz to tbsp),172003,6
unitconverters.net,/length/cm-to-feet.htm,http://www.unitconverters.net/length/cm-to-feet.htm,Convert cm to feet,171772,195
timeanddate.com,/worldclock/peru/lima,http://www.timeanddate.com/worldclock/peru/lima,"Current Local Time in Lima, Lima, Peru",170861,102
rapidtables.com,/convert/length/cm-to-inch.html?x=30,http://www.rapidtables.com/convert/length/cm-to-inch.html?x=30,30 cm to inches conversion,170856,7
timeanddate.com,/moon/,http://www.timeanddate.com/moon/,Moonrise and Moonset Calculator — City Lookup,169058,1746
thecalculatorsite.com,/conversions/common/feet-inches.php,http://www.thecalculatorsite.com/conversions/common/feet-inches.php,Feet to Inches Converter,168748,95
calculator.net,/inflation-calculator.html,http://www.calculator.net/inflation-calculator.html,Inflation Calculator,166842,641
thecalculatorsite.com,/conversions/common/inch-pounds-foot-pounds.php,http://www.thecalculatorsite.com/conversions/common/inch-pounds-foot-pounds.php,Inch-Pounds to Foot-Pounds (in-lb to ft-lb) Converter,166736,66
timeanddate.com,/worldclock/usa/anchorage,http://www.timeanddate.com/worldclock/usa/anchorage,"Current Local Time in Anchorage, Alaska, USA",166394,142
calculator.net,/sales-tax-calculator.html,http://www.calculator.net/sales-tax-calculator.html,Sales Tax Calculator,166313,399
unitconverters.net,/volume/cups-to-liters.htm,http://www.unitconverters.net/volume/cups-to-liters.htm,Convert cups to liters,166004,37
unitconverters.net,/volume/liters-to-cups.htm,http://www.unitconverters.net/volume/liters-to-cups.htm,Convert liters to cups,165687,51
unitconverters.net,/length/mm-to-feet.htm,http://www.unitconverters.net/length/mm-to-feet.htm,Convert mm to feet,164986,71
inchcalculator.com,/convert/second-to-minute/,http://www.inchcalculator.com/convert/second-to-minute/,Seconds to Minutes Converter (s to min),164934,55
inchcalculator.com,/height-converter/5ft-2in-to-inches/,http://www.inchcalculator.com/height-converter/5ft-2in-to-inches/,"What is 5' 2"" in Inches?",163596,1
rapidtables.com,/convert/weight/kg-to-pound.html?x=2,http://www.rapidtables.com/convert/weight/kg-to-pound.html?x=2,2 kg to lbs conversion,162879,6
omnicalculator.com,/conversion/gallons-to-quarts-converter,http://www.omnicalculator.com/conversion/gallons-to-quarts-converter,Gallons to Quarts Converter,162676,12
unitconverters.net,/length/mm-to-m.htm,http://www.unitconverters.net/length/mm-to-m.htm,Convert mm to m,162356,66
inchcalculator.com,/height-converter/6ft-5in/,http://www.inchcalculator.com/height-converter/6ft-5in/,"What is 6' 5"" in Centimeters?",162114,4
calculatorsoup.com,/calculators/geometry-solids/cylinder.php,http://www.calculatorsoup.com/calculators/geometry-solids/cylinder.php,Circular Cylinder Calculator,161697,199
calculatorsoup.com,/calculators/statistics/random-number-generator-1-10.php,http://www.calculatorsoup.com/calculators/statistics/random-number-generator-1-10.php,Random Number Generator 1-10,161525,179
unitconverters.net,/pressure/bar-to-psi.htm,http://www.unitconverters.net/pressure/bar-to-psi.htm,Convert bar to psi,161419,104
rapidtables.com,/convert/weight/pound-to-kg.html?x=135,http://www.rapidtables.com/convert/weight/pound-to-kg.html?x=135,135 lbs to kg conversion,161028,0
calculator.net,/bmr-calculator.html,http://www.calculator.net/bmr-calculator.html,BMR Calculator,160793,1815
rapidtables.com,/convert/length/feet-to-meter.html?f=6&insel=u,http://www.rapidtables.com/convert/length/feet-to-meter.html?f=6&insel=u,6 feet to meters conversion,160222,0
timeanddate.com,/time/zones/et,http://www.timeanddate.com/time/zones/et,Eastern Time – ET Time Zone,160202,541
timeanddate.com,/worldclock/afghanistan/kabul,http://www.timeanddate.com/worldclock/afghanistan/kabul,"Current Local Time in Kabul, Afghanistan",159276,103
timeanddate.com,/worldclock/mexico,http://www.timeanddate.com/worldclock/mexico,Time in Mexico,158323,119
timeanddate.com,/worldclock/guam,http://www.timeanddate.com/worldclock/guam,Time in Guam,157637,51
rapidtables.com,/convert/length/inch-to-cm.html?x=12,http://www.rapidtables.com/convert/length/inch-to-cm.html?x=12,12 inches to cm conversion,157446,0
timeanddate.com,/worldclock/usa/wisconsin,http://www.timeanddate.com/worldclock/usa/wisconsin,"Current Local Time in Wisconsin, United States",157371,57
timeanddate.com,/worldclock/indonesia/denpasar,http://www.timeanddate.com/worldclock/indonesia/denpasar,"Current Local Time in Denpasar, Bali, Indonesia",157250,62
calculatorsoup.com,/calculators/conversions/cubic-feet-to-cubic-yards.php,http://www.calculatorsoup.com/calculators/conversions/cubic-feet-to-cubic-yards.php,Cubic Feet to Cubic Yards | cu ft to cu yd,156322,2
timeanddate.com,/worldclock/morocco,http://www.timeanddate.com/worldclock/morocco,Time in Morocco,156196,42
omnicalculator.com,/conversion/ml-tbsp-converter,http://www.omnicalculator.com/conversion/ml-tbsp-converter,ml to tbsp Converter,156126,7
calculator.net,/pregnancy-calculator.html,http://www.calculator.net/pregnancy-calculator.html,Pregnancy Calculator,155970,343
omnicalculator.com,/food/ml-to-grams,http://www.omnicalculator.com/food/ml-to-grams,ml to Grams Calculator | Convert Milliliters to Grams,155621,62
calculator.net,/macro-calculator.html,http://www.calculator.net/macro-calculator.html,Macro Calculator,155086,644
rapidtables.com,/convert/weight/pound-to-kg.html?x=20,http://www.rapidtables.com/convert/weight/pound-to-kg.html?x=20,20 lbs to kg conversion,154855,0
rapidtables.com,/convert/length/cm-to-km.html,http://www.rapidtables.com/convert/length/cm-to-km.html,cm to km converter,154618,21
timeanddate.com,/calendar/monthly.html?country=1&month=1&year=2026,http://www.timeanddate.com/calendar/monthly.html?country=1&month=1&year=2026,January 2026 Calendar – United States,153989,0
rapidtables.com,/convert/weight/pound-to-kg.html?x=2,http://www.rapidtables.com/convert/weight/pound-to-kg.html?x=2,2 lbs to kg conversion,153764,8
timeanddate.com,/holidays/us/super-bowl,http://www.timeanddate.com/holidays/us/super-bowl,Super Bowl 2027 in the United States,153255,94
timeanddate.com,/worldclock/usa/albuquerque,http://www.timeanddate.com/worldclock/usa/albuquerque,"Current Local Time in Albuquerque, New Mexico, USA",153234,88
thecalculatorsite.com,/conversions/common/mcg-to-mg.php,http://www.thecalculatorsite.com/conversions/common/mcg-to-mg.php,Micrograms and Milligrams Converter (mcg to mg),153224,168
rapidtables.com,/calc/time/minutes-in-day.html,http://www.rapidtables.com/calc/time/minutes-in-day.html,How many minutes are in a day?,152982,38
rapidtables.com,/convert/weight/kg-to-pound.html?x=1,http://www.rapidtables.com/convert/weight/kg-to-pound.html?x=1,1 kg to lbs conversion,150931,4
rapidtables.com,/convert/weight/kg-to-pound.html?x=58,http://www.rapidtables.com/convert/weight/kg-to-pound.html?x=58,58 kg to lbs conversion,150335,0
timeanddate.com,/worldclock/china/beijing,http://www.timeanddate.com/worldclock/china/beijing,"Current Local Time in Beijing, Beijing Municipality, China",149666,278
timeanddate.com,/time/zone/usa/north-carolina,http://www.timeanddate.com/time/zone/usa/north-carolina,"Time Zones in North Carolina, United States",149339,81
calculator.net,/payment-calculator.html,http://www.calculator.net/payment-calculator.html,Payment Calculator,149034,455
inchcalculator.com,/height-converter/190cm/,http://www.inchcalculator.com/height-converter/190cm/,What is 190 cm in Feet and Inches?,148986,4
inchcalculator.com,/height-converter/165cm/,http://www.inchcalculator.com/height-converter/165cm/,What is 165 cm in Feet and Inches?,148827,7
unitconverters.net,/length/feet-to-mm.htm,http://www.unitconverters.net/length/feet-to-mm.htm,Convert feet to mm - Length Conversion,148680,42
timeanddate.com,/worldclock/saudi-arabia/riyadh,http://www.timeanddate.com/worldclock/saudi-arabia/riyadh,"Current Local Time in Riyadh, Saudi Arabia",148437,102
inchcalculator.com,/height-converter/5ft-4in-to-inches/,http://www.inchcalculator.com/height-converter/5ft-4in-to-inches/,"What is 5' 4"" in Inches?",147714,1
unitconverters.net,/weight-and-mass/oz-to-kg.htm,http://www.unitconverters.net/weight-and-mass/oz-to-kg.htm,Convert oz to kg,147338,45
thecalculatorsite.com,/conversions/charts/kg-to-stones-pounds-table.php,http://www.thecalculatorsite.com/conversions/charts/kg-to-stones-pounds-table.php,"Kilograms, Stones and Pounds Chart",147196,142
inchcalculator.com,/convert/liter-to-gallon/,http://www.inchcalculator.com/convert/liter-to-gallon/,Liters to Gallons Converter (L to gal),146980,21
inchcalculator.com,/convert/milliliter-to-fluid-ounce/,http://www.inchcalculator.com/convert/milliliter-to-fluid-ounce/,Milliliters to Fluid Ounces Converter (mL to fl oz),146912,110
timeanddate.com,/worldclock/usa/cincinnati,http://www.timeanddate.com/worldclock/usa/cincinnati,"Current Local Time in Cincinnati, Ohio, USA",146589,82
timeanddate.com,/astronomy/night/,http://www.timeanddate.com/astronomy/night/,Night Sky Tonight: Visible Planets at Your Location,146556,1936
timeanddate.com,/worldclock/uk,http://www.timeanddate.com/worldclock/uk,Current Local Time in the United Kingdom,146370,419
omnicalculator.com,/math/triangle-45-45-90,http://www.omnicalculator.com/math/triangle-45-45-90,45 45 90 Triangle Calculator,146075,84
timeanddate.com,/astronomy/usa,http://www.timeanddate.com/astronomy/usa,Sunrise and Sunset in the United States,145935,297
timeanddate.com,/worldclock/usa/idaho,http://www.timeanddate.com/worldclock/usa/idaho,"Current Local Time in Idaho, United States",145511,45
omnicalculator.com,/conversion/tsp-ml-converter,http://www.omnicalculator.com/conversion/tsp-ml-converter,tsp to ml Converter,145271,13
unitconverters.net,/force/lbs-to-newtons.htm,http://www.unitconverters.net/force/lbs-to-newtons.htm,Convert lbs to newtons - Force Conversion,145027,50
timeanddate.com,/countdown/create,http://www.timeanddate.com/countdown/create,Countdown Timer to Any Date,144804,1170
timeanddate.com,/worldclock/australia/adelaide,http://www.timeanddate.com/worldclock/australia/adelaide,"Current Local Time in Adelaide, South Australia, Australia",144661,184
calculatorsoup.com,/calculators/construction/cubic-yards-calculator.php,http://www.calculatorsoup.com/calculators/construction/cubic-yards-calculator.php,Cubic Yards Calculator,144642,353
rapidtables.com,/convert/length/km-to-mile.html,http://www.rapidtables.com/convert/length/km-to-mile.html,km to miles converter,143953,176
omnicalculator.com,/finance/margin,http://www.omnicalculator.com/finance/margin,Margin Calculator,143274,801
rapidtables.com,/convert/weight/mg-to-mcg.html,http://www.rapidtables.com/convert/weight/mg-to-mcg.html,Milligrams to Micrograms converter (mg to mcg) | Weight ...,143258,76
calculator.net,/scientific-calculator.html,http://www.calculator.net/scientific-calculator.html,Scientific Calculator,142932,774
timeanddate.com,/worldclock/ethiopia/addis-ababa,http://www.timeanddate.com/worldclock/ethiopia/addis-ababa,"Current Local Time in Addis Ababa, Ethiopia (Adis Abeba)",142512,374
timeanddate.com,/worldclock/argentina/buenos-aires,http://www.timeanddate.com/worldclock/argentina/buenos-aires,"Current Local Time in Buenos Aires, Argentina",142468,160
timeanddate.com,/worldclock/united-arab-emirates/abu-dhabi,http://www.timeanddate.com/worldclock/united-arab-emirates/abu-dhabi,"Current Local Time in Abu Dhabi, Abu Dhabi, United Arab ...",142143,97
calculatorsoup.com,/calculators/math/fractions.php,http://www.calculatorsoup.com/calculators/math/fractions.php,Fractions Calculator,142000,359
rapidtables.com,/convert/length/cm-to-feet.html?x=183,http://www.rapidtables.com/convert/length/cm-to-feet.html?x=183,183 cm to feet conversion,141990,5
timeanddate.com,/holidays/india/diwali,http://www.timeanddate.com/holidays/india/diwali,Diwali/Deepavali 2026 in India,141983,234
rapidtables.com,/convert/weight/kg-to-pound.html?x=7,http://www.rapidtables.com/convert/weight/kg-to-pound.html?x=7,7 kg to lbs conversion,141835,0
timeanddate.com,/time/zone/mexico,http://www.timeanddate.com/time/zone/mexico,Time Zones in Mexico,140939,148
unitconverters.net,/volume/cc-to-ml.htm,http://www.unitconverters.net/volume/cc-to-ml.htm,Convert cc to ml - Volume Conversion,140674,62
timeanddate.com,/worldclock/usa/massachusetts,http://www.timeanddate.com/worldclock/usa/massachusetts,"Current Local Time in Massachusetts, United States",140224,67
calculator.net,/surface-area-calculator.html,http://www.calculator.net/surface-area-calculator.html,Surface Area Calculator,140196,235
timeanddate.com,/worldclock/canada/montreal,http://www.timeanddate.com/worldclock/canada/montreal,"Current Local Time in Montréal, Quebec, Canada",139770,146
thecalculatorsite.com,/time/days/30,http://www.thecalculatorsite.com/time/days/30,What is 30 Days From Today?,139688,15
thecalculatorsite.com,/health/steps-miles.php,http://www.thecalculatorsite.com/health/steps-miles.php,Steps to Miles Calculator,138903,332
timeanddate.com,/worldclock/australia/perth,http://www.timeanddate.com/worldclock/australia/perth,"Current Local Time in Perth, Western Australia, Australia",138135,247
timeanddate.com,/worldclock/usa/louisiana,http://www.timeanddate.com/worldclock/usa/louisiana,"Time in Louisiana, United States",137925,56
timeanddate.com,/worldclock/south-africa/cape-town,http://www.timeanddate.com/worldclock/south-africa/cape-town,"Current Local Time in Cape Town, South Africa",137397,122
timeanddate.com,/time/zone/usa/wisconsin,http://www.timeanddate.com/time/zone/usa/wisconsin,"Time Zones in Wisconsin, United States",137344,49
rapidtables.com,/convert/length/feet-to-km.html,http://www.rapidtables.com/convert/length/feet-to-km.html,Feet to Kilometers converter,136764,26
timeanddate.com,/worldclock/usa/memphis,http://www.timeanddate.com/worldclock/usa/memphis,"Current Local Time in Memphis, Tennessee, USA",136208,88
rapidtables.com,/convert/weight/pound-to-kg.html?x=175,http://www.rapidtables.com/convert/weight/pound-to-kg.html?x=175,175 lbs to kg conversion,136097,1
calculatorsoup.com,/calculators/math/gcf.php,http://www.calculatorsoup.com/calculators/math/gcf.php,"Greatest Common Factor (GCF, HCF, GCD) Calculator",136081,242
widgetly.co,/time/30-days-from-today,http://www.widgetly.co/time/30-days-from-today,What is 30 Days From Today?,135057,18
rapidtables.com,/convert/length/inch-to-cm.html?x=8,http://www.rapidtables.com/convert/length/inch-to-cm.html?x=8,8 inches to cm conversion,135024,0
calculator.net,/mortgage-payoff-calculator.html,http://www.calculator.net/mortgage-payoff-calculator.html,Mortgage Payoff Calculator,134746,515
omnicalculator.com,/conversion/minutes-to-seconds-converter,http://www.omnicalculator.com/conversion/minutes-to-seconds-converter,Minutes to Seconds Converter,134716,23
timeanddate.com,/worldclock/timezone/zulu,http://www.timeanddate.com/worldclock/timezone/zulu,"Current “Zulu” Military Time, Time Zone",134666,195
rapidtables.com,/convert/weight/kg-to-ounce.html,http://www.rapidtables.com/convert/weight/kg-to-ounce.html,Kilograms to Ounces converter (kg to oz) | Weight conversion,134615,81
timeanddate.com,/worldclock/chile/santiago,http://www.timeanddate.com/worldclock/chile/santiago,"Current Local Time in Santiago, Chile",134572,130
inchcalculator.com,/height-converter/5ft-9in-to-inches/,http://www.inchcalculator.com/height-converter/5ft-9in-to-inches/,"What is 5' 9"" in Inches?",133668,2
timeanddate.com,/worldclock/new-zealand,http://www.timeanddate.com/worldclock/new-zealand,Current Local Time in New Zealand,133160,139
timeanddate.com,/worldclock/egypt,http://www.timeanddate.com/worldclock/egypt,Time in Egypt - World Clock,131967,59
timeanddate.com,/worldclock/usa/tampa,http://www.timeanddate.com/worldclock/usa/tampa,"Current Local Time in Tampa, Florida, USA",131481,68
timeanddate.com,/countdown/halloween,http://www.timeanddate.com/countdown/halloween,Halloween Countdown,131158,143
timeanddate.com,/worldclock/usa/oregon,http://www.timeanddate.com/worldclock/usa/oregon,"Current Local Time in Oregon, United States",131139,58
unitconverters.net,/length/miles-to-yards.htm,http://www.unitconverters.net/length/miles-to-yards.htm,Convert miles to yards,130822,32
rapidtables.com,/convert/weight/mcg-to-mg.html,http://www.rapidtables.com/convert/weight/mcg-to-mg.html,Micrograms to Milligrams (μg to mg) converter | Weight ...,130311,88
unitconverters.net,/weight-and-mass/tonne-to-kilogram.htm,http://www.unitconverters.net/weight-and-mass/tonne-to-kilogram.htm,Convert Tonne to Kilogram,130202,19
timeanddate.com,/sun/usa/chicago,http://www.timeanddate.com/sun/usa/chicago,Sunrise and sunset times in Chicago,129907,133
rapidtables.com,/convert/weight/kg-to-pound.html?x=3,http://www.rapidtables.com/convert/weight/kg-to-pound.html?x=3,3 kg to lbs conversion,129848,0
rapidtables.com,/convert/number/hex-to-decimal.html,http://www.rapidtables.com/convert/number/hex-to-decimal.html,Hex to Decimal Converter,129769,816
timeanddate.com,/worldclock/turkey,http://www.timeanddate.com/worldclock/turkey,Time in Turkey,129030,92
timeanddate.com,/calendar/summer-solstice.html,http://www.timeanddate.com/calendar/summer-solstice.html,Summer Solstice 2026: When Does Summer Start?,128753,455
calculatorsoup.com,/calculators/geometry-plane/slope-calculator.php,http://www.calculatorsoup.com/calculators/geometry-plane/slope-calculator.php,Slope Calculator,128459,208
omnicalculator.com,/conversion/gallons-to-pounds,http://www.omnicalculator.com/conversion/gallons-to-pounds,Gallons to Pounds Converter,128330,37
timeanddate.com,/worldclock/usa/boise,http://www.timeanddate.com/worldclock/usa/boise,"Current Local Time in Boise, Idaho, USA",128306,82
timeanddate.com,/time/zone/usa/illinois,http://www.timeanddate.com/time/zone/usa/illinois,"Time Zones in Illinois, United States",127839,90
inchcalculator.com,/height-converter/5ft-11in-to-inches/,http://www.inchcalculator.com/height-converter/5ft-11in-to-inches/,"What is 5' 11"" in Inches?",127820,1
timeanddate.com,/worldclock/bangladesh/dhaka,http://www.timeanddate.com/worldclock/bangladesh/dhaka,"Current Local Time in Dhaka, Bangladesh (Dacca)",127176,121
inchcalculator.com,/convert/milliliter-to-milligram/,http://www.inchcalculator.com/convert/milliliter-to-milligram/,mL to mg Converter (Milliliters to Milligrams),126419,42
omnicalculator.com,/es/conversion/convertidor-de-lbs-a-kg,http://www.omnicalculator.com/es/conversion/convertidor-de-lbs-a-kg,convertidor de lbs a kg,126148,1
timeanddate.com,/worldclock/sweden/stockholm,http://www.timeanddate.com/worldclock/sweden/stockholm,"Current Local Time in Stockholm, Sweden",125645,176
timeanddate.com,/calendar/monthly.html?country=1&month=9&year=2025,http://www.timeanddate.com/calendar/monthly.html?country=1&month=9&year=2025,September 2025 Calendar – United States,125155,0
timeanddate.com,/worldclock/sri-lanka/colombo,http://www.timeanddate.com/worldclock/sri-lanka/colombo,"Current Local Time in Colombo, Sri Lanka",125152,209
thecalculatorsite.com,/time/days/45,http://www.thecalculatorsite.com/time/days/45,What is 45 Days From Today?,125013,15
timeanddate.com,/worldclock/costa-rica/san-jose,http://www.timeanddate.com/worldclock/costa-rica/san-jose,"Current Local Time in San Jose, Costa Rica",124732,95
rapidtables.com,/convert/length/cm-to-inch.html?x=17,http://www.rapidtables.com/convert/length/cm-to-inch.html?x=17,17 cm to inches conversion,124702,0
inchcalculator.com,/days-from/60-days-from-today/,http://www.inchcalculator.com/days-from/60-days-from-today/,What Date Is 60 Days From Today?,124597,21
omnicalculator.com,/math/semicircle-area,http://www.omnicalculator.com/math/semicircle-area,"Semicircle Area Calculator | Definition, Formula, Perimeter",124458,46
unitconverters.net,/time/seconds-to-days.htm,http://www.unitconverters.net/time/seconds-to-days.htm,Convert seconds to days,124183,51
timeanddate.com,/time/zones/gmt,http://www.timeanddate.com/time/zones/gmt,Greenwich Mean Time – GMT Time Zone,123684,480
omnicalculator.com,/math/sector-area,http://www.omnicalculator.com/math/sector-area,Sector Area Calculator,123620,115
timeanddate.com,/calendar/june-solstice.html,http://www.timeanddate.com/calendar/june-solstice.html,June Solstice 2026: Shortest & Longest Day of the Year,123490,1077
unitconverters.net,/volume/pints-to-gallon.htm,http://www.unitconverters.net/volume/pints-to-gallon.htm,Convert pints to gallon,123412,16
timeanddate.com,/worldclock/usa/knoxville,http://www.timeanddate.com/worldclock/usa/knoxville,"Current Local Time in Knoxville, Tennessee, USA",123215,82
omnicalculator.com,/math/circumference-to-diameter,http://www.omnicalculator.com/math/circumference-to-diameter,Circumference to Diameter Calculator,123181,51
timeanddate.com,/time/zone/usa/alabama,http://www.timeanddate.com/time/zone/usa/alabama,"Time Zones in Alabama, United States",123168,51
rapidtables.com,/convert/weight/pound-to-kg.html?x=15,http://www.rapidtables.com/convert/weight/pound-to-kg.html?x=15,15 lbs to kg conversion,122792,2
unitconverters.net,/length/m-to-mm.htm,http://www.unitconverters.net/length/m-to-mm.htm,Convert m to mm,122767,46
gigacalculator.com,/calculators/age-calculator.php,http://www.gigacalculator.com/calculators/age-calculator.php,Age Calculator (How old am I?),122697,97
timeanddate.com,/worldclock/romania/bucharest,http://www.timeanddate.com/worldclock/romania/bucharest,"Current Local Time in Bucharest, Romania",122492,126
unitconverters.net,/weight-and-mass/ounces-to-grams.htm,http://www.unitconverters.net/weight-and-mass/ounces-to-grams.htm,Convert ounces to grams,122201,219
timeanddate.com,/worldclock/czech-republic/prague,http://www.timeanddate.com/worldclock/czech-republic/prague,"Current Local Time in Prague, Czechia",122147,125
omnicalculator.com,/conversion/hours-to-seconds-converter,http://www.omnicalculator.com/conversion/hours-to-seconds-converter,Hours to Seconds Converter,121616,18
unitconverters.net,/data-storage/byte-to-gigabyte.htm,http://www.unitconverters.net/data-storage/byte-to-gigabyte.htm,Convert Byte to Gigabyte,121270,40
timeanddate.com,/worldclock/usa/columbus,http://www.timeanddate.com/worldclock/usa/columbus,"Current Local Time in Columbus, Ohio, USA",121111,91
timeanddate.com,/worldclock/usa/sacramento,http://www.timeanddate.com/worldclock/usa/sacramento,"Current Local Time in Sacramento, California, USA",119335,44
calculator.net,/ip-subnet-calculator.html,http://www.calculator.net/ip-subnet-calculator.html,IP Subnet Calculator,118998,883
timeanddate.com,/sun/usa/san-francisco,http://www.timeanddate.com/sun/usa/san-francisco,Sunrise and sunset times in San Francisco,118813,94
omnicalculator.com,/conversion/feet-to-miles,http://www.omnicalculator.com/conversion/feet-to-miles,Feet to Miles Converter,118603,45
omnicalculator.com,/physics/density-mass-volume,http://www.omnicalculator.com/physics/density-mass-volume,Density Mass Volume Calculator,117915,43
timeanddate.com,/worldclock/poland/warsaw,http://www.timeanddate.com/worldclock/poland/warsaw,"Current Local Time in Warsaw, Poland (Warszawa)",117780,141
timeanddate.com,/time/zone/usa/new-york-state,http://www.timeanddate.com/time/zone/usa/new-york-state,"Time Zones in New York, United States",117629,152
timeanddate.com,/worldclock/jamaica/kingston,http://www.timeanddate.com/worldclock/jamaica/kingston,"Current Local Time in Kingston, Jamaica",115684,75
timeanddate.com,/worldclock/united-arab-emirates/dubai-emirate,http://www.timeanddate.com/worldclock/united-arab-emirates/dubai-emirate,"Current Local Time in Dubai, United Arab Emirates",115446,44
rapidtables.com,/convert/weight/pound-to-ton.html,http://www.rapidtables.com/convert/weight/pound-to-ton.html,Pounds to Metric Tons (lbs to t) converter | Weight conversion,115085,65
calculatorsoup.com,/calculators/algebra/quadratic-formula-calculator.php,http://www.calculatorsoup.com/calculators/algebra/quadratic-formula-calculator.php,Quadratic Formula Calculator,114750,237
timeanddate.com,/worldclock/usa/reno,http://www.timeanddate.com/worldclock/usa/reno,"Current Local Time in Reno, Nevada, USA",114717,61
omnicalculator.com,/math/rectangle,http://www.omnicalculator.com/math/rectangle,Area of a Rectangle Calculator,114247,107
calculator.net,/triangle-calculator.html,http://www.calculator.net/triangle-calculator.html,Triangle Calculator,114176,587
timeanddate.com,/worldclock/china/shanghai,http://www.timeanddate.com/worldclock/china/shanghai,"Current Local Time in Shanghai, Shanghai Municipality, ...",114165,114
calculator.net,/density-calculator.html,http://www.calculator.net/density-calculator.html,Density Calculator,113717,211
calculatorsoup.com,/calculators/math/fractionssimplify.php,http://www.calculatorsoup.com/calculators/math/fractionssimplify.php,Simplifying Fractions Calculator,113081,326
timeanddate.com,/worldclock/dominican-republic,http://www.timeanddate.com/worldclock/dominican-republic,Time in Dominican Republic,112744,48
calculator.net,/calories-burned-calculator.html,http://www.calculator.net/calories-burned-calculator.html,Calories Burned Calculator,112301,358
rapidtables.com,/convert/weight/kg-to-pound.html?x=160,http://www.rapidtables.com/convert/weight/kg-to-pound.html?x=160,160 kg to lbs conversion,112028,0
unitconverters.net,/volume/cups-to-ml.htm,http://www.unitconverters.net/volume/cups-to-ml.htm,Convert cups to ml,111992,82
calculatorsoup.com,/calculators/physics/kinetic.php,http://www.calculatorsoup.com/calculators/physics/kinetic.php,Kinetic Energy Calculator,111768,228
omnicalculator.com,/other/tip,http://www.omnicalculator.com/other/tip,Tip Calculator,111586,60
omnicalculator.com,/es/conversion/convertidor-kilos-a-libras,http://www.omnicalculator.com/es/conversion/convertidor-kilos-a-libras,Convertidor de kilos a libras | Convierte kg a lb,111306,2
thecalculatorsite.com,/misc/cubic-feet-calculator.php,http://www.thecalculatorsite.com/misc/cubic-feet-calculator.php,"Cubic Feet Calculator (feet, inches, cm, yards)",111125,278
calculatorsoup.com,/calculators/conversions/square-feet-to-square-meters.php,http://www.calculatorsoup.com/calculators/conversions/square-feet-to-square-meters.php,Square Feet to Square Meters | ft² to m²,110734,10
unitconverters.net,/power/kw-to-hp.htm,http://www.unitconverters.net/power/kw-to-hp.htm,Convert kw to hp - Power Conversion,110646,75
calculatorsoup.com,/calculators/conversions/kilograms-to-pounds.php,http://www.calculatorsoup.com/calculators/conversions/kilograms-to-pounds.php,kg to lb | Kilograms to Pounds Conversion,110279,13
rapidtables.com,/convert/length/cm-to-inch.html?x=18,http://www.rapidtables.com/convert/length/cm-to-inch.html?x=18,18 cm to inches conversion,109751,0
timeanddate.com,/worldclock/syria,http://www.timeanddate.com/worldclock/syria,Time in Syria,109614,32
thecalculatorsite.com,/time/days-from.php,http://www.thecalculatorsite.com/time/days-from.php,Days From Today Calculator,109559,127
omnicalculator.com,/other/test-grade,http://www.omnicalculator.com/other/test-grade,Test Grade Calculator,109311,460
unitconverters.net,/volume/cubic-centimeter-to-liter.htm,http://www.unitconverters.net/volume/cubic-centimeter-to-liter.htm,Convert Cubic Centimeter to Liter,108824,33
inchcalculator.com,/convert/pound-to-gallon/,http://www.inchcalculator.com/convert/pound-to-gallon/,Pounds to Gallons Converter - (lb to gal),108644,63
timeanddate.com,/worldclock/usa/arizona,http://www.timeanddate.com/worldclock/usa/arizona,"Current Local Time in Arizona, United States",108377,125
timeanddate.com,/worldclock/usa/baltimore,http://www.timeanddate.com/worldclock/usa/baltimore,"Current Local Time in Baltimore, Maryland, USA",108344,113
unitconverters.net,/force/newtons-to-lbs.htm,http://www.unitconverters.net/force/newtons-to-lbs.htm,Convert newtons to lbs,107634,51
omnicalculator.com,/math/percentage-increase,http://www.omnicalculator.com/math/percentage-increase,Percentage Increase Calculator,107201,656
calculator.net,/body-type-calculator.html,http://www.calculator.net/body-type-calculator.html,Body Type Calculator,107196,676
timeanddate.com,/worldclock/germany/frankfurt,http://www.timeanddate.com/worldclock/germany/frankfurt,"Current Local Time in Frankfurt, Hesse, Germany",107025,147
calculatorsoup.com,/calculators/conversions/square-meters-to-square-feet.php,http://www.calculatorsoup.com/calculators/conversions/square-meters-to-square-feet.php,Square Meters to Square Feet | m² to ft²,107015,4
timeanddate.com,/sun/usa/boston,http://www.timeanddate.com/sun/usa/boston,Sunrise and sunset times in Boston,106995,154
timeanddate.com,/worldclock/switzerland/zurich,http://www.timeanddate.com/worldclock/switzerland/zurich,"Current Local Time in Zürich, Zurich, Switzerland",106484,133
timeanddate.com,/worldclock/usa/mississippi,http://www.timeanddate.com/worldclock/usa/mississippi,"Current Local Time in Mississippi, United States",106425,37
timeanddate.com,/calendar/monthly.html?country=1&month=2&year=2026,http://www.timeanddate.com/calendar/monthly.html?country=1&month=2&year=2026,Calendar for February 2026 (United States),106291,0
calculator.net,/ratio-calculator.html,http://www.calculator.net/ratio-calculator.html,Ratio Calculator,105857,273
calculatorsoup.com,/calculators/physics/density.php,http://www.calculatorsoup.com/calculators/physics/density.php,Density Calculator p = m/V,104903,178
timeanddate.com,/worldclock/south-africa/johannesburg,http://www.timeanddate.com/worldclock/south-africa/johannesburg,"Current Local Time in Johannesburg, South Africa",104687,127
timeanddate.com,/calendar/create.html,http://www.timeanddate.com/calendar/create.html,Free Printable Calendar 2026,104578,624
timeanddate.com,/calendar/monthly.html?country=1&month=11&year=2025,http://www.timeanddate.com/calendar/monthly.html?country=1&month=11&year=2025,November 2025 Calendar – United States,104329,1
rapidtables.com,/convert/weight/ounce-to-kg.html,http://www.rapidtables.com/convert/weight/ounce-to-kg.html,Ounces to Kilograms converter (oz to kg) | Weight conversion,104293,69
timeanddate.com,/time/zone/usa/oklahoma,http://www.timeanddate.com/time/zone/usa/oklahoma,"Time Zones in Oklahoma, United States",104197,41
timeanddate.com,/eclipse/list.html,http://www.timeanddate.com/eclipse/list.html,Solar and Lunar Eclipses Worldwide – Next 10 Years,103972,1211
calculatorsoup.com,/calculators/conversions/fahrenheit-to-kelvin.php,http://www.calculatorsoup.com/calculators/conversions/fahrenheit-to-kelvin.php,Fahrenheit to Kelvin | °F to K,103919,6
timeanddate.com,/worldclock/canada/calgary,http://www.timeanddate.com/worldclock/canada/calgary,"Current Local Time in Calgary, Alberta, Canada",103349,132
timeanddate.com,/worldclock/mexico/guadalajara,http://www.timeanddate.com/worldclock/mexico/guadalajara,"Current Local Time in Guadalajara, Jalisco, Mexico",103297,55
rapidtables.com,/convert/length/inch-to-cm.html?x=9,http://www.rapidtables.com/convert/length/inch-to-cm.html?x=9,9 inches to cm conversion,103165,0
inchcalculator.com,/convert/day-to-month/?days=180,http://www.inchcalculator.com/convert/day-to-month/?days=180,How Many Months is 180 Days?,102947,1
calculatorsoup.com,/calculators/algebra/percentage-decrease-calculator.php,http://www.calculatorsoup.com/calculators/algebra/percentage-decrease-calculator.php,Percentage Decrease Calculator,102684,190
omnicalculator.com,/math/triangle-area,http://www.omnicalculator.com/math/triangle-area,Triangle Area Calculator,102196,166
timeanddate.com,/worldclock/hungary/budapest,http://www.timeanddate.com/worldclock/hungary/budapest,"Current Local Time in Budapest, Hungary",101818,122
rapidtables.com,/convert/length/feet-inch-to-cm.html?ft=5&inch=8,http://www.rapidtables.com/convert/length/feet-inch-to-cm.html?ft=5&inch=8,5 feet+8 inches to cm conversion,101593,7
omnicalculator.com,/conversion/g-to-oz,http://www.omnicalculator.com/conversion/g-to-oz,Grams To Ounces Calculator,101588,210
unitconverters.net,/speed/meters-per-second-to-miles-per-hour.htm,http://www.unitconverters.net/speed/meters-per-second-to-miles-per-hour.htm,Convert meters per second to miles per hour,101242,24
calculatorsoup.com,/calculators/time/military-time-converter.php,http://www.calculatorsoup.com/calculators/time/military-time-converter.php,Military Time Converter,100905,124
timeanddate.com,/worldclock/usa/colorado-springs,http://www.timeanddate.com/worldclock/usa/colorado-springs,"Current Local Time in Colorado Springs, Colorado, USA",100826,61
thecalculatorsite.com,/conversions/common/micrograms-grams.php,http://www.thecalculatorsite.com/conversions/common/micrograms-grams.php,Micrograms and Grams Conversion (mcg to g),100744,25
timeanddate.com,/worldclock/usa/cleveland,http://www.timeanddate.com/worldclock/usa/cleveland,"Current Local Time in Cleveland, Ohio, USA",100420,65
calculator.net,/slope-calculator.html,http://www.calculator.net/slope-calculator.html,Slope Calculator,100387,256
calculator.net,/period-calculator.html,http://www.calculator.net/period-calculator.html,Period Calculator,100353,178
calculatorsoup.com,/calculators/algebra/cuberoots.php,http://www.calculatorsoup.com/calculators/algebra/cuberoots.php,Cube Root Calculator,99815,183
rapidtables.com,/convert/length/meter-to-feet.html?x=5,http://www.rapidtables.com/convert/length/meter-to-feet.html?x=5,5 meters to feet,99575,30
timeanddate.com,/worldclock/usa/arkansas,http://www.timeanddate.com/worldclock/usa/arkansas,"Current Local Time in Arkansas, United States",99316,58
calculator.net,/root-calculator.html,http://www.calculator.net/root-calculator.html,Root Calculator,99020,129
unitconverters.net,/length/yards-to-inches.htm,http://www.unitconverters.net/length/yards-to-inches.htm,Convert yards to inches,98886,57
timeanddate.com,/worldclock/usa/scottsdale,http://www.timeanddate.com/worldclock/usa/scottsdale,"Current Local Time in Scottsdale, Arizona, USA",98769,51
thecalculatorsite.com,/conversions/common/square-feet-cubic-yards.php,http://www.thecalculatorsite.com/conversions/common/square-feet-cubic-yards.php,Square Feet to Cubic Yards,98588,80
timeanddate.com,/worldclock/ukraine/kyiv,http://www.timeanddate.com/worldclock/ukraine/kyiv,"Current Local Time in Kyiv, Ukraine (Kiev)",98158,161
rapidtables.com,/convert/weight/kg-to-pound.html?x=5,http://www.rapidtables.com/convert/weight/kg-to-pound.html?x=5,5 kg to lbs conversion,97316,16
timeanddate.com,/worldclock/thailand,http://www.timeanddate.com/worldclock/thailand,Current Local Time in Thailand,97205,205
calculatorsoup.com,/calculators/math/percent-to-decimal-calculator.php,http://www.calculatorsoup.com/calculators/math/percent-to-decimal-calculator.php,Percent to Decimal Calculator,97136,136
rapidtables.com,/convert/weight/kg-to-pound.html?x=74,http://www.rapidtables.com/convert/weight/kg-to-pound.html?x=74,74 kg to lbs conversion,97129,0
timeanddate.com,/worldclock/kuwait/kuwait-city,http://www.timeanddate.com/worldclock/kuwait/kuwait-city,"Current Local Time in Kuwait City, Kuwait",96968,85
calculatorsoup.com,/calculators/math/mixednumbers.php,http://www.calculatorsoup.com/calculators/math/mixednumbers.php,Mixed Numbers Calculator,96790,289
inchcalculator.com,/days-from/180-days-from-today/,http://www.inchcalculator.com/days-from/180-days-from-today/,What Date Is 180 Days From Today?,96552,9
timeanddate.com,/worldclock/germany/munich,http://www.timeanddate.com/worldclock/germany/munich,"Current Local Time in Munich, Bavaria, Germany (München)",96542,168
timeanddate.com,/calendar/monthly.html?country=1&month=6&year=2026,http://www.timeanddate.com/calendar/monthly.html?country=1&month=6&year=2026,June 2026 Calendar – United States,96025,0
omnicalculator.com,/math/circle-diameter,http://www.omnicalculator.com/math/circle-diameter,Diameter of a Circle Calculator,95871,32
timeanddate.com,/calendar/monthly.html?country=1&month=3&year=2026,http://www.timeanddate.com/calendar/monthly.html?country=1&month=3&year=2026,March 2026 Calendar – United States,95540,0
calculatorsoup.com,/calculators/conversions/hours-to-minutes.php,http://www.calculatorsoup.com/calculators/conversions/hours-to-minutes.php,Hours to Minutes Converter,95341,16
inchcalculator.com,/height-converter/6ft-6in/,http://www.inchcalculator.com/height-converter/6ft-6in/,"What is 6' 6"" in Centimeters?",95196,2
timeanddate.com,/worldclock/panama/panama,http://www.timeanddate.com/worldclock/panama/panama,"Current Local Time in Panama, Panama",95008,60
timeanddate.com,/calendar/monthly.html?country=1&month=10&year=2025,http://www.timeanddate.com/calendar/monthly.html?country=1&month=10&year=2025,October 2025 Calendar – United States,94536,0
unitconverters.net,/energy/ft-lb-to-nm.htm,http://www.unitconverters.net/energy/ft-lb-to-nm.htm,Convert ft lb to Nm,93562,72
calculator.net,/mean-median-mode-range-calculator.html,http://www.calculator.net/mean-median-mode-range-calculator.html,"Mean, Median, Mode, Range Calculator",93523,279
timeanddate.com,/sun/usa/phoenix,http://www.timeanddate.com/sun/usa/phoenix,Sunrise and sunset times in Phoenix,93162,87
timeanddate.com,/holidays/us/independence-day,http://www.timeanddate.com/holidays/us/independence-day,Independence Day 2026 in the United States,93129,438
timeanddate.com,/worldclock/usa/connecticut,http://www.timeanddate.com/worldclock/usa/connecticut,"Current Local Time in Connecticut, United States",92782,60
timeanddate.com,/time/zone/usa/washington,http://www.timeanddate.com/time/zone/usa/washington,"Time Zones in Washington, United States",91770,66
calculator.net,/pace-calculator.html,http://www.calculator.net/pace-calculator.html,Pace Calculator,91528,387
inchcalculator.com,/height-converter/5ft-1in/,http://www.inchcalculator.com/height-converter/5ft-1in/,"What is 5' 1"" in Centimeters?",91240,6
timeanddate.com,/worldclock/usa/pensacola,http://www.timeanddate.com/worldclock/usa/pensacola,"Current Local Time in Pensacola, Florida, USA",91057,39
timeanddate.com,/worldclock/france,http://www.timeanddate.com/worldclock/france,Time in France,90564,155
inchcalculator.com,/convert/gram-to-tablespoon/,http://www.inchcalculator.com/convert/gram-to-tablespoon/,Grams to Tablespoons Converter - (g to tbsp),89913,20
timeanddate.com,/worldclock/usa/birmingham,http://www.timeanddate.com/worldclock/usa/birmingham,"Current Local Time in Birmingham, Alabama, USA",89871,62
inchcalculator.com,/height-converter/6ft-4in/,http://www.inchcalculator.com/height-converter/6ft-4in/,"What is 6' 4"" in Centimeters?",89774,7
rapidtables.com,/convert/length/yard-to-feet.html,http://www.rapidtables.com/convert/length/yard-to-feet.html,Yards to Feet (yd to ft) Converter,89716,59
unitconverters.net,/area/hectare-to-acres.htm,http://www.unitconverters.net/area/hectare-to-acres.htm,Convert hectare to acres,89665,65
rapidtables.com,/convert/weight/pound-to-kg.html?x=155,http://www.rapidtables.com/convert/weight/pound-to-kg.html?x=155,155 lbs to kg conversion,89655,0
unitconverters.net,/length/meter-to-nanometer.htm,http://www.unitconverters.net/length/meter-to-nanometer.htm,Convert Meter to Nanometer,89648,47
inchcalculator.com,/convert/square-inch-to-square-foot/,http://www.inchcalculator.com/convert/square-inch-to-square-foot/,Square Inches to Square Feet Converter (sq in to sq ft),89278,29
omnicalculator.com,/math/percentage-of-percentage,http://www.omnicalculator.com/math/percentage-of-percentage,Percentage of a Percentage Calculator,89090,16
timeanddate.com,/holidays/india/holi,http://www.timeanddate.com/holidays/india/holi,Holi 2027 in India,88961,106
unitconverters.net,/volume/cubic-meter-to-liter.htm,http://www.unitconverters.net/volume/cubic-meter-to-liter.htm,Convert Cubic Meter to Liter,88570,32
timeanddate.com,/worldclock/iceland/reykjavik,http://www.timeanddate.com/worldclock/iceland/reykjavik,"Current Local Time in Reykjavik, Iceland (Reykjavíkurborg)",88308,102
unitconverters.net,/weight-and-mass/kilogram-to-ton-metric.htm,http://www.unitconverters.net/weight-and-mass/kilogram-to-ton-metric.htm,Convert Kilogram to Ton (metric),88056,49
timeanddate.com,/worldclock/usa/tulsa,http://www.timeanddate.com/worldclock/usa/tulsa,"Current Local Time in Tulsa, Oklahoma, USA",88025,42
unitconverters.net,/volume/cups-to-gallon.htm,http://www.unitconverters.net/volume/cups-to-gallon.htm,Convert cups to gallon,87713,29
rapidtables.com,/convert/length/inch-to-cm.html?x=6,http://www.rapidtables.com/convert/length/inch-to-cm.html?x=6,6 inches to cm conversion,87426,0
timeanddate.com,/time/zones/cest,http://www.timeanddate.com/time/zones/cest,Central European Summer Time – CEST Time Zone,87389,726
omnicalculator.com,/physics/velocity,http://www.omnicalculator.com/physics/velocity,Velocity Calculator,86766,185
timeanddate.com,/worldclock/usa/panama-city,http://www.timeanddate.com/worldclock/usa/panama-city,"Current Local Time in Panama City, Florida, USA",86761,18
calculator.net,/height-calculator.html,http://www.calculator.net/height-calculator.html,Height Calculator,86659,520
unitconverters.net,/volume/ml-to-gallon.htm,http://www.unitconverters.net/volume/ml-to-gallon.htm,Convert ml to gallon,86609,68
unitconverters.net,/,http://www.unitconverters.net/,Unit Converter,86587,2514
timeanddate.com,/countdown/valentines,http://www.timeanddate.com/countdown/valentines,Valentine's Day Countdown,86512,71
rapidtables.com,/convert/length/cm-to-feet.html?x=171,http://www.rapidtables.com/convert/length/cm-to-feet.html?x=171,171 cm to feet conversion,86415,2
omnicalculator.com,/conversion/quarts-to-pounds,http://www.omnicalculator.com/conversion/quarts-to-pounds,Quarts to Pounds Conversion,85921,26
timeanddate.com,/worldclock/austria/vienna,http://www.timeanddate.com/worldclock/austria/vienna,"Current Local Time in Vienna, Vienna, Austria (Wien)",85532,279
timeanddate.com,/worldclock/israel/tel-aviv,http://www.timeanddate.com/worldclock/israel/tel-aviv,"Current Local Time in Tel Aviv, Israel",85472,54
inchcalculator.com,/months-from/6-months-from-today/,http://www.inchcalculator.com/months-from/6-months-from-today/,What Date Is 6 Months From Today?,85162,2
omnicalculator.com,/conversion/knots-to-mph,http://www.omnicalculator.com/conversion/knots-to-mph,Knots to mph Converter,85028,78
inchcalculator.com,/convert/fluid-ounce-to-liter/,http://www.inchcalculator.com/convert/fluid-ounce-to-liter/,Fluid Ounces to Liters Converter (fl oz to L),84942,41
timeanddate.com,/worldclock/usa/iowa,http://www.timeanddate.com/worldclock/usa/iowa,"Time in Iowa, United States",84564,59
calculator.net,/time-zone-calculator.html,http://www.calculator.net/time-zone-calculator.html,Time Zone Calculator,84546,491
rapidtables.com,/convert/length/km-to-mile.html?x=20,http://www.rapidtables.com/convert/length/km-to-mile.html?x=20,20 km to miles conversion,84472,0
timeanddate.com,/countdown/easter,http://www.timeanddate.com/countdown/easter,Easter Countdown,84150,43
timeanddate.com,/worldclock/personal.html,http://www.timeanddate.com/worldclock/personal.html,The Personal World Clock,84100,860
omnicalculator.com,/chemistry/grams-to-moles,http://www.omnicalculator.com/chemistry/grams-to-moles,Grams to Moles Calculator,83713,100
inchcalculator.com,/convert/fluid-ounce-to-pint/,http://www.inchcalculator.com/convert/fluid-ounce-to-pint/,Fluid Ounces to Pints Converter (fl oz to pt),83541,29
omnicalculator.com,/math/surface-area-of-cylinder,http://www.omnicalculator.com/math/surface-area-of-cylinder,Surface Area of a Cylinder Calculator,83536,100
calculator.net,/protein-calculator.html,http://www.calculator.net/protein-calculator.html,Protein Calculator,83083,768
inchcalculator.com,/convert/gram-to-teaspoon/,http://www.inchcalculator.com/convert/gram-to-teaspoon/,Grams to Teaspoons Converter - (g to tsp),83045,49
unitconverters.net,/area/acres-to-square-miles.htm,http://www.unitconverters.net/area/acres-to-square-miles.htm,Convert acres to square miles,82968,63
unitconverters.net,/weight-and-mass/milligram-to-microgram.htm,http://www.unitconverters.net/weight-and-mass/milligram-to-microgram.htm,Convert Milligram to Microgram,82913,15
gigacalculator.com,/converters/convert-tb-to-gb.php,http://www.gigacalculator.com/converters/convert-tb-to-gb.php,TB to GB Converter - convert TeraBytes to GigaBytes online,82585,24
calculatorsoup.com,/calculators/math/fraction-to-percent-calculator.php,http://www.calculatorsoup.com/calculators/math/fraction-to-percent-calculator.php,Fraction to Percent Calculator,82582,169
rapidtables.com,/convert/weight/pound-to-kg.html?x=250,http://www.rapidtables.com/convert/weight/pound-to-kg.html?x=250,250 lbs to kg conversion,82486,0
calculator.net,/roi-calculator.html,http://www.calculator.net/roi-calculator.html,Return on Investment (ROI) Calculator,82009,710
inchcalculator.com,/years-ago-calculator/,http://www.inchcalculator.com/years-ago-calculator/,Years Ago Calculator,81803,9
calculator.net,/discount-calculator.html,http://www.calculator.net/discount-calculator.html,Discount Calculator,81616,445
rapidtables.com,/convert/weight/pound-to-kg.html?x=8,http://www.rapidtables.com/convert/weight/pound-to-kg.html?x=8,8 lbs to kg conversion,81458,0
omnicalculator.com,/conversion/cubic-feet-to-gallons,http://www.omnicalculator.com/conversion/cubic-feet-to-gallons,Cubic Feet to Gallons Converter,80845,8
inchcalculator.com,/height-converter/6ft-5in-to-inches/,http://www.inchcalculator.com/height-converter/6ft-5in-to-inches/,"What is 6' 5"" in Inches?",80755,0
calculator.net,/day-counter.html,http://www.calculator.net/day-counter.html,Day Counter,79858,341
omnicalculator.com,/math/volume,http://www.omnicalculator.com/math/volume,Volume Calculator,79846,149
unitconverters.net,/pressure/kpa-to-psi.htm,http://www.unitconverters.net/pressure/kpa-to-psi.htm,Convert kpa to psi,79434,79
calculator.net,/rounding-calculator.html,http://www.calculator.net/rounding-calculator.html,Rounding Calculator,79196,225
omnicalculator.com,/conversion/months-to-years,http://www.omnicalculator.com/conversion/months-to-years,Months to Years Calculator,79179,17
calculator.net,/confidence-interval-calculator.html,http://www.calculator.net/confidence-interval-calculator.html,Confidence Interval Calculator,79172,173
rapidtables.com,/convert/length/cm-to-inch.html?x=25,http://www.rapidtables.com/convert/length/cm-to-inch.html?x=25,25 cm to inches conversion,79029,6
omnicalculator.com,/physics/acceleration,http://www.omnicalculator.com/physics/acceleration,Acceleration Calculator | Definition | Formula,78820,292
rapidtables.com,/convert/weight/pound-to-kg.html?x=7,http://www.rapidtables.com/convert/weight/pound-to-kg.html?x=7,7 lbs to kg conversion,78811,0
calculator.net,/home-equity-loan-calculator.html,http://www.calculator.net/home-equity-loan-calculator.html,Home Equity Loan Calculator,78486,113
calculatorsoup.com,/calculators/conversions/temperature.php,http://www.calculatorsoup.com/calculators/conversions/temperature.php,Convert Temperature,78453,232
inchcalculator.com,/convert/liter-to-quart/,http://www.inchcalculator.com/convert/liter-to-quart/,Liters to Quarts Converter (L to qt),78230,12
calculator.net,/house-affordability-calculator.html,http://www.calculator.net/house-affordability-calculator.html,How Much House Can I Afford?,78120,307
rapidtables.com,/math/symbols/Basic_Math_Symbols.html,http://www.rapidtables.com/math/symbols/Basic_Math_Symbols.html,Basic math symbols,78045,812
inchcalculator.com,/convert/ounce-to-milligram/,http://www.inchcalculator.com/convert/ounce-to-milligram/,Ounces to Milligrams Converter (oz to mg),78040,1
inchcalculator.com,/convert/month-to-year/?months=72,http://www.inchcalculator.com/convert/month-to-year/?months=72,How Many Years is 72 Months?,77016,1
inchcalculator.com,/weeks-calculator/weeks-until-christmas/,http://www.inchcalculator.com/weeks-calculator/weeks-until-christmas/,How Many Weeks Until Christmas 2026?,76977,12
rapidtables.com,/convert/length/cm-to-meter.html,http://www.rapidtables.com/convert/length/cm-to-meter.html,CM to meters converter - Centimeters,76829,48
omnicalculator.com,/math/circle-perimeter,http://www.omnicalculator.com/math/circle-perimeter,Circle Perimeter Calculator,76445,13
rapidtables.com,/convert/weight/pound-to-kg.html?x=4,http://www.rapidtables.com/convert/weight/pound-to-kg.html?x=4,4 lbs to kg conversion,76273,0
thecalculatorsite.com,/time/days/90,http://www.thecalculatorsite.com/time/days/90,What is 90 Days From Today?,75747,47
omnicalculator.com,/math/triangular-prism,http://www.omnicalculator.com/math/triangular-prism,Triangular Prism Calculator,75171,75
inchcalculator.com,/days-from/90-days-ago-from-today/,http://www.inchcalculator.com/days-from/90-days-ago-from-today/,What Date Is 90 Days Ago From Today?,74886,11
rapidtables.com,/convert/temperature/fahrenheit-to-celsius.html,http://www.rapidtables.com/convert/temperature/fahrenheit-to-celsius.html,Fahrenheit to Celsius (°F to °C) Converter,74861,469
inchcalculator.com,/convert/metric-ton-to-pound/,http://www.inchcalculator.com/convert/metric-ton-to-pound/,Metric Tons (Tonnes) to Pounds Converter (t to lb),74786,24
omnicalculator.com,/conversion/minutes-to-days,http://www.omnicalculator.com/conversion/minutes-to-days,Minutes to Days Calculator,74727,7
omnicalculator.com,/sports/walking-calorie,http://www.omnicalculator.com/sports/walking-calorie,Walking Calorie Calculator,74410,267
unitconverters.net,/energy/kj-to-j.htm,http://www.unitconverters.net/energy/kj-to-j.htm,Convert kJ to J - Energy Conversion,74399,43
thecalculatorsite.com,/conversions/liquidvolume/milliliters-to-liters.php,http://www.thecalculatorsite.com/conversions/liquidvolume/milliliters-to-liters.php,Milliliters and Liters Converter (mL and L),74216,92
thecalculatorsite.com,/cooking/cups-ml.php,http://www.thecalculatorsite.com/cooking/cups-ml.php,Cups to mL / mL to Cups Converter,74115,129
rapidtables.com,/convert/length/mm-to-inch.html?x=90,http://www.rapidtables.com/convert/length/mm-to-inch.html?x=90,90 mm to inches conversion,73802,0
rapidtables.com,/convert/weight/kg-to-pound.html?x=46,http://www.rapidtables.com/convert/weight/kg-to-pound.html?x=46,46 kg to lbs conversion,73799,1
rapidtables.com,/convert/weight/pound-to-kg.html?x=6,http://www.rapidtables.com/convert/weight/pound-to-kg.html?x=6,6 lbs to kg conversion,73728,1
calculator.net,/pregnancy-conception-calculator.html,http://www.calculator.net/pregnancy-conception-calculator.html,Pregnancy Conception Calculator,73568,313
unitconverters.net,/volume/gallon-to-cubic-feet.htm,http://www.unitconverters.net/volume/gallon-to-cubic-feet.htm,Convert gallon to cubic feet,73559,38
inchcalculator.com,/height-converter/195cm/,http://www.inchcalculator.com/height-converter/195cm/,What is 195 cm in Feet and Inches?,73406,0
omnicalculator.com,/conversion/pounds-ounces,http://www.omnicalculator.com/conversion/pounds-ounces,Pounds and Ounces Calculator,73146,74
calculator.net,/401k-calculator.html,http://www.calculator.net/401k-calculator.html,401K Calculator,73122,254
inchcalculator.com,/days-from/30-days-from-today/,http://www.inchcalculator.com/days-from/30-days-from-today/,What Date Is 30 Days From Today?,72522,7
calculatorsoup.com,/calculators/math/scientific-notation-converter.php,http://www.calculatorsoup.com/calculators/math/scientific-notation-converter.php,Scientific Notation Converter,72173,264
calculator.net,/math-calculator.html,http://www.calculator.net/math-calculator.html,Math Calculators,72151,345
rapidtables.com,/convert/length/mile-to-km.html?x=100,http://www.rapidtables.com/convert/length/mile-to-km.html?x=100,100 miles to km conversion,71902,1
calculator.net,/army-body-fat-calculator.html,http://www.calculator.net/army-body-fat-calculator.html,Army Body Fat Calculator,71623,232
rapidtables.com,/convert/length/inch-to-cm.html?x=10,http://www.rapidtables.com/convert/length/inch-to-cm.html?x=10,10 inches to cm conversion,71248,1
rapidtables.com,/convert/length/feet-inch-to-cm.html?ft=5&inch=11,http://www.rapidtables.com/convert/length/feet-inch-to-cm.html?ft=5&inch=11,5 ft+11 inches to cm conversion,71109,9
calculator.net,/time-card-calculator.html,http://www.calculator.net/time-card-calculator.html,Time Card Calculator,71095,164
rapidtables.com,/convert/weight/mg-to-kg.html,http://www.rapidtables.com/convert/weight/mg-to-kg.html,Milligrams to Kilograms converter (mg to kg),71037,66
rapidtables.com,/convert/length/feet-inch-to-cm.html?ft=5&inch=10,http://www.rapidtables.com/convert/length/feet-inch-to-cm.html?ft=5&inch=10,5 feet+10 inches to cm conversion,70887,9
calculator.net,/cd-calculator.html,http://www.calculator.net/cd-calculator.html,CD Calculator,70876,181
omnicalculator.com,/food/cups-to-pounds,http://www.omnicalculator.com/food/cups-to-pounds,Cups to Pounds Converter,70577,17
calculatorsoup.com,/calculators/statistics/sum-calculator.php,http://www.calculatorsoup.com/calculators/statistics/sum-calculator.php,Sum Calculator,70185,28
rapidtables.com,/convert/length/feet-inch-to-feet.html,http://www.rapidtables.com/convert/length/feet-inch-to-feet.html,Feet+Inches to Feet (ft+in to ft) conversion calculator,68766,15
unitconverters.net,/pressure/psi-to-bar.htm,http://www.unitconverters.net/pressure/psi-to-bar.htm,Convert psi to bar - Pressure Conversion,68673,85
thecalculatorsite.com,/conversions/liquidvolume/liters-to-gallons-(uk).php/,http://www.thecalculatorsite.com/conversions/liquidvolume/liters-to-gallons-(uk).php/,Litres and UK Gallons Converter (L and gal),68227,0
calculatorsoup.com,/calculators/conversions/minutes-to-decimal.php,http://www.calculatorsoup.com/calculators/conversions/minutes-to-decimal.php,Minutes to Decimal Converter,67826,62
unitconverters.net,/volume/ml-to-cups.htm,http://www.unitconverters.net/volume/ml-to-cups.htm,Convert ml to cups,67746,102
inchcalculator.com,/convert/day-to-month/?days=90,http://www.inchcalculator.com/convert/day-to-month/?days=90,How Many Months is 90 Days?,67735,1
inchcalculator.com,/convert/teaspoon-to-gram/,http://www.inchcalculator.com/convert/teaspoon-to-gram/,Teaspoons to Grams Converter - (tsp to g),67614,27
thecalculatorsite.com,/conversions/common/newton-meters-foot-pounds.php,http://www.thecalculatorsite.com/conversions/common/newton-meters-foot-pounds.php,Newton-Meters to Foot-Pounds Converter (Nm to ft-lb),67596,110
omnicalculator.com,/finance/salary-to-hourly,http://www.omnicalculator.com/finance/salary-to-hourly,Salary to Hourly Calculator,67482,481
inchcalculator.com,/convert/cup-to-fluid-ounce/,http://www.inchcalculator.com/convert/cup-to-fluid-ounce/,Cups to Fluid Ounces Converter (c to fl oz),67204,21
calculatorsoup.com,/calculators/geometry-plane/midpoint-calculator.php,http://www.calculatorsoup.com/calculators/geometry-plane/midpoint-calculator.php,Midpoint Calculator,67102,100
rapidtables.com,/convert/length/inch-to-meter.html,http://www.rapidtables.com/convert/length/inch-to-meter.html,Inches to Meters (in to m) conversion calculator,66844,95
calculatorsoup.com,/calculators/conversions/acres-to-square-feet.php,http://www.calculatorsoup.com/calculators/conversions/acres-to-square-feet.php,Convert Acre to Square Foot | Acres to sf Conversion,66674,9
unitconverters.net,/weight-and-mass/microgram-to-gram.htm,http://www.unitconverters.net/weight-and-mass/microgram-to-gram.htm,Convert Microgram to Gram,66657,11
omnicalculator.com,/conversion/pints-to-cups-converter,http://www.omnicalculator.com/conversion/pints-to-cups-converter,Pints to Cups Converter,66623,9
unitconverters.net,/volume/cubic-foot-to-liter.htm,http://www.unitconverters.net/volume/cubic-foot-to-liter.htm,Convert Cubic Foot to Liter,66410,17
thecalculatorsite.com,/cooking/quarts-cups.php,http://www.thecalculatorsite.com/cooking/quarts-cups.php,Quarts to Cups Converter,66293,92
rapidtables.com,/convert/weight/kg-to-pound.html?x=6,http://www.rapidtables.com/convert/weight/kg-to-pound.html?x=6,6 kg to lbs conversion,66214,2
inchcalculator.com,/convert/month-to-year/?months=36,http://www.inchcalculator.com/convert/month-to-year/?months=36,How Many Years is 36 Months?,66002,1
gigacalculator.com,/calculators/hours-between-times-calculator.php,http://www.gigacalculator.com/calculators/hours-between-times-calculator.php,Hours Calculator (How many hours between times?),65972,349
rapidtables.com,/calc/time/hours-in-week.html,http://www.rapidtables.com/calc/time/hours-in-week.html,How many hours are in a week?,65945,41
rapidtables.com,/convert/length/km-to-mile.html?x=100,http://www.rapidtables.com/convert/length/km-to-mile.html?x=100,100 km to miles conversion,65728,0
thecalculatorsite.com,/conversions/common/ounces-pounds.php,http://www.thecalculatorsite.com/conversions/common/ounces-pounds.php,Ounces to Pounds Converter (oz to lb),65422,65
calculator.net,/long-division-calculator.html,http://www.calculator.net/long-division-calculator.html,Long Division Calculator,65356,441
gigacalculator.com,/converters/convert-kmph-to-mph.php,http://www.gigacalculator.com/converters/convert-kmph-to-mph.php,Kmh to Mph Converter (km/h to miles per hour),65204,40
unitconverters.net,/energy/nm-to-ft-lb.htm,http://www.unitconverters.net/energy/nm-to-ft-lb.htm,Convert Nm to ft lb - Energy Conversion,65063,112
rapidtables.com,/convert/length/feet-to-cm.html?f=6&insel=m&x=3,http://www.rapidtables.com/convert/length/feet-to-cm.html?f=6&insel=m&x=3,6 feet to cm conversion,65038,7
calculator.net,/roman-numeral-converter.html,http://www.calculator.net/roman-numeral-converter.html,Roman Numeral Converter,64841,20
unitconverters.net,/time/seconds-to-milliseconds.htm,http://www.unitconverters.net/time/seconds-to-milliseconds.htm,Convert seconds to milliseconds,63771,38
inchcalculator.com,/height-converter/5ft-3in-to-inches/,http://www.inchcalculator.com/height-converter/5ft-3in-to-inches/,"What is 5' 3"" in Inches?",63722,0
unitconverters.net,/weight-and-mass/milligram-to-ounce.htm,http://www.unitconverters.net/weight-and-mass/milligram-to-ounce.htm,Convert Milligram to Ounce,63651,138
rapidtables.com,/convert/weight/ton-to-pound.html,http://www.rapidtables.com/convert/weight/ton-to-pound.html,Metric Tons to Pounds conversion,63641,63
inchcalculator.com,/convert/quart-to-fluid-ounce/,http://www.inchcalculator.com/convert/quart-to-fluid-ounce/,Quarts to Fluid Ounces Converter (qt to fl oz),63616,11
inchcalculator.com,/convert/millisecond-to-minute/,http://www.inchcalculator.com/convert/millisecond-to-minute/,Milliseconds to Minutes Converter (ms to min),63555,21
inchcalculator.com,/convert/pound-to-quart/,http://www.inchcalculator.com/convert/pound-to-quart/,Pounds to Quarts Converter - (lb to qt),63258,24
inchcalculator.com,/height-converter/4ft-11in/,http://www.inchcalculator.com/height-converter/4ft-11in/,"What is 4' 11"" in Centimeters?",63156,1
inchcalculator.com,/height-converter/140cm/,http://www.inchcalculator.com/height-converter/140cm/,What is 140 cm in Feet and Inches?,63086,0
rapidtables.com,/convert/weight/pound-to-kg.html?x=132,http://www.rapidtables.com/convert/weight/pound-to-kg.html?x=132,132 lbs to kg conversion,62647,0
omnicalculator.com,/math/right-triangle-side-angle,http://www.omnicalculator.com/math/right-triangle-side-angle,Right Triangle Calculator | Find Missing Side and Angle,62559,277
unitconverters.net,/volume/cups-to-quart.htm,http://www.unitconverters.net/volume/cups-to-quart.htm,Convert cups to quart,62082,29
thecalculatorsite.com,/cooking/ml-grams.php,http://www.thecalculatorsite.com/cooking/ml-grams.php,mL to Grams Converter,61993,159
rapidtables.com,/convert/length/cm-to-inch.html?x=16,http://www.rapidtables.com/convert/length/cm-to-inch.html?x=16,16 cm to inches conversion,61923,2
thecalculatorsite.com,/conversions/datastorage/kilobytes-gigabytes.php,http://www.thecalculatorsite.com/conversions/datastorage/kilobytes-gigabytes.php,Kilobytes and Gigabytes Converter (kB and GB),61800,47
calculatorsoup.com,/calculators/conversions/kelvin-to-fahrenheit.php,http://www.calculatorsoup.com/calculators/conversions/kelvin-to-fahrenheit.php,Kelvin to Fahrenheit | K to °F,61551,6
rapidtables.com,/convert/length/cm-to-inch.html?x=21,http://www.rapidtables.com/convert/length/cm-to-inch.html?x=21,21 cm to inches conversion,61468,0
unitconverters.net,/volume/liter-to-cubic-meter.htm,http://www.unitconverters.net/volume/liter-to-cubic-meter.htm,Convert Liter to Cubic Meter,61351,10
rapidtables.com,/convert/length/inch-to-mm.html?x=3,http://www.rapidtables.com/convert/length/inch-to-mm.html?x=3,3 inches to mm conversion,61215,0
inchcalculator.com,/convert/foot-pound-to-inch-pound/,http://www.inchcalculator.com/convert/foot-pound-to-inch-pound/,Foot-Pounds to Inch-Pounds Converter (lb-ft to lb-in),61184,7
unitconverters.net,/speed/miles-per-hour-to-meters-per-second.htm,http://www.unitconverters.net/speed/miles-per-hour-to-meters-per-second.htm,Convert miles per hour to meters per second,60988,40
rapidtables.com,/convert/length/inch-to-cm.html?x=15,http://www.rapidtables.com/convert/length/inch-to-cm.html?x=15,15 inches to cm conversion,60955,0
unitconverters.net,/pressure/megapascal-to-psi.htm,http://www.unitconverters.net/pressure/megapascal-to-psi.htm,Convert Megapascal to Psi,60902,48
omnicalculator.com,/finance/pay-raise,http://www.omnicalculator.com/finance/pay-raise,Pay Raise Calculator,60575,264
rapidtables.com,/calc/grade/final-grade-calculator.html,http://www.rapidtables.com/calc/grade/final-grade-calculator.html,Final Grade Calculator,60565,207
inchcalculator.com,/convert/pint-to-ounce/,http://www.inchcalculator.com/convert/pint-to-ounce/,Pints to Ounces Converter - (pt to oz),60522,2
rapidtables.com,/convert/number/decimal-to-binary.html,http://www.rapidtables.com/convert/number/decimal-to-binary.html,Decimal to Binary Converter,60474,445
rapidtables.com,/convert/length/km-to-mile.html?x=30,http://www.rapidtables.com/convert/length/km-to-mile.html?x=30,30 km to miles conversion,60405,1
widgetly.co,/time-weeks/2-weeks-from-today,http://www.widgetly.co/time-weeks/2-weeks-from-today,What is 2 Weeks From Today?,60357,1
rapidtables.com,/convert/length/mm-to-inch.html?x=25,http://www.rapidtables.com/convert/length/mm-to-inch.html?x=25,25 mm to inches conversion,60246,2
widgetly.co,/time/14-days-from-today,http://www.widgetly.co/time/14-days-from-today,What is 14 Days From Today?,59971,2
thecalculatorsite.com,/conversions/common/square-feet-acres.php,http://www.thecalculatorsite.com/conversions/common/square-feet-acres.php,Square Feet to Acres,59857,162
inchcalculator.com,/height-converter/4ft-5in-to-inches/,http://www.inchcalculator.com/height-converter/4ft-5in-to-inches/,"What is 4' 5"" in Inches?",59843,0
widgetly.co,/time-weeks/6-weeks-from-today,http://www.widgetly.co/time-weeks/6-weeks-from-today,What is 6 Weeks From Today?,59753,1
omnicalculator.com,/sports/steps-to-miles,http://www.omnicalculator.com/sports/steps-to-miles,Steps to Miles Calculator,59473,159
unitconverters.net,/area/acres-to-hectare.htm,http://www.unitconverters.net/area/acres-to-hectare.htm,Convert acres to hectare,59451,45
rapidtables.com,/convert/weight/kg-to-pound.html?x=99,http://www.rapidtables.com/convert/weight/kg-to-pound.html?x=99,99 kg to lbs conversion,59343,1
omnicalculator.com,/math/radius-of-a-circle,http://www.omnicalculator.com/math/radius-of-a-circle,Radius of a Circle Calculator,58880,79
calculatorsoup.com,/calculators/discretemathematics/combinations.php,http://www.calculatorsoup.com/calculators/discretemathematics/combinations.php,Combinations Calculator (nCr),58848,350
rapidtables.com,/convert/number/degrees-to-radians.html,http://www.rapidtables.com/convert/number/degrees-to-radians.html,Degrees to Radians conversion calculator,58845,156
thecalculatorsite.com,/finance/calculators/hourly-to-salary.php,http://www.thecalculatorsite.com/finance/calculators/hourly-to-salary.php,Hourly to Salary Calculator,58764,243
unitconverters.net,/weight-and-mass/milligram-to-kilogram.htm,http://www.unitconverters.net/weight-and-mass/milligram-to-kilogram.htm,Convert Milligram to Kilogram,58754,29
thecalculatorsite.com,/conversions/charts/pounds-kg.php,http://www.thecalculatorsite.com/conversions/charts/pounds-kg.php,Pounds and Stone to Kilograms Chart,58465,108
omnicalculator.com,/conversion/tbsp-to-grams,http://www.omnicalculator.com/conversion/tbsp-to-grams,tbsp to Grams Converter (with Ingredient Weights),58403,21
rapidtables.com,/convert/weight/kg-to-pound.html?x=49,http://www.rapidtables.com/convert/weight/kg-to-pound.html?x=49,49 kg to lbs conversion,58043,0
inchcalculator.com,/convert/gram-to-fluid-ounce/,http://www.inchcalculator.com/convert/gram-to-fluid-ounce/,Grams to Fluid Ounces Converter - (g to fl oz),57995,148
rapidtables.com,/convert/number/binary-to-decimal.html,http://www.rapidtables.com/convert/number/binary-to-decimal.html,Binary to Decimal Converter,57959,367
inchcalculator.com,/minutes-from/30-minutes-from-now/,http://www.inchcalculator.com/minutes-from/30-minutes-from-now/,What Time Is 30 Minutes From Now?,57856,4
rapidtables.com,/convert/length/km-to-mile.html?x=5,http://www.rapidtables.com/convert/length/km-to-mile.html?x=5,5 km to miles conversion,57688,1
unitconverters.net,/volume/cubic-inches-to-gallons.htm,http://www.unitconverters.net/volume/cubic-inches-to-gallons.htm,Convert cubic inches to gallons,57547,36
gigacalculator.com,/calculators/average-speed-calculator.php,http://www.gigacalculator.com/calculators/average-speed-calculator.php,Average Speed Calculator,57490,80
inchcalculator.com,/height-converter/145cm/,http://www.inchcalculator.com/height-converter/145cm/,What is 145 cm in Feet and Inches?,57276,1
rapidtables.com,/convert/length/meter-to-mile.html?x=800,http://www.rapidtables.com/convert/length/meter-to-mile.html?x=800,800 meters to miles conversion,57220,0
inchcalculator.com,/convert/quart-to-milliliter/,http://www.inchcalculator.com/convert/quart-to-milliliter/,Quarts to Milliliters Converter (qt to mL),57135,7
rapidtables.com,/convert/length/cm-to-feet.html?x=157,http://www.rapidtables.com/convert/length/cm-to-feet.html?x=157,157 cm to feet conversion,57131,0
inchcalculator.com,/convert/liter-to-kilogram/,http://www.inchcalculator.com/convert/liter-to-kilogram/,Liters to Kilograms Converter - (L to kg),56852,86
widgetly.co,/time/21-days-from-today,http://www.widgetly.co/time/21-days-from-today,What is 21 Days From Today?,56767,4
unitconverters.net,/power/megawatt-to-kilowatt.htm,http://www.unitconverters.net/power/megawatt-to-kilowatt.htm,Convert Megawatt to Kilowatt,56605,3
thecalculatorsite.com,/conversions/charts/height-chart.php,http://www.thecalculatorsite.com/conversions/charts/height-chart.php,"Height Charts - Feet, Inches, Centimeters, Meters",56392,274
calculatorsoup.com,/calculators/geometry-solids/surfacearea.php,http://www.calculatorsoup.com/calculators/geometry-solids/surfacearea.php,Surface Area Calculator,56214,176
omnicalculator.com,/conversion/days-to-years,http://www.omnicalculator.com/conversion/days-to-years,Days to Years Calculator,56073,15
unitconverters.net,/volume/pint-to-ml.htm,http://www.unitconverters.net/volume/pint-to-ml.htm,Convert pint to ml,55967,43
inchcalculator.com,/convert/cubic-foot-to-gallon/,http://www.inchcalculator.com/convert/cubic-foot-to-gallon/,Cubic Feet to Gallons Converter (ft³ to gal),55955,41
omnicalculator.com,/chemistry/percent-yield,http://www.omnicalculator.com/chemistry/percent-yield,Percent Yield Calculator,55881,42
rapidtables.com,/convert/weight/pound-to-kg.html?x=33,http://www.rapidtables.com/convert/weight/pound-to-kg.html?x=33,33 lbs to kg conversion,55812,0
unitconverters.net,/speed/feet-per-second-to-mph.htm,http://www.unitconverters.net/speed/feet-per-second-to-mph.htm,Convert feet per second to mph,55730,27
omnicalculator.com,/math/isosceles-triangle-angles,http://www.omnicalculator.com/math/isosceles-triangle-angles,Isosceles Triangle Angles Calculator,55548,4
omnicalculator.com,/finance/percent-off,http://www.omnicalculator.com/finance/percent-off,Percent Off Calculator,55045,513
unitconverters.net,/length/km-to-cm.htm,http://www.unitconverters.net/length/km-to-cm.htm,Convert km to cm,54851,47
calculatorsoup.com,/calculators/financial/money-calculator.php,http://www.calculatorsoup.com/calculators/financial/money-calculator.php,Money Calculator,54794,332
rapidtables.com,/convert/length/meter-to-cm.html,http://www.rapidtables.com/convert/length/meter-to-cm.html,Meters to cm converter,54705,56
inchcalculator.com,/convert/second-to-year/,http://www.inchcalculator.com/convert/second-to-year/,Seconds to Years Converter (s to yr),54695,7
unitconverters.net,/volume/liter-to-cubic-centimeter.htm,http://www.unitconverters.net/volume/liter-to-cubic-centimeter.htm,Convert Liter to Cubic Centimeter,54386,28
rapidtables.com,/convert/length/mm-to-feet.html,http://www.rapidtables.com/convert/length/mm-to-feet.html,Millimeters to Feet (mm to ft) conversion calculator,54360,74
omnicalculator.com,/conversion/ounces-to-pounds-converter,http://www.omnicalculator.com/conversion/ounces-to-pounds-converter,Ounces to Pounds Converter,54183,19
calculatorsoup.com,/calculators/algebra/square-calculator.php,http://www.calculatorsoup.com/calculators/algebra/square-calculator.php,Square Calculator x²,54180,115
rapidtables.com,/convert/length/meter-to-km.html,http://www.rapidtables.com/convert/length/meter-to-km.html,Meters to km converter,54137,42
inchcalculator.com,/convert/pound-to-ounce/,http://www.inchcalculator.com/convert/pound-to-ounce/,Pounds to Ounces Converter (lb to oz) - Conversion,53841,38
omnicalculator.com,/health/waist-hip-ratio,http://www.omnicalculator.com/health/waist-hip-ratio,Waist to hip ratio calculator,53732,101
inchcalculator.com,/height-converter/185cm/,http://www.inchcalculator.com/height-converter/185cm/,What is 185 cm in Feet and Inches?,53584,4
rapidtables.com,/convert/length/mm-to-cm.html,http://www.rapidtables.com/convert/length/mm-to-cm.html,mm to cm - millimeters to centimeters conversion,53156,134
omnicalculator.com,/math/equilateral-triangle,http://www.omnicalculator.com/math/equilateral-triangle,Equilateral Triangle Calculator,53079,54
unitconverters.net,/volume/cubic-meter-to-gallon-us.htm,http://www.unitconverters.net/volume/cubic-meter-to-gallon-us.htm,Convert Cubic Meter to Gallon (US),53051,3
unitconverters.net,/area/square-meter-to-acre.htm,http://www.unitconverters.net/area/square-meter-to-acre.htm,Convert Square Meter to Acre,52845,42
inchcalculator.com,/weeks-from/6-weeks-from-today/,http://www.inchcalculator.com/weeks-from/6-weeks-from-today/,What Date Is 6 Weeks From Today?,52709,14
unitconverters.net,/volume/pint-uk-to-milliliter.htm,http://www.unitconverters.net/volume/pint-uk-to-milliliter.htm,Convert Pint (UK) to Milliliter,52512,1
rapidtables.com,/convert/length/meter-to-mile.html?x=200,http://www.rapidtables.com/convert/length/meter-to-mile.html?x=200,200 meters to miles conversion,52410,0
rapidtables.com,/convert/weight/kg-to-pound.html?x=4,http://www.rapidtables.com/convert/weight/kg-to-pound.html?x=4,4 kg to lbs conversion,52399,0
omnicalculator.com,/other/minecraft-circle,http://www.omnicalculator.com/other/minecraft-circle,Minecraft Circle Generator,52331,178
unitconverters.net,/pressure/psi-to-kpa.htm,http://www.unitconverters.net/pressure/psi-to-kpa.htm,Convert psi to kpa,51976,48
omnicalculator.com,/math/percentage-change,http://www.omnicalculator.com/math/percentage-change,Percentage Change Calculator,51816,182
calculator.net,/take-home-pay-calculator.html,http://www.calculator.net/take-home-pay-calculator.html,Take-Home-Paycheck Calculator,51699,632
omnicalculator.com,/conversion/mmhg-to-atm-conversion,http://www.omnicalculator.com/conversion/mmhg-to-atm-conversion,MmHg to Atm Conversion,51624,5
rapidtables.com,/convert/length/inch-to-cm.html?x=3,http://www.rapidtables.com/convert/length/inch-to-cm.html?x=3,3 inches to cm conversion,51590,4
omnicalculator.com,/conversion/feet-to-inches,http://www.omnicalculator.com/conversion/feet-to-inches,Feet to Inches Calculator,51415,2
omnicalculator.com,/everyday-life/180-day,http://www.omnicalculator.com/everyday-life/180-day,180 Day Calculator,51327,16
inchcalculator.com,/convert/pound-to-cup/,http://www.inchcalculator.com/convert/pound-to-cup/,Pounds to Cups Converter - (lb to c),51220,18
inchcalculator.com,/convert/pint-to-quart/,http://www.inchcalculator.com/convert/pint-to-quart/,Pints to Quarts Converter (pt to qt),51152,9
inchcalculator.com,/convert/milliliter-to-teaspoon/,http://www.inchcalculator.com/convert/milliliter-to-teaspoon/,Milliliters to Teaspoons Converter (mL to tsp),51141,63
unitconverters.net,/data-storage/gigabyte-to-byte.htm,http://www.unitconverters.net/data-storage/gigabyte-to-byte.htm,Convert Gigabyte to Byte,50983,44
rapidtables.com,/convert/length/km-to-mm.html,http://www.rapidtables.com/convert/length/km-to-mm.html,km to mm converter,50909,26
calculatorsoup.com,/calculators/geometry-solids/rectangularprism.php,http://www.calculatorsoup.com/calculators/geometry-solids/rectangularprism.php,Rectangular Prism Calculator (Cuboid),50614,188
rapidtables.com,/math/symbols/roman_numerals.html,http://www.rapidtables.com/math/symbols/roman_numerals.html,Roman Numerals Chart,50548,263
unitconverters.net,/volume/liter-to-cubic-foot.htm,http://www.unitconverters.net/volume/liter-to-cubic-foot.htm,Convert Liter to Cubic Foot,50530,11
unitconverters.net,/volume/ml-to-cc.htm,http://www.unitconverters.net/volume/ml-to-cc.htm,Convert ml to cc - Volume Conversion,50528,26
rapidtables.com,/convert/length/inch-to-cm.html?x=7,http://www.rapidtables.com/convert/length/inch-to-cm.html?x=7,7 inches to cm conversion,50502,0
unitconverters.net,/power/kilowatt-to-megawatt.htm,http://www.unitconverters.net/power/kilowatt-to-megawatt.htm,Convert Kilowatt to Megawatt,50487,3
inchcalculator.com,/days-from/10-days-from-today/,http://www.inchcalculator.com/days-from/10-days-from-today/,What Date Is 10 Days From Today?,50430,7
inchcalculator.com,/height-converter/6ft-3in-to-inches/,http://www.inchcalculator.com/height-converter/6ft-3in-to-inches/,"What is 6' 3"" in Inches?",50368,0
inchcalculator.com,/convert/milligram-to-milliliter/,http://www.inchcalculator.com/convert/milligram-to-milliliter/,mg to mL Converter (Milligrams to Milliliters),50163,58
inchcalculator.com,/convert/gram-to-liter/,http://www.inchcalculator.com/convert/gram-to-liter/,Grams to Liters Converter - (g to L),50091,16
omnicalculator.com,/conversion/mbps-to-gbps,http://www.omnicalculator.com/conversion/mbps-to-gbps,Mbps to Gbps Converter,50064,17
widgetly.co,/time-weeks/8-weeks-from-today,http://www.widgetly.co/time-weeks/8-weeks-from-today,What is 8 Weeks From Today?,49953,2
calculatorsoup.com,/calculators/conversions/cubic-yards-to-cubic-feet.php,http://www.calculatorsoup.com/calculators/conversions/cubic-yards-to-cubic-feet.php,Cubic Yards to Cubic Feet | cu yd to cu ft,49950,3
thecalculatorsite.com,/health/miles-steps.php,http://www.thecalculatorsite.com/health/miles-steps.php,Miles to Steps Calculator,49950,183
rapidtables.com,/convert/length/mm-to-km.html,http://www.rapidtables.com/convert/length/mm-to-km.html,mm to km converter,49831,33
omnicalculator.com,/conversion/gallons-to-pints-converter,http://www.omnicalculator.com/conversion/gallons-to-pints-converter,Gallons to Pints Converter,49691,6
rapidtables.com,/web/color/RGB_Color.html,http://www.rapidtables.com/web/color/RGB_Color.html,RGB Color Codes Chart 🎨,49638,2074
inchcalculator.com,/height-converter/210cm/,http://www.inchcalculator.com/height-converter/210cm/,What is 210 cm in Feet and Inches?,49375,1
widgetly.co,/time/120-days-from-today,http://www.widgetly.co/time/120-days-from-today,What is 120 Days From Today?,49265,2
calculatorsoup.com,/calculators/algebra/squareroots.php,http://www.calculatorsoup.com/calculators/algebra/squareroots.php,Square Root Calculator,49097,215
unitconverters.net,/length/mil-to-millimeter.htm,http://www.unitconverters.net/length/mil-to-millimeter.htm,Convert Mil to Millimeter,48991,33
calculator.net,/pregnancy-weight-gain-calculator.html,http://www.calculator.net/pregnancy-weight-gain-calculator.html,Pregnancy Weight Gain Calculator,48916,250
thecalculatorsite.com,/time/days/60,http://www.thecalculatorsite.com/time/days/60,What is 60 Days From Today?,48905,16
unitconverters.net,/speed/mph-to-knot.htm,http://www.unitconverters.net/speed/mph-to-knot.htm,Convert mph to knot,48751,32
unitconverters.net,/volume/milliliter-to-quart-us.htm,http://www.unitconverters.net/volume/milliliter-to-quart-us.htm,Convert Milliliter to Quart (US),48745,11
inchcalculator.com,/convert/month-to-year/?months=60,http://www.inchcalculator.com/convert/month-to-year/?months=60,How Many Years is 60 Months?,48724,0
inchcalculator.com,/convert/pound-to-liter/,http://www.inchcalculator.com/convert/pound-to-liter/,Pounds to Liters Converter - (lb to L),48690,31
inchcalculator.com,/convert/second-to-hour/,http://www.inchcalculator.com/convert/second-to-hour/,Seconds to Hours Converter (s to hr),48685,45
omnicalculator.com,/finance/annual-income,http://www.omnicalculator.com/finance/annual-income,Annual Income Calculator,48505,202
rapidtables.com,/convert/length/meter-to-feet.html?x=25,http://www.rapidtables.com/convert/length/meter-to-feet.html?x=25,25 meters to feet - Convert,48464,0
omnicalculator.com,/conversion/cc-to-ml-converter,http://www.omnicalculator.com/conversion/cc-to-ml-converter,cc to ml Converter,48357,5
calculatorsoup.com,/calculators/math/fractionsequivalent.php,http://www.calculatorsoup.com/calculators/math/fractionsequivalent.php,Equivalent Fractions Calculator,48191,176
unitconverters.net,/weight-and-mass/gram-to-microgram.htm,http://www.unitconverters.net/weight-and-mass/gram-to-microgram.htm,Convert Gram to Microgram,48115,10
rapidtables.com,/convert/length/feet-inch-to-meter.html,http://www.rapidtables.com/convert/length/feet-inch-to-meter.html,Inches+Feet to Meters (ft+in to m) Converter,48033,75
rapidtables.com,/convert/length/inch-to-mm.html?x=4,http://www.rapidtables.com/convert/length/inch-to-mm.html?x=4,4 inches to mm conversion,48005,0
unitconverters.net,/energy/cal-to-j.htm,http://www.unitconverters.net/energy/cal-to-j.htm,Convert cal to J,47692,27
inchcalculator.com,/convert/liter-to-fluid-ounce/,http://www.inchcalculator.com/convert/liter-to-fluid-ounce/,Liters to Fluid Ounces Converter (L to fl oz),47649,34
omnicalculator.com,/conversion/ml-to-cups,http://www.omnicalculator.com/conversion/ml-to-cups,ml to cups Converter,47634,29
omnicalculator.com,/conversion/lbs-to-g,http://www.omnicalculator.com/conversion/lbs-to-g,lbs to g Converter,47619,24
omnicalculator.com,/math/pyramid-volume,http://www.omnicalculator.com/math/pyramid-volume,Pyramid Volume Calculator,47601,76
calculator.net,/log-calculator.html,http://www.calculator.net/log-calculator.html,Log Calculator (Logarithm),47573,374
rapidtables.com,/convert/weight/gram-to-ounce.html?x=30,http://www.rapidtables.com/convert/weight/gram-to-ounce.html?x=30,30 g to oz,47493,0
inchcalculator.com,/height-converter/4ft-11in-to-inches/,http://www.inchcalculator.com/height-converter/4ft-11in-to-inches/,"What is 4' 11"" in Inches?",47340,1
omnicalculator.com,/conversion/yard-to-mile-converter,http://www.omnicalculator.com/conversion/yard-to-mile-converter,Yard to Mile Converter,47255,5
rapidtables.com,/convert/frequency/mhz-to-hz.html,http://www.rapidtables.com/convert/frequency/mhz-to-hz.html,Megahertz (MHz) to hertz (Hz) conversion calculator,47254,82
inchcalculator.com,/week-of-the-year/,http://www.inchcalculator.com/week-of-the-year/,What Week of the Year Is It?,47174,9
unitconverters.net,/data-storage/mb-to-kb.htm,http://www.unitconverters.net/data-storage/mb-to-kb.htm,Convert MB to KB - Data Storage Conversion,47061,51
calculatorsoup.com,/calculators/math/percent-to-fraction-calculator.php,http://www.calculatorsoup.com/calculators/math/percent-to-fraction-calculator.php,Percent to Fraction Calculator,46992,229
inchcalculator.com,/height-converter/6ft-2in-to-inches/,http://www.inchcalculator.com/height-converter/6ft-2in-to-inches/,"What is 6' 2"" in Inches?",46647,1
calculator.net,/ideal-weight-calculator.html,http://www.calculator.net/ideal-weight-calculator.html,Ideal Weight Calculator,46479,1168
rapidtables.com,/convert/weight/stone-to-pound.html,http://www.rapidtables.com/convert/weight/stone-to-pound.html,Stones to Pounds converter (st to lbs) | Weight conversion,46292,79
widgetly.co,/time/100-days-from-today,http://www.widgetly.co/time/100-days-from-today,What is 100 Days From Today?,46190,1
inchcalculator.com,/height-converter/150cm/,http://www.inchcalculator.com/height-converter/150cm/,What is 150 cm in Feet and Inches?,46079,2
omnicalculator.com,/conversion/nm-to-in-lbs,http://www.omnicalculator.com/conversion/nm-to-in-lbs,Nm to in-lbs converter,46062,3
unitconverters.net,/force/newtons-to-kg.htm,http://www.unitconverters.net/force/newtons-to-kg.htm,Convert newtons to kg - Force Conversion,46022,68
omnicalculator.com,/conversion/ounces-to-grams-converter,http://www.omnicalculator.com/conversion/ounces-to-grams-converter,Ounces to Grams Converter,45931,35
inchcalculator.com,/height-converter/5ft-0in/,http://www.inchcalculator.com/height-converter/5ft-0in/,"What is 5' 0"" in Centimeters?",45661,3
inchcalculator.com,/convert/kilogram-to-pound/?kg=140,http://www.inchcalculator.com/convert/kilogram-to-pound/?kg=140,How Many Pounds Are in 140 Kilograms?,45536,0
inchcalculator.com,/months-from/6-months-ago-from-today/,http://www.inchcalculator.com/months-from/6-months-ago-from-today/,What Date Is 6 Months Ago?,45372,1
rapidtables.com,/convert/length/cm-to-inch.html?x=10,http://www.rapidtables.com/convert/length/cm-to-inch.html?x=10,10 cm to inches conversion,45313,13
rapidtables.com,/convert/weight/kg-to-pound.html?x=9,http://www.rapidtables.com/convert/weight/kg-to-pound.html?x=9,9 kg to lbs conversion,45299,0
omnicalculator.com,/finance/time-and-a-half,http://www.omnicalculator.com/finance/time-and-a-half,Time and a Half Calculator,45231,32
widgetly.co,/time/7-days-from-today,http://www.widgetly.co/time/7-days-from-today,What is 7 Days From Today?,45200,2
unitconverters.net,/volume/quart-us-to-milliliter.htm,http://www.unitconverters.net/volume/quart-us-to-milliliter.htm,Convert Quart (US) to Milliliter,45027,4
rapidtables.com,/convert/length/cm-to-inch.html?x=12,http://www.rapidtables.com/convert/length/cm-to-inch.html?x=12,12 cm to inches conversion,44879,1
inchcalculator.com,/days-from/90-days-from-today/,http://www.inchcalculator.com/days-from/90-days-from-today/,What Date Is 90 Days From Today?,44806,32
inchcalculator.com,/convert/quart-to-gallon/,http://www.inchcalculator.com/convert/quart-to-gallon/,Quarts to Gallons Converter (qt to gal),44656,25
unitconverters.net,/energy/kj-to-kcal.htm,http://www.unitconverters.net/energy/kj-to-kcal.htm,Convert kJ to kcal,44591,56
omnicalculator.com,/everyday-life/birth-year,http://www.omnicalculator.com/everyday-life/birth-year,Birth Year Calculator,44510,14
inchcalculator.com,/convert/week-to-month/,http://www.inchcalculator.com/convert/week-to-month/,Weeks to Months Converter (wk to mo),44275,25
inchcalculator.com,/months-from/3-months-from-today/,http://www.inchcalculator.com/months-from/3-months-from-today/,What Date Is 3 Months From Today?,44159,10
rapidtables.com,/convert/length/meter-to-feet.html?x=3,http://www.rapidtables.com/convert/length/meter-to-feet.html?x=3,3 meters to feet,43900,3
thecalculatorsite.com,/conversions/height/5ft-6in,http://www.thecalculatorsite.com/conversions/height/5ft-6in,"What is 5' 6"" in Centimeters?",43864,30
unitconverters.net,/volume/deciliter-to-liter.htm,http://www.unitconverters.net/volume/deciliter-to-liter.htm,Convert Deciliter to Liter,43784,35
inchcalculator.com,/height-converter/120cm/,http://www.inchcalculator.com/height-converter/120cm/,What is 120 cm in Feet and Inches?,43676,2
calculator.net,/gravel-calculator.html,http://www.calculator.net/gravel-calculator.html,Gravel Calculator,43655,107
unitconverters.net,/power/hp-to-kw.htm,http://www.unitconverters.net/power/hp-to-kw.htm,Convert hp to kw - Power Conversion,43283,69
unitconverters.net,/volume/cubic-meter-to-cubic-foot.htm,http://www.unitconverters.net/volume/cubic-meter-to-cubic-foot.htm,Convert Cubic Meter to Cubic Foot,43252,2
omnicalculator.com,/conversion/kg-to-lbs-converter,http://www.omnicalculator.com/conversion/kg-to-lbs-converter,kg to lbs Converter | Convert Kilograms to Pounds,43222,84
calculator.net,/speed-calculator.html,http://www.calculator.net/speed-calculator.html,Speed Calculator,43146,17
rapidtables.com,/convert/length/meter-to-feet.html?x=1.5,http://www.rapidtables.com/convert/length/meter-to-feet.html?x=1.5,1.5 meters to feet - Convert,43128,2
calculator.net,/finance-calculator.html,http://www.calculator.net/finance-calculator.html,Finance Calculator,43118,490
inchcalculator.com,/countdown-timer/how-long-until-5-00-pm/,http://www.inchcalculator.com/countdown-timer/how-long-until-5-00-pm/,How Long Until 5:00 PM?,43101,0
calculatorsoup.com,/calculators/conversions/heightftcm.php,http://www.calculatorsoup.com/calculators/conversions/heightftcm.php,Height Converter ft to cm and cm to in,43090,233
inchcalculator.com,/convert/liter-to-gram/,http://www.inchcalculator.com/convert/liter-to-gram/,Liters to Grams Converter - (L to g),43066,37
omnicalculator.com,/math/hypotenuse,http://www.omnicalculator.com/math/hypotenuse,Hypotenuse Calculator,43054,143
unitconverters.net,/volume/cubic-feet-to-gallon.htm,http://www.unitconverters.net/volume/cubic-feet-to-gallon.htm,Convert cubic feet to gallon,42959,34
inchcalculator.com,/convert/fluid-ounce-to-tablespoon/,http://www.inchcalculator.com/convert/fluid-ounce-to-tablespoon/,Fluid Ounces to Tablespoons Converter (fl oz to tbsp),42842,20
rapidtables.com,/convert/length/mile-to-km.html?x=10,http://www.rapidtables.com/convert/length/mile-to-km.html?x=10,10 miles to km conversion,42837,0
rapidtables.com,/convert/weight/kg-to-pound.html?x=250,http://www.rapidtables.com/convert/weight/kg-to-pound.html?x=250,250 kg to lbs conversion,42787,0
inchcalculator.com,/convert/pint-to-gallon/,http://www.inchcalculator.com/convert/pint-to-gallon/,Pints to Gallons Converter (pt to gal),42773,9
rapidtables.com,/convert/length/cm-to-feet.html?x=198,http://www.rapidtables.com/convert/length/cm-to-feet.html?x=198,198 cm to feet conversion,42686,1
omnicalculator.com,/conversion/ms-to-seconds-conversion,http://www.omnicalculator.com/conversion/ms-to-seconds-conversion,ms to Seconds Converter,42603,5
thecalculatorsite.com,/conversions/common/inches-cm.php,http://www.thecalculatorsite.com/conversions/common/inches-cm.php,Inches to Cm Converter,42461,151
rapidtables.com,/convert/weight/kg-to-pound.html?x=109,http://www.rapidtables.com/convert/weight/kg-to-pound.html?x=109,109 kg to lbs conversion,42455,1
rapidtables.com,/convert/length/mile-to-km.html?x=60,http://www.rapidtables.com/convert/length/mile-to-km.html?x=60,60 miles to km conversion,42442,0
rapidtables.com,/convert/length/cm-to-inch.html?x=40,http://www.rapidtables.com/convert/length/cm-to-inch.html?x=40,40 cm to inches conversion,42366,8
rapidtables.com,/convert/length/feet-to-mm.html,http://www.rapidtables.com/convert/length/feet-to-mm.html,Feet to Millimeters (ft to mm) conversion calculator,42279,62
calculator.net,/roofing-calculator.html,http://www.calculator.net/roofing-calculator.html,Roofing Calculator,42000,315
rapidtables.com,/convert/length/mm-to-feet-inch.html,http://www.rapidtables.com/convert/length/mm-to-feet-inch.html,MM to Inches+Feet (ft+in) Converter - Conversion,41966,63
rapidtables.com,/convert/length/feet-inch-to-cm.html?ft=5&inch=5,http://www.rapidtables.com/convert/length/feet-inch-to-cm.html?ft=5&inch=5,5 feet+5 inches to cm conversion,41797,5
inchcalculator.com,/convert/teaspoon-to-milligram/,http://www.inchcalculator.com/convert/teaspoon-to-milligram/,Teaspoons to Milligrams Converter - (tsp to mg),41661,28
rapidtables.com,/convert/length/cm-to-feet.html?x=160,http://www.rapidtables.com/convert/length/cm-to-feet.html?x=160,160 cm to feet conversion,41661,4
omnicalculator.com,/conversion/grams-to-fl-oz,http://www.omnicalculator.com/conversion/grams-to-fl-oz,Grams to fl oz Converter,41614,6
inchcalculator.com,/hours-from/11-hours-ago/,http://www.inchcalculator.com/hours-from/11-hours-ago/,What Time Was It 11 Hours Ago?,41385,1
omnicalculator.com,/conversion/nickels-to-dollars,http://www.omnicalculator.com/conversion/nickels-to-dollars,Nickels to Dollars Calculator,41368,1
rapidtables.com,/convert/length/mile-to-km.html?x=6,http://www.rapidtables.com/convert/length/mile-to-km.html?x=6,6 miles to km conversion,41345,1
thecalculatorsite.com,/cooking/tablespoons-grams.php,http://www.thecalculatorsite.com/cooking/tablespoons-grams.php,Tablespoons to Grams Converter (tbsp to g),41295,1
inchcalculator.com,/convert/milligram-to-ounce/,http://www.inchcalculator.com/convert/milligram-to-ounce/,Milligrams to Ounces Converter (mg to oz),41285,53
thecalculatorsite.com,/conversions/height/5ft-9in,http://www.thecalculatorsite.com/conversions/height/5ft-9in,"What is 5' 9"" in Centimeters?",41209,28
omnicalculator.com,/conversion/kilobytes-to-megabytes,http://www.omnicalculator.com/conversion/kilobytes-to-megabytes,kB to MB Converter,41089,12
unitconverters.net,/energy/j-to-kj.htm,http://www.unitconverters.net/energy/j-to-kj.htm,Convert J to kJ,41014,39
omnicalculator.com,/finance/overtime,http://www.omnicalculator.com/finance/overtime,Overtime Calculator,41007,160
rapidtables.com,/convert/length/meter-to-mile.html?x=500,http://www.rapidtables.com/convert/length/meter-to-mile.html?x=500,500 meters to miles conversion,40843,0
inchcalculator.com,/convert/fluid-ounce-to-gram/,http://www.inchcalculator.com/convert/fluid-ounce-to-gram/,Fluid Ounces to Grams Converter - (fl oz to g),40809,151
thecalculatorsite.com,/conversions/common/water-weight.php,http://www.thecalculatorsite.com/conversions/common/water-weight.php,Water Weight Calculator,40753,137
thecalculatorsite.com,/conversions/height/5ft-7in,http://www.thecalculatorsite.com/conversions/height/5ft-7in,"What is 5' 7"" in Centimeters?",40731,58
calculator.net,/margin-calculator.html,http://www.calculator.net/margin-calculator.html,Margin Calculator,40673,358
inchcalculator.com,/convert/kilogram-to-pound/?kg=54,http://www.inchcalculator.com/convert/kilogram-to-pound/?kg=54,54 kg to lbs - How Many Pounds Are in 54 Kilograms?,40657,1
rapidtables.com,/convert/number/decimal-to-hex.html,http://www.rapidtables.com/convert/number/decimal-to-hex.html,Decimal to Hex Converter,40449,544
inchcalculator.com,/days-from/45-days-from-today/,http://www.inchcalculator.com/days-from/45-days-from-today/,What Date Is 45 Days From Today?,40333,3
inchcalculator.com,/convert/teaspoon-to-cup/,http://www.inchcalculator.com/convert/teaspoon-to-cup/,Teaspoons to Cups Converter (tsp to c),40193,8
inchcalculator.com,/countdown-timer/how-long-until-3-00-pm/,http://www.inchcalculator.com/countdown-timer/how-long-until-3-00-pm/,How Long Until 3:00 PM?,39899,0
rapidtables.com,/convert/length/cm-to-feet.html?x=174,http://www.rapidtables.com/convert/length/cm-to-feet.html?x=174,174 cm to feet conversion,39691,4
rapidtables.com,/tools/click-counter.html,http://www.rapidtables.com/tools/click-counter.html,Click Counter | Tally Counter,39672,132
thecalculatorsite.com,/cooking/cups-grams.php,http://www.thecalculatorsite.com/cooking/cups-grams.php,Cups to Grams Converter For Ingredients,39645,449
omnicalculator.com,/math/average,http://www.omnicalculator.com/math/average,Average Calculator,39625,272
calculatorsoup.com,/calculators/time/time-to-decimal-calculator.php,http://www.calculatorsoup.com/calculators/time/time-to-decimal-calculator.php,Time to Decimal Calculator,39557,231
thecalculatorsite.com,/conversions/common/gallons-pounds.php,http://www.thecalculatorsite.com/conversions/common/gallons-pounds.php,Gallons to Pounds Converter,39450,105
calculatorsoup.com,/calculators/construction/cubic-feet-calculator.php,http://www.calculatorsoup.com/calculators/construction/cubic-feet-calculator.php,Cubic Feet Calculator,39415,6
rapidtables.com,/convert/length/meter-to-feet.html?x=30,http://www.rapidtables.com/convert/length/meter-to-feet.html?x=30,30 meters to feet - Convert,39344,1
inchcalculator.com,/hours-from/18-hours-ago/,http://www.inchcalculator.com/hours-from/18-hours-ago/,What Time Was It 18 Hours Ago?,39274,0
inchcalculator.com,/days-from/60-days-ago-from-today/,http://www.inchcalculator.com/days-from/60-days-ago-from-today/,What Date Is 60 Days Ago From Today?,39252,10
inchcalculator.com,/countdown-timer/how-long-until-12-00-am/,http://www.inchcalculator.com/countdown-timer/how-long-until-12-00-am/,How Long Until 12:00 AM?,39248,0
rapidtables.com,/convert/length/cm-to-feet.html?x=173,http://www.rapidtables.com/convert/length/cm-to-feet.html?x=173,173 cm to feet conversion,39138,6
inchcalculator.com,/height-converter/130cm/,http://www.inchcalculator.com/height-converter/130cm/,What is 130 cm in Feet and Inches?,38863,1
unitconverters.net,/typography/pixel-x-to-inch.htm,http://www.unitconverters.net/typography/pixel-x-to-inch.htm,Convert Pixel (X) to Inch,38720,94
omnicalculator.com,/conversion/acreage,http://www.omnicalculator.com/conversion/acreage,Acreage Calculator,38558,29
inchcalculator.com,/convert/foot-to-yard/,http://www.inchcalculator.com/convert/foot-to-yard/,Feet to Yards Converter (ft to yd),38524,31
inchcalculator.com,/convert/ton-to-pound/,http://www.inchcalculator.com/convert/ton-to-pound/,Tons to Pounds Converter (t to lb),38464,42
calculatorsoup.com,/calculators/time/time-calculator.php,http://www.calculatorsoup.com/calculators/time/time-calculator.php,"Time Calculator | Add, Subtract, Multiply, Divide Time",38358,173
calculatorsoup.com,/calculators/geometry-solids/cone.php,http://www.calculatorsoup.com/calculators/geometry-solids/cone.php,Cone Calculator,38224,95
calculatorsoup.com,/calculators/math/decimal-to-percent-calculator.php,http://www.calculatorsoup.com/calculators/math/decimal-to-percent-calculator.php,Decimal to Percent Calculator,38140,148
omnicalculator.com,/conversion/kelvin-to-celsius,http://www.omnicalculator.com/conversion/kelvin-to-celsius,Kelvin to Celsius Converter,37992,15
inchcalculator.com,/height-converter/4ft-5in/,http://www.inchcalculator.com/height-converter/4ft-5in/,"What is 4' 5"" in Centimeters?",37948,0
unitconverters.net,/energy/j-to-cal.htm,http://www.unitconverters.net/energy/j-to-cal.htm,Convert J to cal,37925,14
calculator.net,/debt-payoff-calculator.html,http://www.calculator.net/debt-payoff-calculator.html,Debt Payoff Calculator,37906,465
unitconverters.net,/length/micrometer-to-millimeter.htm,http://www.unitconverters.net/length/micrometer-to-millimeter.htm,Convert Micrometer to Millimeter,37882,32
unitconverters.net,/volume/ml-to-pint.htm,http://www.unitconverters.net/volume/ml-to-pint.htm,Convert ml to pint,37712,25
inchcalculator.com,/convert/kilogram-to-pound/?kg=56,http://www.inchcalculator.com/convert/kilogram-to-pound/?kg=56,56 kg to lbs - How Many Pounds Are in 56 Kilograms?,37681,133
inchcalculator.com,/convert/square-foot-to-square-inch/,http://www.inchcalculator.com/convert/square-foot-to-square-inch/,Square Feet to Square Inches Converter (sq ft to sq in),37664,25
calculator.net,/hex-calculator.html,http://www.calculator.net/hex-calculator.html,Hex Calculator,37602,287
inchcalculator.com,/convert/gram-to-pound/,http://www.inchcalculator.com/convert/gram-to-pound/,Grams to Pounds & Ounces Converter (g to lb),37596,79
rapidtables.com,/convert/weight/pound-to-kg.html?x=3,http://www.rapidtables.com/convert/weight/pound-to-kg.html?x=3,3 lbs to kg conversion,37561,1
inchcalculator.com,/convert/ounce-to-pound/,http://www.inchcalculator.com/convert/ounce-to-pound/,Ounces to Pounds Converter (oz to lbs) - Conversion,37508,112
inchcalculator.com,/height-converter/155cm/,http://www.inchcalculator.com/height-converter/155cm/,What is 155 cm in Feet and Inches?,37471,0
rapidtables.com,/convert/length/cm-to-feet-inch.html?x=168,http://www.rapidtables.com/convert/length/cm-to-feet-inch.html?x=168,168 cm to feet+inch conversion,37392,2
inchcalculator.com,/convert/year-to-day/,http://www.inchcalculator.com/convert/year-to-day/,Years to Days Converter (yr to d),37280,2
calculatorsoup.com,/calculators/construction/tank.php,http://www.calculatorsoup.com/calculators/construction/tank.php,Tank Volume Calculator,37200,341
calculator.net,/personal-loan-calculator.html,http://www.calculator.net/personal-loan-calculator.html,Personal Loan Calculator,37138,467
calculator.net,/half-life-calculator.html,http://www.calculator.net/half-life-calculator.html,Half-Life Calculator,37061,291
rapidtables.com,/convert/length/mile-to-km.html?x=5,http://www.rapidtables.com/convert/length/mile-to-km.html?x=5,5 miles to km conversion,37031,9
omnicalculator.com,/conversion/inch-lbs-to-nm,http://www.omnicalculator.com/conversion/inch-lbs-to-nm,Inch-lbs to Nm converter,37027,4
rapidtables.com,/calc/electric/kW_to_Amp_Calculator.html,http://www.rapidtables.com/calc/electric/kW_to_Amp_Calculator.html,Kilowatts to amps (A) calculator,36882,151
calculatorsoup.com,/calculators/math/prime-factors.php,http://www.calculatorsoup.com/calculators/math/prime-factors.php,Prime Factorization Calculator,36848,204
calculatorsoup.com,/calculators/math/ratios.php,http://www.calculatorsoup.com/calculators/math/ratios.php,Ratio Calculator,36840,376
inchcalculator.com,/countdown-timer/how-long-until-12-00-pm/,http://www.inchcalculator.com/countdown-timer/how-long-until-12-00-pm/,How Long Until 12:00 PM?,36514,2
omnicalculator.com,/conversion/lbs-to-newton,http://www.omnicalculator.com/conversion/lbs-to-newton,Lbs to Newtons Converter,36374,7
inchcalculator.com,/convert/pound-to-ton/,http://www.inchcalculator.com/convert/pound-to-ton/,Pounds to Tons Converter (lb to t),36345,51
calculator.net,/mass-calculator.html,http://www.calculator.net/mass-calculator.html,Mass Calculator,36272,80
omnicalculator.com,/sports/steps-to-calories,http://www.omnicalculator.com/sports/steps-to-calories,Steps to Calories Calculator,36164,165
inchcalculator.com,/convert/month-to-year/?months=84,http://www.inchcalculator.com/convert/month-to-year/?months=84,How Many Years is 84 Months?,36148,0
inchcalculator.com,/weeks-from/12-weeks-from-today/,http://www.inchcalculator.com/weeks-from/12-weeks-from-today/,What Date Is 12 Weeks From Today?,36080,6
inchcalculator.com,/convert/square-foot-to-square-yard/,http://www.inchcalculator.com/convert/square-foot-to-square-yard/,Square Feet to Square Yards Converter (sq ft to sq yd),36052,34
inchcalculator.com,/convert/teaspoon-to-milliliter/,http://www.inchcalculator.com/convert/teaspoon-to-milliliter/,Teaspoons to Milliliters Converter (tsp to mL),35873,22
inchcalculator.com,/days-from/120-days-from-today/,http://www.inchcalculator.com/days-from/120-days-from-today/,What Date Is 120 Days From Today?,35866,8
calculatorsoup.com,/calculators/time/age-calculator.php,http://www.calculatorsoup.com/calculators/time/age-calculator.php,Age Calculator,35841,277
inchcalculator.com,/convert/day-to-month/?days=120,http://www.inchcalculator.com/convert/day-to-month/?days=120,How Many Months is 120 Days?,35770,1
omnicalculator.com,/math/common-multiple,http://www.omnicalculator.com/math/common-multiple,Common Multiple Calculator,35749,6
inchcalculator.com,/convert/stone-to-kilogram/,http://www.inchcalculator.com/convert/stone-to-kilogram/,Stones & Pounds to Kilograms Converter (stone & lbs to kg),35556,15
rapidtables.com,/convert/number/ascii-to-binary.html,http://www.rapidtables.com/convert/number/ascii-to-binary.html,Text to Binary Converter,35554,321
rapidtables.com,/convert/weight/kg-to-pound.html?x=11,http://www.rapidtables.com/convert/weight/kg-to-pound.html?x=11,11 kg to lbs conversion,35513,0
rapidtables.com,/convert/length/km-to-mile.html?x=2,http://www.rapidtables.com/convert/length/km-to-mile.html?x=2,2 km to miles conversion,35497,1
rapidtables.com,/convert/weight/pound-to-kg.html?x=500,http://www.rapidtables.com/convert/weight/pound-to-kg.html?x=500,500 lbs to kg conversion,35407,0
rapidtables.com,/convert/length/cm-to-feet.html?x=193,http://www.rapidtables.com/convert/length/cm-to-feet.html?x=193,193 cm to feet conversion,35336,3
inchcalculator.com,/convert/tablespoon-sugar-to-gram-sugar/,http://www.inchcalculator.com/convert/tablespoon-sugar-to-gram-sugar/,Tablespoons of Sugar to Grams Converter (tbsp to g),35323,46
rapidtables.com,/convert/length/cm-to-feet.html?x=182,http://www.rapidtables.com/convert/length/cm-to-feet.html?x=182,182 cm to feet conversion,35301,2
inchcalculator.com,/height-converter/6ft-0in-to-inches/,http://www.inchcalculator.com/height-converter/6ft-0in-to-inches/,"What is 6' 0"" in Inches?",35189,0
rapidtables.com,/convert/length/cm-to-inch.html?x=5,http://www.rapidtables.com/convert/length/cm-to-inch.html?x=5,5 cm to inches conversion,35130,3
rapidtables.com,/convert/length/mm-to-inch.html?x=100,http://www.rapidtables.com/convert/length/mm-to-inch.html?x=100,100 mm to inches conversion,35024,2
widgetly.co,/time-weeks/12-weeks-from-today,http://www.widgetly.co/time-weeks/12-weeks-from-today,What is 12 Weeks From Today?,34830,2
calculator.net,/future-value-calculator.html,http://www.calculator.net/future-value-calculator.html,Future Value Calculator,34781,449
rapidtables.com,/convert/length/feet-inch-to-cm.html?ft=5&inch=6,http://www.rapidtables.com/convert/length/feet-inch-to-cm.html?ft=5&inch=6,5 feet+6 inches to cm conversion,34769,2
inchcalculator.com,/convert/cubic-inch-to-cubic-foot/,http://www.inchcalculator.com/convert/cubic-inch-to-cubic-foot/,Cubic Inches to Cubic Feet Converter (in³ to ft³),34676,6
rapidtables.com,/convert/length/meter-to-feet.html?x=20,http://www.rapidtables.com/convert/length/meter-to-feet.html?x=20,20 meters to feet - Convert,34517,1
rapidtables.com,/convert/length/cm-to-inch.html?x=13,http://www.rapidtables.com/convert/length/cm-to-inch.html?x=13,13 cm to inches conversion,34477,1
rapidtables.com,/convert/weight/kg-to-pound.html?x=1000,http://www.rapidtables.com/convert/weight/kg-to-pound.html?x=1000,1000 kg to lbs conversion,34426,1
inchcalculator.com,/height-converter/6ft-4in-to-inches/,http://www.inchcalculator.com/height-converter/6ft-4in-to-inches/,"What is 6' 4"" in Inches?",34373,0
inchcalculator.com,/convert/kilogram-to-pound/?kg=150,http://www.inchcalculator.com/convert/kilogram-to-pound/?kg=150,150 kg to lbs - How Many Pounds Are in 150 Kilograms?,34353,0
unitconverters.net,/data-storage/gb-to-kb.htm,http://www.unitconverters.net/data-storage/gb-to-kb.htm,Convert GB to KB,34291,70
omnicalculator.com,/conversion/inches-to-fraction,http://www.omnicalculator.com/conversion/inches-to-fraction,Inches to Fraction Calculator,34191,148
inchcalculator.com,/days-from/28-days-from-today/,http://www.inchcalculator.com/days-from/28-days-from-today/,What Date Is 28 Days From Today?,34159,2
calculatorsoup.com,/calculators/math/multiples.php,http://www.calculatorsoup.com/calculators/math/multiples.php,Multiples Calculator,34148,131
omnicalculator.com,/conversion/million-to-billion,http://www.omnicalculator.com/conversion/million-to-billion,Million to Billion Converter,34033,8
omnicalculator.com,/construction/roof-pitch,http://www.omnicalculator.com/construction/roof-pitch,Roof Pitch Calculator,33991,264
inchcalculator.com,/convert/ounce-to-milliliter/,http://www.inchcalculator.com/convert/ounce-to-milliliter/,oz to mL Converter (Ounces to Milliliters),33978,13
unitconverters.net,/area/acre-to-square-meter.htm,http://www.unitconverters.net/area/acre-to-square-meter.htm,Convert Acre to Square Meter - Area Conversion,33940,33
omnicalculator.com,/math/proportion,http://www.omnicalculator.com/math/proportion,Proportion Calculator (+How to Calculate Proportion w,33906,17
unitconverters.net,/force/kilonewton-to-pound-force.htm,http://www.unitconverters.net/force/kilonewton-to-pound-force.htm,Convert Kilonewton to Pound-force,33884,7
omnicalculator.com,/conversion/dimes-to-dollars,http://www.omnicalculator.com/conversion/dimes-to-dollars,Dimes to Dollars Calculator,33817,2
inchcalculator.com,/convert/pound-sugar-to-cup-sugar/,http://www.inchcalculator.com/convert/pound-sugar-to-cup-sugar/,Pounds of Sugar to Cups Converter (lb to c),33738,10
omnicalculator.com,/math/log-2,http://www.omnicalculator.com/math/log-2,Log Base 2 Calculator,33732,103
inchcalculator.com,/square-meters-calculator/,http://www.inchcalculator.com/square-meters-calculator/,Square Meters Calculator,33643,128
omnicalculator.com,/math/rectangular-prism-volume,http://www.omnicalculator.com/math/rectangular-prism-volume,Volume of a Rectangular Prism Calculator,33521,61
calculatorsoup.com,/calculators/physics/velocity_avg.php,http://www.calculatorsoup.com/calculators/physics/velocity_avg.php,Average Velocity Calculator,33493,45
rapidtables.com,/convert/length/km-to-mile.html?x=6,http://www.rapidtables.com/convert/length/km-to-mile.html?x=6,6 km to miles conversion,33486,0
rapidtables.com,/convert/length/km-to-mile.html?x=7,http://www.rapidtables.com/convert/length/km-to-mile.html?x=7,7 km to miles conversion,33300,0
calculator.net,/binary-calculator.html,http://www.calculator.net/binary-calculator.html,Binary Calculator,33160,435
rapidtables.com,/convert/length/inch-to-yard.html,http://www.rapidtables.com/convert/length/inch-to-yard.html,Inches to Yards (yd) Converter,33057,42
calculator.net,/gcf-calculator.html,http://www.calculator.net/gcf-calculator.html,Greatest Common Factor Calculator,33035,126
inchcalculator.com,/convert/inch-to-foot/,http://www.inchcalculator.com/convert/inch-to-foot/,Inches to Feet Converter (in to ft) - Conversion,33011,185
thecalculatorsite.com,/conversions/common/cm-inches.php,http://www.thecalculatorsite.com/conversions/common/cm-inches.php,Cm to Inches Converter,32902,170
inchcalculator.com,/convert/year-to-second/,http://www.inchcalculator.com/convert/year-to-second/,Years to Seconds Converter (yr to s),32872,13
rapidtables.com,/convert/length/cm-to-feet.html?x=195,http://www.rapidtables.com/convert/length/cm-to-feet.html?x=195,195 cm to feet conversion,32687,0
unitconverters.net,/force/kg-to-newtons.htm,http://www.unitconverters.net/force/kg-to-newtons.htm,Convert kg to newtons - Force Conversion,32559,51
thecalculatorsite.com,/conversions/common/cubic-yards-tons.php,http://www.thecalculatorsite.com/conversions/common/cubic-yards-tons.php,Cubic Yards To Tons Calculator,32416,119
omnicalculator.com,/math/volume-of-hemisphere,http://www.omnicalculator.com/math/volume-of-hemisphere,Volume of a Hemisphere Calculator,32396,16
calculatorsoup.com,/calculators/statistics/quartile-calculator.php,http://www.calculatorsoup.com/calculators/statistics/quartile-calculator.php,Quartile Calculator | Interquartile Range Calculator,32173,109
unitconverters.net,/length/nanometer-to-meter.htm,http://www.unitconverters.net/length/nanometer-to-meter.htm,Convert Nanometer to Meter,32156,50
calculatorsoup.com,/calculators/statistics/standard-deviation-calculator.php,http://www.calculatorsoup.com/calculators/statistics/standard-deviation-calculator.php,Standard Deviation Calculator,32013,244
unitconverters.net,/volume/cubic-foot-to-cubic-meter.htm,http://www.unitconverters.net/volume/cubic-foot-to-cubic-meter.htm,Convert Cubic Foot to Cubic Meter,31743,3
inchcalculator.com,/weeks-from/8-weeks-from-today/,http://www.inchcalculator.com/weeks-from/8-weeks-from-today/,What Date Is 8 Weeks From Today?,31652,5
rapidtables.com,/calc/electric/Watt_to_Amp_Calculator.html,http://www.rapidtables.com/calc/electric/Watt_to_Amp_Calculator.html,Watts to Amps (A) Calculator,31645,390
inchcalculator.com,/countdown-timer/how-long-until-2-00-pm/,http://www.inchcalculator.com/countdown-timer/how-long-until-2-00-pm/,How Long Until 2:00 PM?,31594,2
inchcalculator.com,/convert/kilogram-to-pound/?kg=100,http://www.inchcalculator.com/convert/kilogram-to-pound/?kg=100,100 kg to lbs - How Many Pounds Are in 100 Kilograms?,31536,0
widgetly.co,/convert/29-cm-to-inches,http://www.widgetly.co/convert/29-cm-to-inches,How Many Inches is 29 cm? - Convert,31472,0
calculatorsoup.com,/calculators/conversions/time.php,http://www.calculatorsoup.com/calculators/conversions/time.php,Time Conversion Calculator,31418,181
rapidtables.com,/convert/length/cm-to-feet.html?x=158,http://www.rapidtables.com/convert/length/cm-to-feet.html?x=158,158 cm to feet conversion,31410,3
thecalculatorsite.com,/conversions/common/mg-to-g.php,http://www.thecalculatorsite.com/conversions/common/mg-to-g.php,Milligrams and Grams Converter (mg to g),31342,266
inchcalculator.com,/height-converter/4ft-10in/,http://www.inchcalculator.com/height-converter/4ft-10in/,"What is 4' 10"" in Centimeters?",31283,0
inchcalculator.com,/convert/pound-to-kilogram/?lb=220,http://www.inchcalculator.com/convert/pound-to-kilogram/?lb=220,How many kilograms are in 220 pounds?,31276,1
inchcalculator.com,/convert/milliliter-to-tablespoon/,http://www.inchcalculator.com/convert/milliliter-to-tablespoon/,Milliliters to Tablespoons Converter (mL to tbsp),31246,74
calculator.net,/rental-property-calculator.html,http://www.calculator.net/rental-property-calculator.html,Rental Property Calculator,31216,629
unitconverters.net,/length/millimeter-to-kilometer.htm,http://www.unitconverters.net/length/millimeter-to-kilometer.htm,Convert Millimeter to Kilometer,31065,46
omnicalculator.com,/chemistry/mole,http://www.omnicalculator.com/chemistry/mole,Mole Calculator,30957,82
omnicalculator.com,/math/triangular-pyramid-volume,http://www.omnicalculator.com/math/triangular-pyramid-volume,Triangular Pyramid Volume Calculator,30869,9
inchcalculator.com,/convert/fluid-ounce-to-cup/?oz=3,http://www.inchcalculator.com/convert/fluid-ounce-to-cup/?oz=3,How Many Cups Are In 3 Fluid Ounces? (3 oz to cups),30847,0
omnicalculator.com,/conversion/cents-to-dollars,http://www.omnicalculator.com/conversion/cents-to-dollars,Cents to Dollars Calculator,30748,2
rapidtables.com,/convert/length/cm-to-feet-inch.html?x=152,http://www.rapidtables.com/convert/length/cm-to-feet-inch.html?x=152,152 cm to feet+inch conversion,30730,2
calculatorsoup.com,/calculators/math/lcd.php,http://www.calculatorsoup.com/calculators/math/lcd.php,LCD Calculator - Least Common Denominator,30720,122
inchcalculator.com,/height-converter/200cm/,http://www.inchcalculator.com/height-converter/200cm/,What is 200 cm in Feet and Inches?,30656,2
omnicalculator.com,/math/slope-percentage,http://www.omnicalculator.com/math/slope-percentage,Slope Percentage Calculator,30560,15
unitconverters.net,/volume/pints-to-liters.htm,http://www.unitconverters.net/volume/pints-to-liters.htm,Convert pints to liters,30546,13
calculatorsoup.com,/calculators/time/hours-and-minutes-calculator.php,http://www.calculatorsoup.com/calculators/time/hours-and-minutes-calculator.php,Hours and Minutes Calculator | Add and Subtract Time,30530,2
rapidtables.com,/convert/length/yard-to-inch.html,http://www.rapidtables.com/convert/length/yard-to-inch.html,Yards to Inches Converter,30502,40
omnicalculator.com,/food/pounds-to-cups,http://www.omnicalculator.com/food/pounds-to-cups,Pounds to Cups Converter,30480,80
inchcalculator.com,/hours-from/9-hours-ago/,http://www.inchcalculator.com/hours-from/9-hours-ago/,What Time Was It 9 Hours Ago?,30475,0
rapidtables.com,/convert/length/cm-to-feet.html?x=180,http://www.rapidtables.com/convert/length/cm-to-feet.html?x=180,180 cm to feet conversion,30472,7
inchcalculator.com,/hours-from/12-hours-ago/,http://www.inchcalculator.com/hours-from/12-hours-ago/,What Time Was It 12 Hours Ago?,30434,1
rapidtables.com,/convert/length/km-to-mile.html?x=3,http://www.rapidtables.com/convert/length/km-to-mile.html?x=3,3 km to miles conversion,30291,0
inchcalculator.com,/height-converter/6ft-6in-to-inches/,http://www.inchcalculator.com/height-converter/6ft-6in-to-inches/,"What is 6' 6"" in Inches?",30239,0
unitconverters.net,/volume/cubic-inch-to-cubic-foot.htm,http://www.unitconverters.net/volume/cubic-inch-to-cubic-foot.htm,Convert Cubic Inch to Cubic Foot,30215,13
inchcalculator.com,/countdown-timer/how-long-until-4-00-pm/,http://www.inchcalculator.com/countdown-timer/how-long-until-4-00-pm/,How Long Until 4:00 PM?,29881,1
inchcalculator.com,/convert/cup-to-teaspoon/?cups=1/2,http://www.inchcalculator.com/convert/cup-to-teaspoon/?cups=1/2,How Many Teaspoons Are In 1/2 Cup?,29874,0
rapidtables.com,/convert/length/cm-to-inch.html?x=120,http://www.rapidtables.com/convert/length/cm-to-inch.html?x=120,120 cm to inches conversion,29838,7
calculator.net,/sample-size-calculator.html,http://www.calculator.net/sample-size-calculator.html,Sample Size Calculator,29787,600
unitconverters.net,/length/micrometer-to-meter.htm,http://www.unitconverters.net/length/micrometer-to-meter.htm,Convert Micrometer to Meter,29678,28
inchcalculator.com,/convert/pound-to-kilogram/?lb=130,http://www.inchcalculator.com/convert/pound-to-kilogram/?lb=130,How many kilograms are in 130 pounds?,29611,0
rapidtables.com,/convert/weight/gram-to-ounce.html?x=200,http://www.rapidtables.com/convert/weight/gram-to-ounce.html?x=200,200 g to oz,29606,0
unitconverters.net,/data-storage/gb-to-mb.htm,http://www.unitconverters.net/data-storage/gb-to-mb.htm,Convert GB to MB,29588,120
calculator.net,/weight-calculator.html,http://www.calculator.net/weight-calculator.html,Weight Calculator,29578,195
inchcalculator.com,/convert/gram-sugar-to-tablespoon-sugar/,http://www.inchcalculator.com/convert/gram-sugar-to-tablespoon-sugar/,Grams of Sugar to Tablespoons Converter (g to tbsp),29555,17
rapidtables.com,/convert/length/cm-to-feet.html?x=149,http://www.rapidtables.com/convert/length/cm-to-feet.html?x=149,149 cm to feet conversion,29543,1
rapidtables.com,/convert/length/mm-to-inch.html?x=240,http://www.rapidtables.com/convert/length/mm-to-inch.html?x=240,240 mm to inches conversion,29525,1
omnicalculator.com,/math/remainder,http://www.omnicalculator.com/math/remainder,Remainder Calculator,29521,291
calculatorsoup.com,/calculators/conversions/roman-numeral-date-converter.php,http://www.calculatorsoup.com/calculators/conversions/roman-numeral-date-converter.php,Roman Numeral Date Converter,29517,220
calculatorsoup.com,/calculators/math/prime-number-calculator.php,http://www.calculatorsoup.com/calculators/math/prime-number-calculator.php,Prime Number Calculator – Check Primality & List Factors,29508,97
rapidtables.com,/convert/length/cm-to-inch.html?x=160,http://www.rapidtables.com/convert/length/cm-to-inch.html?x=160,160 cm to inches conversion,29483,1
rapidtables.com,/convert/weight/pound-to-kg.html?x=195,http://www.rapidtables.com/convert/weight/pound-to-kg.html?x=195,195 lbs to kg conversion,29466,0
rapidtables.com,/convert/length/cm-to-feet.html?x=164,http://www.rapidtables.com/convert/length/cm-to-feet.html?x=164,164 cm to feet conversion,29448,1
unitconverters.net,/volume/gallon-uk-to-liter.htm,http://www.unitconverters.net/volume/gallon-uk-to-liter.htm,Convert Gallon (UK) to Liter,29438,8
calculator.net,/electricity-calculator.html,http://www.calculator.net/electricity-calculator.html,Electricity Calculator,29437,303
inchcalculator.com,/hours-from/10-hours-ago/,http://www.inchcalculator.com/hours-from/10-hours-ago/,What Time Was It 10 Hours Ago?,29418,0
rapidtables.com,/convert/length/meter-to-mile.html?x=400,http://www.rapidtables.com/convert/length/meter-to-mile.html?x=400,400 meters to miles conversion,29290,0
inchcalculator.com,/height-converter/6ft-1in-to-inches/,http://www.inchcalculator.com/height-converter/6ft-1in-to-inches/,"What is 6' 1"" in Inches?",29282,0
inchcalculator.com,/countdown-timer/how-long-until-10-00-pm/,http://www.inchcalculator.com/countdown-timer/how-long-until-10-00-pm/,How Long Until 10:00 PM?,29091,0
rapidtables.com,/convert/weight/kg-to-pound.html?fbclid=IwAR0Nid-qfheGyC1zsEajXK9IPBch_yVOesYAUTU7a6YlPkPctqGiAU8w3I4&x=86,http://www.rapidtables.com/convert/weight/kg-to-pound.html?fbclid=IwAR0Nid-qfheGyC1zsEajXK9IPBch_yVOesYAUTU7a6YlPkPctqGiAU8w3I4&x=86,86 kg to lbs conversion,29052,0
rapidtables.com,/convert/length/km-to-mile.html?x=40,http://www.rapidtables.com/convert/length/km-to-mile.html?x=40,40 km to miles conversion,29044,0
inchcalculator.com,/convert/kilogram-to-liter/,http://www.inchcalculator.com/convert/kilogram-to-liter/,Kilograms to Liters Converter - (kg to L),29005,63
inchcalculator.com,/height-converter/6ft-7in/,http://www.inchcalculator.com/height-converter/6ft-7in/,"What is 6' 7"" in Centimeters?",28842,3
calculatorsoup.com,/calculators/technology/ppi-calculator.php,http://www.calculatorsoup.com/calculators/technology/ppi-calculator.php,Pixels Per Inch PPI Calculator,28840,322
calculator.net,/resistor-calculator.html,http://www.calculator.net/resistor-calculator.html,Resistor Calculator,28804,346
unitconverters.net,/weight-and-mass/grain-to-gram.htm,http://www.unitconverters.net/weight-and-mass/grain-to-gram.htm,Convert Grain to Gram,28758,8
inchcalculator.com,/convert/minute-to-hour/,http://www.inchcalculator.com/convert/minute-to-hour/,Minutes to Hours Converter (min to hr),28747,24
calculatorsoup.com,/calculators/statistics/random-number-generator-1-100.php,http://www.calculatorsoup.com/calculators/statistics/random-number-generator-1-100.php,Random Number Generator 1-100,28692,265
omnicalculator.com,/es/conversion/convertidor-de-onzas-a-gramos,http://www.omnicalculator.com/es/conversion/convertidor-de-onzas-a-gramos,Convertidor de Onzas a Gramos,28621,1
rapidtables.com,/convert/length/meter-to-mile.html?x=100,http://www.rapidtables.com/convert/length/meter-to-mile.html?x=100,100 meters to miles conversion,28616,0
omnicalculator.com,/math/percentage,http://www.omnicalculator.com/math/percentage,Percentage Calculator,28563,565
rapidtables.com,/convert/length/meter-to-feet.html?x=10,http://www.rapidtables.com/convert/length/meter-to-feet.html?x=10,10 meters to feet - Convert,28472,1
rapidtables.com,/convert/length/cm-to-feet-inch.html?x=184,http://www.rapidtables.com/convert/length/cm-to-feet-inch.html?x=184,184 cm to feet+inch conversion,28442,5
omnicalculator.com,/math/square-footage-circle,http://www.omnicalculator.com/math/square-footage-circle,Square Footage of a Circle Calculator,28366,29
rapidtables.com,/convert/length/cm-to-mm.html,http://www.rapidtables.com/convert/length/cm-to-mm.html,cm to mm - centimeters to millimeters conversion,28320,113
unitconverters.net,/volume/cubic-feet-to-cubic-yards.htm,http://www.unitconverters.net/volume/cubic-feet-to-cubic-yards.htm,Convert cubic feet to cubic yards,28183,37
rapidtables.com,/convert/weight/ounce-to-gram.html?x=8,http://www.rapidtables.com/convert/weight/ounce-to-gram.html?x=8,8 oz to grams,28127,1
rapidtables.com,/convert/length/cm-to-feet.html?x=181,http://www.rapidtables.com/convert/length/cm-to-feet.html?x=181,181 cm to feet conversion,28122,5
calculatorsoup.com,/calculators/conversions/meters-to-feet.php,http://www.calculatorsoup.com/calculators/conversions/meters-to-feet.php,Meters to Feet Conversion | m to ft,28031,134
unitconverters.net,/volume/cc-to-cubic-inch.htm,http://www.unitconverters.net/volume/cc-to-cubic-inch.htm,Convert Cc to Cubic Inch,27936,39
inchcalculator.com,/hours-from/15-hours-ago/,http://www.inchcalculator.com/hours-from/15-hours-ago/,What Time Was It 15 Hours Ago?,27903,0
unitconverters.net,/weight-and-mass/kg-to-oz.htm,http://www.unitconverters.net/weight-and-mass/kg-to-oz.htm,Convert kg to oz,27884,40
inchcalculator.com,/convert/month-to-year/?months=30,http://www.inchcalculator.com/convert/month-to-year/?months=30,How Many Years is 30 Months?,27882,0
inchcalculator.com,/height-converter/4ft-4in-to-inches/,http://www.inchcalculator.com/height-converter/4ft-4in-to-inches/,"What is 4' 4"" in Inches?",27869,0
rapidtables.com,/convert/weight/kg-to-pound.html?x=27,http://www.rapidtables.com/convert/weight/kg-to-pound.html?x=27,27 kg to lbs conversion,27864,0
calculator.net,/one-rep-max-calculator.html,http://www.calculator.net/one-rep-max-calculator.html,One Rep Max Calculator,27861,127
rapidtables.com,/convert/length/meter-to-feet.html?x=200,http://www.rapidtables.com/convert/length/meter-to-feet.html?x=200,200 meters to feet - Convert,27860,0
calculator.net,/exponent-calculator.html,http://www.calculator.net/exponent-calculator.html,Exponent Calculator,27774,266
omnicalculator.com,/math/square-diagonal,http://www.omnicalculator.com/math/square-diagonal,Diagonal of a Square Calculator,27751,53
rapidtables.com,/convert/length/cm-to-inch.html?x=60,http://www.rapidtables.com/convert/length/cm-to-inch.html?x=60,60 cm to inches conversion,27744,1
inchcalculator.com,/convert/kilogram-to-pound/?kg=52,http://www.inchcalculator.com/convert/kilogram-to-pound/?kg=52,52 kg to lbs - How Many Pounds Are in 52 Kilograms?,27735,2
rapidtables.com,/convert/length/meter-to-feet.html?x=12,http://www.rapidtables.com/convert/length/meter-to-feet.html?x=12,12 meters to feet - Convert,27643,0
unitconverters.net,/weight-and-mass/kilogram-to-tonne.htm,http://www.unitconverters.net/weight-and-mass/kilogram-to-tonne.htm,Convert Kilogram to Tonne,27643,43
inchcalculator.com,/convert/kilogram-to-pound/?kg=61,http://www.inchcalculator.com/convert/kilogram-to-pound/?kg=61,61 kg to lbs - How Many Pounds Are in 61 Kilograms?,27618,0
omnicalculator.com,/conversion/pennies-to-dollars,http://www.omnicalculator.com/conversion/pennies-to-dollars,Pennies to Dollars Calculator,27617,82
inchcalculator.com,/inch-fraction-calculator/,http://www.inchcalculator.com/inch-fraction-calculator/,Inch Fraction Calculator - Decimal to Inches,27587,255
rapidtables.com,/convert/length/meter-to-mile.html?x=300,http://www.rapidtables.com/convert/length/meter-to-mile.html?x=300,300 meters to miles conversion,27448,0
rapidtables.com,/convert/length/meter-to-feet.html?x=15,http://www.rapidtables.com/convert/length/meter-to-feet.html?x=15,15 meters to feet - Convert,27388,0
inchcalculator.com,/weeks-left-in-the-year/,http://www.inchcalculator.com/weeks-left-in-the-year/,How Many Weeks Are Left in the Year? - Weeks Left in 2026,27329,8
calculator.net,/simple-interest-calculator.html,http://www.calculator.net/simple-interest-calculator.html,Simple Interest Calculator,27192,202
unitconverters.net,/weight-and-mass/microgram-to-milligram.htm,http://www.unitconverters.net/weight-and-mass/microgram-to-milligram.htm,Convert Microgram to Milligram,27126,2
rapidtables.com,/convert/length/meter-to-feet.html?x=100,http://www.rapidtables.com/convert/length/meter-to-feet.html?x=100,100 meters to feet,27079,0
rapidtables.com,/convert/length/inch-to-mm.html?x=18,http://www.rapidtables.com/convert/length/inch-to-mm.html?x=18,18 inches to mm conversion,27060,0
omnicalculator.com,/food/grams-to-cups,http://www.omnicalculator.com/food/grams-to-cups,Grams to Cups Converter,26962,207
calculatorsoup.com,/calculators/math/modulo-calculator.php,http://www.calculatorsoup.com/calculators/math/modulo-calculator.php,Modulo Calculator,26920,80
omnicalculator.com,/conversion/inches-to-yard-conversion,http://www.omnicalculator.com/conversion/inches-to-yard-conversion,Inches to Yard Conversion,26881,3
omnicalculator.com,/math/diagonal-of-rectangle,http://www.omnicalculator.com/math/diagonal-of-rectangle,Diagonal of a Rectangle Calculator,26813,96
calculator.net,/mileage-calculator.html,http://www.calculator.net/mileage-calculator.html,Mileage Calculator,26781,380
inchcalculator.com,/convert/day-to-month/?days=100,http://www.inchcalculator.com/convert/day-to-month/?days=100,How Many Months is 100 Days?,26770,0
rapidtables.com,/convert/weight/pound-to-kg.html?x=76,http://www.rapidtables.com/convert/weight/pound-to-kg.html?x=76,76 lbs to kg conversion,26748,0
inchcalculator.com,/countdown-timer/how-long-until-3-30-pm/,http://www.inchcalculator.com/countdown-timer/how-long-until-3-30-pm/,How Long Until 3:30 PM?,26743,1
inchcalculator.com,/convert/yard-to-foot/,http://www.inchcalculator.com/convert/yard-to-foot/,Yards to Feet Converter (yd to ft),26712,42
inchcalculator.com,/height-converter/4ft-6in/,http://www.inchcalculator.com/height-converter/4ft-6in/,"What is 4' 6"" in Centimeters?",26704,0
inchcalculator.com,/average-time-calculator/,http://www.inchcalculator.com/average-time-calculator/,Average Time Calculator,26560,0
unitconverters.net,/area/square-centimeter-to-square-meter.htm,http://www.unitconverters.net/area/square-centimeter-to-square-meter.htm,Convert Square Centimeter to Square Meter,26526,4
calculator.net,/probability-calculator.html,http://www.calculator.net/probability-calculator.html,Probability Calculator,26436,471
rapidtables.com,/calc/electric/Amp_to_kW_Calculator.html,http://www.rapidtables.com/calc/electric/Amp_to_kW_Calculator.html,Amps to Kilowatts (kW) conversion calculator,26348,149
omnicalculator.com,/es/conversion/calculadora-libras-y-onzas,http://www.omnicalculator.com/es/conversion/calculadora-libras-y-onzas,Calculadora de libras y onzas,26275,0
rapidtables.com,/convert/weight/pound-ounce-to-kg.html,http://www.rapidtables.com/convert/weight/pound-ounce-to-kg.html,lbs+oz to kg | pounds+ounces to kilograms conversion,26236,73
omnicalculator.com,/conversion/cc-to-oz-converter,http://www.omnicalculator.com/conversion/cc-to-oz-converter,cc to oz Converter,26196,9
unitconverters.net,/weight-and-mass/grain-to-milligram.htm,http://www.unitconverters.net/weight-and-mass/grain-to-milligram.htm,Convert Grain to Milligram,26180,2
inchcalculator.com,/minutes-from/15-minutes-from-now/,http://www.inchcalculator.com/minutes-from/15-minutes-from-now/,What Time Is 15 Minutes From Now?,26167,2
inchcalculator.com,/days-from/14-days-from-today/,http://www.inchcalculator.com/days-from/14-days-from-today/,What Date Is 14 Days From Today?,26142,4
inchcalculator.com,/convert/kilogram-to-pound/?kg=53,http://www.inchcalculator.com/convert/kilogram-to-pound/?kg=53,53 kg to lbs - How Many Pounds Are in 53 Kilograms?,26131,0
rapidtables.com,/convert/length/mm-to-inch.html?x=30,http://www.rapidtables.com/convert/length/mm-to-inch.html?x=30,30 mm to inches conversion,26086,2
omnicalculator.com,/conversion/stone-to-lbs,http://www.omnicalculator.com/conversion/stone-to-lbs,Stone to lbs Converter,26053,16
unitconverters.net,/volume/microliter-to-milliliter.htm,http://www.unitconverters.net/volume/microliter-to-milliliter.htm,Convert Microliter to Milliliter,26021,31
inchcalculator.com,/convert/day-to-year/,http://www.inchcalculator.com/convert/day-to-year/,Days to Years Converter (d to yr),26006,2
rapidtables.com,/convert/length/cm-to-feet.html?x=163,http://www.rapidtables.com/convert/length/cm-to-feet.html?x=163,163 cm to feet conversion,25981,1
inchcalculator.com,/hours-from/6-hours-ago/,http://www.inchcalculator.com/hours-from/6-hours-ago/,What Time Was It 6 Hours Ago?,25980,1
omnicalculator.com,/conversion/kpa-to-atm-conversion,http://www.omnicalculator.com/conversion/kpa-to-atm-conversion,kPa to atm Conversion,25939,4
rapidtables.com,/convert/length/cm-to-inch.html?x=45,http://www.rapidtables.com/convert/length/cm-to-inch.html?x=45,45 cm to inches conversion,25900,5
calculatorsoup.com,/calculators/geometry-plane/circle.php,http://www.calculatorsoup.com/calculators/geometry-plane/circle.php,Circle Calculator,25860,301
inchcalculator.com,/hours-from/7-hours-ago/,http://www.inchcalculator.com/hours-from/7-hours-ago/,What Time Was It 7 Hours Ago?,25841,1
inchcalculator.com,/convert/cup-to-fluid-ounce/?cups=3/4,http://www.inchcalculator.com/convert/cup-to-fluid-ounce/?cups=3/4,How Many Fluid Ounces Are In 3/4 Cup? (3/4 cup to oz),25703,0
omnicalculator.com,/conversion/hours-to-years,http://www.omnicalculator.com/conversion/hours-to-years,Hours to Years Converter,25642,5
unitconverters.net,/area/square-miles-to-acres.htm,http://www.unitconverters.net/area/square-miles-to-acres.htm,Convert square miles to acres,25616,90
inchcalculator.com,/convert/cup-to-pound/,http://www.inchcalculator.com/convert/cup-to-pound/,Cups to Pounds Converter - (c to lb),25577,10
inchcalculator.com,/convert/kilogram-to-pound/?kg=64,http://www.inchcalculator.com/convert/kilogram-to-pound/?kg=64,64 kg to lbs - How Many Pounds Are in 64 Kilograms?,25568,1
omnicalculator.com,/everyday-life/week,http://www.omnicalculator.com/everyday-life/week,Week Calculator,25422,13
inchcalculator.com,/convert/milligram-to-teaspoon/,http://www.inchcalculator.com/convert/milligram-to-teaspoon/,Milligrams to Teaspoons Converter - (mg to tsp),25395,72
rapidtables.com,/convert/length/inch-to-cm.html?x=30,http://www.rapidtables.com/convert/length/inch-to-cm.html?x=30,30 inches to cm conversion,25375,0
calculator.net,/currency-calculator.html,http://www.calculator.net/currency-calculator.html,Currency Calculator,25296,626
inchcalculator.com,/hours-from/8-hours-ago/,http://www.inchcalculator.com/hours-from/8-hours-ago/,What Time Was It 8 Hours Ago?,25275,2
inchcalculator.com,/hours-from/14-hours-ago/,http://www.inchcalculator.com/hours-from/14-hours-ago/,What Time Was It 14 Hours Ago?,25239,0
omnicalculator.com,/conversion/oz-to-cc-converter,http://www.omnicalculator.com/conversion/oz-to-cc-converter,oz to cc Converter,25223,7
calculatorsoup.com,/calculators/math/factors/12/,http://www.calculatorsoup.com/calculators/math/factors/12/,Factors of 12 | Factorization Calculator,25190,1
inchcalculator.com,/convert/pound-to-metric-ton/,http://www.inchcalculator.com/convert/pound-to-metric-ton/,Pounds to Metric Tons (Tonnes) Converter (lb to t),25088,23
omnicalculator.com,/food/grams-to-tbsp,http://www.omnicalculator.com/food/grams-to-tbsp,Grams to Tablespoons Converter,25058,76
inchcalculator.com,/days-from/21-days-from-today/,http://www.inchcalculator.com/days-from/21-days-from-today/,What Date Is 21 Days From Today?,25052,3
rapidtables.com,/convert/weight/kg-to-mg.html,http://www.rapidtables.com/convert/weight/kg-to-mg.html,Kilograms to Milligrams (kg to mg) converter,25050,64
omnicalculator.com,/conversion/meters-to-feet,http://www.omnicalculator.com/conversion/meters-to-feet,Meters to Feet Converter,24983,30
inchcalculator.com,/convert/liter-to-cup/,http://www.inchcalculator.com/convert/liter-to-cup/,Liters to Cups Converter (L to c),24973,10
calculatorsoup.com,/calculators/physics/impulse.php,http://www.calculatorsoup.com/calculators/physics/impulse.php,Impulse Calculator J = Ft,24964,28
omnicalculator.com,/math/hexagon,http://www.omnicalculator.com/math/hexagon,Hexagon Calculator,24909,222
inchcalculator.com,/convert/kilogram-to-metric-ton/,http://www.inchcalculator.com/convert/kilogram-to-metric-ton/,Kilograms to Metric Tons (Tonnes) Converter (kg to t),24873,8
omnicalculator.com,/everyday-life/working-days,http://www.omnicalculator.com/everyday-life/working-days,Working Days Calculator,24857,40
rapidtables.com,/convert/length/mile-to-meter.html,http://www.rapidtables.com/convert/length/mile-to-meter.html,Miles to Meters (m) Converter,24832,32
calculator.net,/love-calculator.html,http://www.calculator.net/love-calculator.html,Love Calculator,24734,273
rapidtables.com,/convert/length/cm-to-feet.html?x=150,http://www.rapidtables.com/convert/length/cm-to-feet.html?x=150,150 cm to feet conversion,24652,2
omnicalculator.com,/chemistry/average-atomic-mass,http://www.omnicalculator.com/chemistry/average-atomic-mass,Average Atomic Mass Calculator,24616,16
omnicalculator.com,/physics/power-to-weight-ratio,http://www.omnicalculator.com/physics/power-to-weight-ratio,Power-to-Weight Ratio Calculator,24599,51
omnicalculator.com,/physics/wave-speed,http://www.omnicalculator.com/physics/wave-speed,Wave Speed Calculator,24570,16
inchcalculator.com,/height-converter/4ft-9in/,http://www.inchcalculator.com/height-converter/4ft-9in/,"What is 4' 9"" in Centimeters?",24562,1
rapidtables.com,/convert/weight/kg-to-ton.html,http://www.rapidtables.com/convert/weight/kg-to-ton.html,Kilograms to Metric Tons (Tonne) converter,24555,48
unitconverters.net,/volume/liters-to-cubic-inches.htm,http://www.unitconverters.net/volume/liters-to-cubic-inches.htm,Convert liters to cubic inches,24432,31
unitconverters.net,/time/days-to-years.htm,http://www.unitconverters.net/time/days-to-years.htm,Convert days to years,24422,24
omnicalculator.com,/sports/winning-percentage,http://www.omnicalculator.com/sports/winning-percentage,Winning Percentage Calculator,24409,310
calculatorsoup.com,/calculators/math/significant-figures-counter.php,http://www.calculatorsoup.com/calculators/math/significant-figures-counter.php,Significant Figures Counter,24354,91
inchcalculator.com,/countdown-timer/how-long-until-11-00-am/,http://www.inchcalculator.com/countdown-timer/how-long-until-11-00-am/,How Long Until 11:00 AM?,24336,0
rapidtables.com,/convert/length/cm-to-feet.html?x=187,http://www.rapidtables.com/convert/length/cm-to-feet.html?x=187,187 cm to feet conversion,24270,2
unitconverters.net,/energy/kcal-to-kj.htm,http://www.unitconverters.net/energy/kcal-to-kj.htm,Convert kcal to kJ,24100,43
calculator.net,/refinance-calculator.html,http://www.calculator.net/refinance-calculator.html,Refinance Calculator,24056,420
unitconverters.net,/length/meter-to-micrometer.htm,http://www.unitconverters.net/length/meter-to-micrometer.htm,Convert Meter to Micrometer,24056,2
omnicalculator.com,/conversion/billion-to-trillion-converter,http://www.omnicalculator.com/conversion/billion-to-trillion-converter,Billion to Trillion Converter,24048,37
calculatorsoup.com,/calculators/financial/profit-margin-calculator.php,http://www.calculatorsoup.com/calculators/financial/profit-margin-calculator.php,Profit Margin Calculator,24010,214
inchcalculator.com,/height-converter/5ft-1in-to-inches/,http://www.inchcalculator.com/height-converter/5ft-1in-to-inches/,"What is 5' 1"" in Inches?",23988,0
unitconverters.net,/pressure/psi-to-pascal.htm,http://www.unitconverters.net/pressure/psi-to-pascal.htm,Convert Psi to Pascal,23936,28
omnicalculator.com,/math/slope-intercept-form,http://www.omnicalculator.com/math/slope-intercept-form,Slope Intercept Form Calculator,23861,141
omnicalculator.com,/finance/powerball,http://www.omnicalculator.com/finance/powerball,Powerball Calculator,23833,365
unitconverters.net,/data-transfer/mbps-to-kbps.htm,http://www.unitconverters.net/data-transfer/mbps-to-kbps.htm,Convert Mbps to Kbps,23814,46
calculatorsoup.com,/calculators/math/factors.php,http://www.calculatorsoup.com/calculators/math/factors.php,Factoring Calculator,23808,244
calculator.net,/present-value-calculator.html,http://www.calculator.net/present-value-calculator.html,Present Value Calculator,23797,339
rapidtables.com,/convert/length/meter-to-feet.html?x=4,http://www.rapidtables.com/convert/length/meter-to-feet.html?x=4,4 meters to feet - Convert,23796,1
calculatorsoup.com,/calculators/math/mixed-number-to-improper-fraction.php,http://www.calculatorsoup.com/calculators/math/mixed-number-to-improper-fraction.php,Mixed Number to Improper Fraction Calculator,23789,123
rapidtables.com,/convert/number/hex-to-ascii.html,http://www.rapidtables.com/convert/number/hex-to-ascii.html,Hex to String | Hex to ASCII Converter,23729,802
rapidtables.com,/convert/weight/pound-to-kg.html?x=1,http://www.rapidtables.com/convert/weight/pound-to-kg.html?x=1,1 lbs to kg conversion,23727,0
omnicalculator.com,/conversion/pounds-to-lbs,http://www.omnicalculator.com/conversion/pounds-to-lbs,Pounds to lbs Converter,23649,25
inchcalculator.com,/weight-loss-percentage-calculator/,http://www.inchcalculator.com/weight-loss-percentage-calculator/,Weight Loss Percentage Calculator,23638,2
omnicalculator.com,/math/percentage-decrease,http://www.omnicalculator.com/math/percentage-decrease,Percentage Decrease Calculator,23602,198
inchcalculator.com,/countdown-timer/how-long-until-2-30-pm/,http://www.inchcalculator.com/countdown-timer/how-long-until-2-30-pm/,How Long Until 2:30 PM?,23601,1
inchcalculator.com,/hours-from/19-hours-ago/,http://www.inchcalculator.com/hours-from/19-hours-ago/,What Time Was It 19 Hours Ago?,23575,0
inchcalculator.com,/convert/pint-to-fluid-ounce/,http://www.inchcalculator.com/convert/pint-to-fluid-ounce/,Pints to Fluid Ounces Converter (pt to fl oz),23527,10
rapidtables.com,/convert/length/feet-inch-to-mm.html,http://www.rapidtables.com/convert/length/feet-inch-to-mm.html,Feet+Inches to MM (ft+in to mm) Converter,23496,50
thecalculatorsite.com,/conversions/height/5ft-0in,http://www.thecalculatorsite.com/conversions/height/5ft-0in,"What is 5' 0"" in Centimeters?",23432,1
inchcalculator.com,/convert/month-to-year/?months=48,http://www.inchcalculator.com/convert/month-to-year/?months=48,How Many Years is 48 Months?,23421,0
inchcalculator.com,/convert/cup-to-fluid-ounce/?cups=7,http://www.inchcalculator.com/convert/cup-to-fluid-ounce/?cups=7,How Many Fluid Ounces Are In 7 Cups? (7 cups to oz),23353,0
rapidtables.com,/convert/length/km-to-cm.html,http://www.rapidtables.com/convert/length/km-to-cm.html,km to cm converter,23341,28
rapidtables.com,/convert/length/cm-to-inch.html?x=80,http://www.rapidtables.com/convert/length/cm-to-inch.html?x=80,80 cm to inches conversion,23319,2
unitconverters.net,/pressure/megapascal-to-pascal.htm,http://www.unitconverters.net/pressure/megapascal-to-pascal.htm,Convert Megapascal to Pascal,23280,20
calculatorsoup.com,/calculators/math/unit-rate-calculator.php,http://www.calculatorsoup.com/calculators/math/unit-rate-calculator.php,Unit Rate Calculator,23258,184
unitconverters.net,/speed/mph-to-feet-per-second.htm,http://www.unitconverters.net/speed/mph-to-feet-per-second.htm,Convert mph to feet per second,23235,26
rapidtables.com,/convert/length/inch-to-mm.html?x=10,http://www.rapidtables.com/convert/length/inch-to-mm.html?x=10,10 inches to mm conversion,23220,1
calculator.net,/matrix-calculator.html,http://www.calculator.net/matrix-calculator.html,Matrix Calculator,23179,200
omnicalculator.com,/conversion/mb-to-gb-converter,http://www.omnicalculator.com/conversion/mb-to-gb-converter,MB to GB Converter,23173,6
inchcalculator.com,/convert/kilogram-to-pound/?kg=57,http://www.inchcalculator.com/convert/kilogram-to-pound/?kg=57,57 kg to lbs - How Many Pounds Are in 57 Kilograms?,23144,0
inchcalculator.com,/convert/kilogram-to-pound/?kg=120,http://www.inchcalculator.com/convert/kilogram-to-pound/?kg=120,How Many Pounds Are in 120 Kilograms?,23103,0
rapidtables.com,/convert/length/cm-to-feet.html?x=179,http://www.rapidtables.com/convert/length/cm-to-feet.html?x=179,179 cm to feet conversion,23101,3
rapidtables.com,/convert/length/mm-to-inch.html?x=24,http://www.rapidtables.com/convert/length/mm-to-inch.html?x=24,24 mm to inches conversion,23098,1
inchcalculator.com,/day-of-the-year/,http://www.inchcalculator.com/day-of-the-year/,What Day of the Year Is It?,23083,4
inchcalculator.com,/convert/kilogram-to-pound/?kg=63,http://www.inchcalculator.com/convert/kilogram-to-pound/?kg=63,63 kg to lbs - How Many Pounds Are in 63 Kilograms?,23043,0
omnicalculator.com,/statistics/pie-chart-percentage,http://www.omnicalculator.com/statistics/pie-chart-percentage,Pie Chart Percentage Calculator,23031,5
inchcalculator.com,/height-converter/4ft-9in-to-inches/,http://www.inchcalculator.com/height-converter/4ft-9in-to-inches/,"What is 4' 9"" in Inches?",22982,1
omnicalculator.com,/math/square-pyramid-volume,http://www.omnicalculator.com/math/square-pyramid-volume,Square Pyramid Volume Calculator,22968,8
rapidtables.com,/convert/length/cm-to-feet.html?x=197,http://www.rapidtables.com/convert/length/cm-to-feet.html?x=197,197 cm to feet conversion,22850,1
rapidtables.com,/convert/length/mm-to-inch.html?x=64mm,http://www.rapidtables.com/convert/length/mm-to-inch.html?x=64mm,64mm mm to inches conversion,22841,1
omnicalculator.com,/math/volume-of-a-triangular-prism,http://www.omnicalculator.com/math/volume-of-a-triangular-prism,Volume of a Triangular Prism Calculator,22832,12
rapidtables.com,/convert/weight/pound-to-kg.html?x=145,http://www.rapidtables.com/convert/weight/pound-to-kg.html?x=145,145 lbs to kg conversion,22827,2
rapidtables.com,/convert/length/cm-to-inch.html?x=3,http://www.rapidtables.com/convert/length/cm-to-inch.html?x=3,3 cm to inches conversion,22816,3
calculator.net,/interest-rate-calculator.html,http://www.calculator.net/interest-rate-calculator.html,Interest Rate Calculator,22800,459
inchcalculator.com,/days-from/180-days-ago-from-today/,http://www.inchcalculator.com/days-from/180-days-ago-from-today/,What Date Is 180 Days Ago From Today?,22753,3
unitconverters.net,/length/yard-to-centimeter.htm,http://www.unitconverters.net/length/yard-to-centimeter.htm,Convert Yard to Centimeter,22669,23
unitconverters.net,/current/milliamps-to-amps.htm,http://www.unitconverters.net/current/milliamps-to-amps.htm,Convert milliamps to amps,22664,82
thecalculatorsite.com,/conversions/common/square-feet-cubic-feet.php,http://www.thecalculatorsite.com/conversions/common/square-feet-cubic-feet.php,Square Feet to/from Cubic Feet Calculator,22645,131
inchcalculator.com,/countdown-timer/how-long-until-5-00-am/,http://www.inchcalculator.com/countdown-timer/how-long-until-5-00-am/,How Long Until 5:00 AM?,22631,0
widgetly.co,/time/75-days-from-today,http://www.widgetly.co/time/75-days-from-today,What is 75 Days From Today?,22603,2
calculatorsoup.com,/calculators/math/longdivision.php,http://www.calculatorsoup.com/calculators/math/longdivision.php,Long Division Calculator,22576,383
calculatorsoup.com,/calculators/conversions/height-ft-and-in-to-cm.php,http://www.calculatorsoup.com/calculators/conversions/height-ft-and-in-to-cm.php,Height Converter ft and in to cm,22464,128
inchcalculator.com,/convert/month-to-year/?months=120,http://www.inchcalculator.com/convert/month-to-year/?months=120,How Many Years is 120 Months?,22418,0
calculatorsoup.com,/calculators/physics/ideal-gas-law.php,http://www.calculatorsoup.com/calculators/physics/ideal-gas-law.php,Ideal Gas Law Calculator PV = nRT,22390,70
omnicalculator.com,/health/mcg-to-iu-converter,http://www.omnicalculator.com/health/mcg-to-iu-converter,mcg to IU Converter,22373,41
omnicalculator.com,/math/triangle-height,http://www.omnicalculator.com/math/triangle-height,Height of a Triangle Calculator,22330,100
omnicalculator.com,/physics/potential-energy,http://www.omnicalculator.com/physics/potential-energy,Potential Energy Calculator,22327,109
thecalculatorsite.com,/conversions/height/5ft-4in,http://www.thecalculatorsite.com/conversions/height/5ft-4in,"What is 5' 4"" in Centimeters?",22325,14
rapidtables.com,/convert/length/mm-to-inch.html?x=50,http://www.rapidtables.com/convert/length/mm-to-inch.html?x=50,50 mm to inches conversion,22298,3
inchcalculator.com,/hours-from/16-hours-ago/,http://www.inchcalculator.com/hours-from/16-hours-ago/,What Time Was It 16 Hours Ago?,22283,2
calculator.net,/tile-calculator.html,http://www.calculator.net/tile-calculator.html,Tile Calculator,22245,165
thecalculatorsite.com,/finance/calculators/daily-compound-interest.php,http://www.thecalculatorsite.com/finance/calculators/daily-compound-interest.php,Daily Compound Interest Calculator,22234,363
unitconverters.net,/weight-and-mass/kilogram-to-milligram.htm,http://www.unitconverters.net/weight-and-mass/kilogram-to-milligram.htm,Convert Kilogram to Milligram,22205,26
thecalculatorsite.com,/articles/health/10000-steps-in-miles.php,http://www.thecalculatorsite.com/articles/health/10000-steps-in-miles.php,How Many Miles is 10000 Steps?,22196,48
omnicalculator.com,/conversion/pint-to-pound,http://www.omnicalculator.com/conversion/pint-to-pound,Pint to Pound Conversion,22123,17
unitconverters.net,/volume/gallon-us-to-cubic-meter.htm,http://www.unitconverters.net/volume/gallon-us-to-cubic-meter.htm,Convert Gallon (US) to Cubic Meter,22105,24
inchcalculator.com,/convert/tablespoon-to-fluid-ounce/,http://www.inchcalculator.com/convert/tablespoon-to-fluid-ounce/,Tablespoons to Fluid Ounces Converter (tbsp to fl oz),22019,29
omnicalculator.com,/construction/pipe-volume,http://www.omnicalculator.com/construction/pipe-volume,Pipe Volume Calculator,21985,99
inchcalculator.com,/convert/cup-to-fluid-ounce/?cups=1/3,http://www.inchcalculator.com/convert/cup-to-fluid-ounce/?cups=1/3,How Many Fluid Ounces Are In 1/3 Cup?,21968,0
unitconverters.net,/volume/cubic-inch-to-cc.htm,http://www.unitconverters.net/volume/cubic-inch-to-cc.htm,Convert Cubic Inch to Cc,21812,40
omnicalculator.com,/conversion/gematria,http://www.omnicalculator.com/conversion/gematria,Gematria Calculator,21748,40
rapidtables.com,/convert/length/inch-to-mile.html,http://www.rapidtables.com/convert/length/inch-to-mile.html,Inches to Miles Converter,21743,19
rapidtables.com,/convert/length/cm-to-inch.html?x=180,http://www.rapidtables.com/convert/length/cm-to-inch.html?x=180,180 cm to inches conversion,21740,0
unitconverters.net,/volume/gallon-to-pints.htm,http://www.unitconverters.net/volume/gallon-to-pints.htm,Convert gallon to pints,21737,29
inchcalculator.com,/convert/cup-to-teaspoon/,http://www.inchcalculator.com/convert/cup-to-teaspoon/,Cups to Teaspoons Converter (c to tsp),21684,10
widgetly.co,/time-weeks/3-weeks-from-today,http://www.widgetly.co/time-weeks/3-weeks-from-today,What is 3 Weeks From Today?,21684,1
calculator.net,/ohms-law-calculator.html,http://www.calculator.net/ohms-law-calculator.html,Ohms Law Calculator,21618,156
inchcalculator.com,/convert/minute-to-year/,http://www.inchcalculator.com/convert/minute-to-year/,Minutes to Years Converter (min to yr),21585,4
inchcalculator.com,/days-left-in-the-year/,http://www.inchcalculator.com/days-left-in-the-year/,How Many Days Are Left in 2026? Time Left in the Year,21567,12
rapidtables.com,/convert/length/cm-to-inch.html?x=24,http://www.rapidtables.com/convert/length/cm-to-inch.html?x=24,24 cm to inches conversion,21542,1
omnicalculator.com,/math/multiplication,http://www.omnicalculator.com/math/multiplication,Multiplication Calculator,21535,79
omnicalculator.com,/conversion/cm-to-ft-in-converter,http://www.omnicalculator.com/conversion/cm-to-ft-in-converter,cm to ft in. converter,21512,10
inchcalculator.com,/convert/kilogram-to-pound/?kg=62,http://www.inchcalculator.com/convert/kilogram-to-pound/?kg=62,62 kg to lbs - How Many Pounds Are in 62 Kilograms?,21437,0
calculator.net,/stair-calculator.html,http://www.calculator.net/stair-calculator.html,Stair Calculator,21428,242
rapidtables.com,/convert/length/cm-to-inch.html?x=90,http://www.rapidtables.com/convert/length/cm-to-inch.html?x=90,90 cm to inches conversion,21368,0
rapidtables.com,/convert/length/mm-to-inch.html?x=1000,http://www.rapidtables.com/convert/length/mm-to-inch.html?x=1000,1000 mm to inches conversion,21300,1
inchcalculator.com,/convert/milliliter-to-liter/,http://www.inchcalculator.com/convert/milliliter-to-liter/,Milliliters to Liters Converter (mL to L),21293,32
omnicalculator.com,/conversion/seconds-to-years-conversion,http://www.omnicalculator.com/conversion/seconds-to-years-conversion,Seconds to Years Conversion,21281,7
rapidtables.com,/convert/length/cm-to-inch.html?x=20,http://www.rapidtables.com/convert/length/cm-to-inch.html?x=20,20 cm to inches conversion,21268,7
rapidtables.com,/convert/length/mile-to-km.html?x=2,http://www.rapidtables.com/convert/length/mile-to-km.html?x=2,2 miles to km conversion,21227,0
widgetly.co,/time-weeks/10-weeks-from-today,http://www.widgetly.co/time-weeks/10-weeks-from-today,What is 10 Weeks From Today?,21168,3
calculatorsoup.com,/calculators/statistics/z-score-calculator.php,http://www.calculatorsoup.com/calculators/statistics/z-score-calculator.php,Z Score Calculator,21144,97
rapidtables.com,/calc/math/multiplication-calculator.html,http://www.rapidtables.com/calc/math/multiplication-calculator.html,Multiplication calculator (×) | Times ...,21127,164
omnicalculator.com,/conversion/grams-in-ml-converter,http://www.omnicalculator.com/conversion/grams-in-ml-converter,Grams in ml Converter,21013,6
calculator.net,/day-of-the-week-calculator.html,http://www.calculator.net/day-of-the-week-calculator.html,Day of the Week Calculator,20989,220
inchcalculator.com,/days-from/45-days-ago-from-today/,http://www.inchcalculator.com/days-from/45-days-ago-from-today/,What Date Is 45 Days Ago From Today?,20977,0
widgetly.co,/time-weeks/4-weeks-from-today,http://www.widgetly.co/time-weeks/4-weeks-from-today,What is 4 Weeks From Today?,20955,1
calculatorsoup.com,/calculators/financial/margin-calculator.php,http://www.calculatorsoup.com/calculators/financial/margin-calculator.php,"Margin Calculator | Profit Margin, Cost & Markup Tool",20926,211
rapidtables.com,/convert/length/meter-to-feet.html?x=150,http://www.rapidtables.com/convert/length/meter-to-feet.html?x=150,150 meters to feet - Convert,20870,0
rapidtables.com,/calc/electric/kVA_to_Amp_Calculator.html,http://www.rapidtables.com/calc/electric/kVA_to_Amp_Calculator.html,kVA to amps (A) calculator,20854,137
thecalculatorsite.com,/cooking/ounces-ml.php,http://www.thecalculatorsite.com/cooking/ounces-ml.php,Ounces to ml / ml to Ounces Conversion,20815,139
calculatorsoup.com,/calculators/financial/simple-interest-plus-principal-calculator.php,http://www.calculatorsoup.com/calculators/financial/simple-interest-plus-principal-calculator.php,Simple Interest Calculator A = P(1 + rt),20711,342
inchcalculator.com,/convert/inch-pound-to-foot-pound/,http://www.inchcalculator.com/convert/inch-pound-to-foot-pound/,Inch-Pounds to Foot-Pounds Converter (lb-in to lb-ft),20646,6
rapidtables.com,/convert/length/cm-to-feet.html?x=176,http://www.rapidtables.com/convert/length/cm-to-feet.html?x=176,176 cm to feet conversion,20634,3
rapidtables.com,/calc/math/weighted-average-calculator.html,http://www.rapidtables.com/calc/math/weighted-average-calculator.html,Weighted Average Calculator,20582,196
inchcalculator.com,/convert/kilogram-to-pound/?kg=59,http://www.inchcalculator.com/convert/kilogram-to-pound/?kg=59,59 kg to lbs - How Many Pounds Are in 59 Kilograms?,20575,95
inchcalculator.com,/hours-from/17-hours-ago/,http://www.inchcalculator.com/hours-from/17-hours-ago/,What Time Was It 17 Hours Ago?,20563,1
unitconverters.net,/length/meter-to-mil.htm,http://www.unitconverters.net/length/meter-to-mil.htm,Convert Meter to Mil,20509,2
omnicalculator.com,/food/grams-to-tsp,http://www.omnicalculator.com/food/grams-to-tsp,Grams to Teaspoons Converter,20474,104
thecalculatorsite.com,/conversions/common/newton-meters-inch-pounds.php,http://www.thecalculatorsite.com/conversions/common/newton-meters-inch-pounds.php,Newton-Meters to Inch-Pounds Converter,20428,23
omnicalculator.com,/conversion/gallon,http://www.omnicalculator.com/conversion/gallon,Gallon Calculator | Gallon Converter,20427,26
rapidtables.com,/convert/weight/kg-to-pound.html?x=135,http://www.rapidtables.com/convert/weight/kg-to-pound.html?x=135,135 kg to lbs conversion,20375,0
inchcalculator.com,/convert/fluid-ounce-to-cup/?oz=7,http://www.inchcalculator.com/convert/fluid-ounce-to-cup/?oz=7,How Many Cups Are In 7 Fluid Ounces? (7 oz to cups),20325,0
inchcalculator.com,/convert/cubic-centimeter-to-milliliter/,http://www.inchcalculator.com/convert/cubic-centimeter-to-milliliter/,Cubic Centimeters to Milliliters Converter (cm³ to mL),20315,7
inchcalculator.com,/convert/cup-to-milligram/,http://www.inchcalculator.com/convert/cup-to-milligram/,Cups to Milligrams Converter - (c to mg),20226,5
calculator.net,/gas-mileage-calculator.html,http://www.calculator.net/gas-mileage-calculator.html,Gas Mileage Calculator,20198,167
inchcalculator.com,/height-converter/175cm/,http://www.inchcalculator.com/height-converter/175cm/,What is 175 cm in Feet and Inches?,20172,6
inchcalculator.com,/time-until-calculator/,http://www.inchcalculator.com/time-until-calculator/,Time Until Calculator,20155,0
calculatorsoup.com,/calculators/physics/force.php,http://www.calculatorsoup.com/calculators/physics/force.php,Force Calculator F = ma,20136,153
rapidtables.com,/convert/length/cm-to-feet.html?x=200,http://www.rapidtables.com/convert/length/cm-to-feet.html?x=200,200 cm to feet conversion,20103,1
rapidtables.com,/convert/length/cm-to-inch.html?x=19,http://www.rapidtables.com/convert/length/cm-to-inch.html?x=19,19 cm to inches conversion,20098,2
calculator.net,/ovulation-calculator.html,http://www.calculator.net/ovulation-calculator.html,Ovulation Calculator,20079,204
rapidtables.com,/convert/weight/kg-to-pound.html?x=152,http://www.rapidtables.com/convert/weight/kg-to-pound.html?x=152,152 kg to lbs conversion,20049,0
rapidtables.com,/calc/time/weeks-in-month.html,http://www.rapidtables.com/calc/time/weeks-in-month.html,How many weeks are in a month?,20007,71
omnicalculator.com,/conversion/centimeter,http://www.omnicalculator.com/conversion/centimeter,Centimeter Calculator,19985,9
inchcalculator.com,/convert/ton-to-ounce/,http://www.inchcalculator.com/convert/ton-to-ounce/,Tons to Ounces Converter (t to oz),19980,12
rapidtables.com,/convert/energy/joule-to-ev.html,http://www.rapidtables.com/convert/energy/joule-to-ev.html,Joules to electron-volts (eV) conversion,19961,40
calculatorsoup.com,/calculators/geometry-solids/triangular-prism.php,http://www.calculatorsoup.com/calculators/geometry-solids/triangular-prism.php,Triangular Prism Calculator,19916,55
inchcalculator.com,/convert/quart-to-cubic-foot/,http://www.inchcalculator.com/convert/quart-to-cubic-foot/,Quarts to Cubic Feet Converter (qt to ft³),19893,2
calculatorsoup.com,/calculators/statistics/variance-calculator.php,http://www.calculatorsoup.com/calculators/statistics/variance-calculator.php,Variance Calculator,19878,232
rapidtables.com,/convert/weight/kg-to-pound.html?x=190,http://www.rapidtables.com/convert/weight/kg-to-pound.html?x=190,190 kg to lbs conversion,19878,0
calculator.net,/weight-watchers-points-calculator.html,http://www.calculator.net/weight-watchers-points-calculator.html,Weight Watcher Points Calculator,19861,566
unitconverters.net,/length/micrometer-to-centimeter.htm,http://www.unitconverters.net/length/micrometer-to-centimeter.htm,Convert Micrometer to Centimeter,19832,4
rapidtables.com,/convert/length/km-to-mile.html?x=10,http://www.rapidtables.com/convert/length/km-to-mile.html?x=10,10 km to miles conversion,19826,2
omnicalculator.com,/conversion/ml-to-ul-conversion,http://www.omnicalculator.com/conversion/ml-to-ul-conversion,ml to ul Conversion,19807,8
omnicalculator.com,/conversion/torr-to-atm,http://www.omnicalculator.com/conversion/torr-to-atm,Torr to atm Conversion,19795,15
calculatorsoup.com,/calculators/physics/gravitational-potential.php,http://www.calculatorsoup.com/calculators/physics/gravitational-potential.php,Gravitational Potential Energy Calculator,19774,120
calculatorsoup.com,/calculators/math/expanded-form-calculator.php,http://www.calculatorsoup.com/calculators/math/expanded-form-calculator.php,Expanded Form Calculator,19738,144
inchcalculator.com,/height-converter/,http://www.inchcalculator.com/height-converter/,Height Converter - Feet & Inches to CM Conversions,19591,156
omnicalculator.com,/conversion/cups-to-oz,http://www.omnicalculator.com/conversion/cups-to-oz,Cups to Oz Converter,19558,11
inchcalculator.com,/square-inches-calculator/,http://www.inchcalculator.com/square-inches-calculator/,Square Inches Calculator,19495,4
omnicalculator.com,/conversion/cubic-inches-to-gallons,http://www.omnicalculator.com/conversion/cubic-inches-to-gallons,Cubic Inches to Gallons Converter,19485,10
inchcalculator.com,/convert/cup-to-liter/,http://www.inchcalculator.com/convert/cup-to-liter/,Cups to Liters Converter (c to L),19451,8
omnicalculator.com,/math/lateral-surface-area-cylinder,http://www.omnicalculator.com/math/lateral-surface-area-cylinder,Lateral Surface of a Cylinder Calculator,19437,15
omnicalculator.com,/es/conversion/convertidor-de-onzas-a-mililitros,http://www.omnicalculator.com/es/conversion/convertidor-de-onzas-a-mililitros,Convertidor de onzas a mililitros,19428,2
rapidtables.com,/convert/length/cm-to-feet.html?x=153,http://www.rapidtables.com/convert/length/cm-to-feet.html?x=153,153 cm to feet conversion,19428,1
omnicalculator.com,/es/conversion/convertidor-de-pies-a-centimetros,http://www.omnicalculator.com/es/conversion/convertidor-de-pies-a-centimetros,Convertidor de pies a centímetros,19426,1
rapidtables.com,/tools/click-test.html,http://www.rapidtables.com/tools/click-test.html,CPS Test - Click Speed Test,19324,86
rapidtables.com,/convert/length/mile-to-km.html?x=3,http://www.rapidtables.com/convert/length/mile-to-km.html?x=3,3 miles to km conversion,19292,0
inchcalculator.com,/convert/cup-to-gallon/,http://www.inchcalculator.com/convert/cup-to-gallon/,Cups to Gallons Converter (c to gal),19229,19
omnicalculator.com,/physics/specific-heat,http://www.omnicalculator.com/physics/specific-heat,Specific Heat Calculator,19178,195
inchcalculator.com,/hours-from/5-hours-ago/,http://www.inchcalculator.com/hours-from/5-hours-ago/,What Time Was It 5 Hours Ago?,19159,0
inchcalculator.com,/convert/ounce-to-cup/,http://www.inchcalculator.com/convert/ounce-to-cup/,Ounces to Cups Converter (oz to cups),19128,18
rapidtables.com,/convert/number/hex-to-binary.html,http://www.rapidtables.com/convert/number/hex-to-binary.html,Hex to Binary Converter,19023,169
unitconverters.net,/volume/cubic-inch-to-cubic-centimeter.htm,http://www.unitconverters.net/volume/cubic-inch-to-cubic-centimeter.htm,Convert Cubic Inch to Cubic Centimeter,18924,11
unitconverters.net,/data-transfer/kbps-to-mbps.htm,http://www.unitconverters.net/data-transfer/kbps-to-mbps.htm,Convert Kbps to Mbps,18866,63
calculatorsoup.com,/calculators/math/standard-form-calculator.php,http://www.calculatorsoup.com/calculators/math/standard-form-calculator.php,Standard Form Calculator,18814,158
omnicalculator.com,/everyday-life/age,http://www.omnicalculator.com/everyday-life/age,Age Calculator: Find Your Age from Date of Birth,18812,325
rapidtables.com,/convert/length/cm-to-inch.html?x=6,http://www.rapidtables.com/convert/length/cm-to-inch.html?x=6,6 cm to inches conversion,18793,0
rapidtables.com,/convert/length/cm-to-feet.html?x=167,http://www.rapidtables.com/convert/length/cm-to-feet.html?x=167,167 cm to feet conversion,18787,6
rapidtables.com,/convert/length/mm-to-meter.html,http://www.rapidtables.com/convert/length/mm-to-meter.html,mm to meters converter,18771,35
inchcalculator.com,/height-converter/4ft-10in-to-inches/,http://www.inchcalculator.com/height-converter/4ft-10in-to-inches/,"What is 4' 10"" in Inches?",18747,1
inchcalculator.com,/convert/month-to-hour/,http://www.inchcalculator.com/convert/month-to-hour/,Months to Hours Converter (mo to hr),18735,6
omnicalculator.com,/conversion/newton-meter,http://www.omnicalculator.com/conversion/newton-meter,Newton Meter Calculator,18712,39
rapidtables.com,/convert/length/cm-to-feet.html?x=188,http://www.rapidtables.com/convert/length/cm-to-feet.html?x=188,188 cm to feet conversion,18693,4
inchcalculator.com,/convert/tablespoon-butter-to-gram-butter/,http://www.inchcalculator.com/convert/tablespoon-butter-to-gram-butter/,Tablespoons of Butter to Grams Converter (tbsp to g),18650,28
rapidtables.com,/convert/length/inch-to-cm.html?x=65,http://www.rapidtables.com/convert/length/inch-to-cm.html?x=65,65 inches to cm conversion,18580,0
unitconverters.net,/force/pound-force-to-kilonewton.htm,http://www.unitconverters.net/force/pound-force-to-kilonewton.htm,Convert Pound-force to Kilonewton,18576,0
omnicalculator.com,/math/trapezoidal-prism-volume,http://www.omnicalculator.com/math/trapezoidal-prism-volume,Volume of a Trapezoidal Prism Calculator,18559,5
inchcalculator.com,/countdown-timer/how-long-until-7-00-am/,http://www.inchcalculator.com/countdown-timer/how-long-until-7-00-am/,How Long Until 7:00 AM?,18512,0
rapidtables.com,/convert/weight/pound-to-kg.html?x=173,http://www.rapidtables.com/convert/weight/pound-to-kg.html?x=173,173 lbs to kg conversion,18487,1
inchcalculator.com,/convert/quart-to-pint/,http://www.inchcalculator.com/convert/quart-to-pint/,Quarts to Pints Converter (qt to pt),18465,3
thecalculatorsite.com,/articles/units/how-much-is-a-ton.php,http://www.thecalculatorsite.com/articles/units/how-much-is-a-ton.php,How Much is a Ton?,18419,59
inchcalculator.com,/convert/kilogram-to-pound/?kg=60,http://www.inchcalculator.com/convert/kilogram-to-pound/?kg=60,60 kg to lbs - How Many Pounds Are in 60 Kilograms?,18397,1
calculatorsoup.com,/calculators/geometry-solids/volume.php,http://www.calculatorsoup.com/calculators/geometry-solids/volume.php,Volume Calculator,18360,129
calculator.net,/statistics-calculator.html,http://www.calculator.net/statistics-calculator.html,Statistics Calculator,18356,146
rapidtables.com,/tools/todays-date.html,http://www.rapidtables.com/tools/todays-date.html,Today's Date | Current date now 📅,18280,86
inchcalculator.com,/height-converter/6ft-8in/,http://www.inchcalculator.com/height-converter/6ft-8in/,"What is 6' 8"" in Centimeters?",18236,0
rapidtables.com,/convert/number/binary-to-hex.html,http://www.rapidtables.com/convert/number/binary-to-hex.html,Binary to Hex Converter,18200,238
omnicalculator.com,/math/cross-sectional-area,http://www.omnicalculator.com/math/cross-sectional-area,Cross-Sectional Area Calculator,18122,12
rapidtables.com,/convert/length/mm-to-inch.html?x=2,http://www.rapidtables.com/convert/length/mm-to-inch.html?x=2,2 mm to inches conversion,18089,0
thecalculatorsite.com,/conversions/liquidvolume/cubic-inch-to-cubic-centimeters.php,http://www.thecalculatorsite.com/conversions/liquidvolume/cubic-inch-to-cubic-centimeters.php,Cubic Inches and Cubic Centimeters Converter (in³ and cm³),18088,30
calculator.net,/carbohydrate-calculator.html,http://www.calculator.net/carbohydrate-calculator.html,Carbohydrate Calculator,18039,317
calculator.net,/btu-calculator.html,http://www.calculator.net/btu-calculator.html,BTU Calculator,18036,879
omnicalculator.com,/conversion/days-to-weeks,http://www.omnicalculator.com/conversion/days-to-weeks,Days to Weeks Calculator,18024,16
inchcalculator.com,/convert/quart-to-pound/,http://www.inchcalculator.com/convert/quart-to-pound/,Quarts to Pounds Converter - (qt to lb),18014,33
calculatorsoup.com,/calculators/math/significant-figures-rounding.php,http://www.calculatorsoup.com/calculators/math/significant-figures-rounding.php,Rounding Significant Figures Calculator,18004,121
inchcalculator.com,/convert/teaspoon-to-tablespoon/,http://www.inchcalculator.com/convert/teaspoon-to-tablespoon/,Teaspoons to Tablespoons Converter (tsp to tbsp),17986,63
inchcalculator.com,/convert/from-milliliter/,http://www.inchcalculator.com/convert/from-milliliter/,Milliliter (mL) Conversion Calculator,17977,2
omnicalculator.com,/conversion/mcg-to-ml,http://www.omnicalculator.com/conversion/mcg-to-ml,mcg to mL conversion,17963,6
inchcalculator.com,/scale-calculator/,http://www.inchcalculator.com/scale-calculator/,Scale Conversion Calculator & Scale Factor Calculator,17957,295
rapidtables.com,/convert/length/mm-to-inch.html?x=41,http://www.rapidtables.com/convert/length/mm-to-inch.html?x=41,41 mm to inches conversion,17951,0
omnicalculator.com,/everyday-life/speed,http://www.omnicalculator.com/everyday-life/speed,Speed Calculator,17902,296
rapidtables.com,/convert/length/cm-to-feet.html?x=156,http://www.rapidtables.com/convert/length/cm-to-feet.html?x=156,156 cm to feet conversion,17878,1
omnicalculator.com,/math/distance,http://www.omnicalculator.com/math/distance,"Distance Formula Calculator (Math, Geometry, Two Points)",17867,188
inchcalculator.com,/hours-from/20-hours-ago/,http://www.inchcalculator.com/hours-from/20-hours-ago/,What Time Was It 20 Hours Ago?,17748,0
inchcalculator.com,/convert/force-newton-to-pound-force/,http://www.inchcalculator.com/convert/force-newton-to-pound-force/,Newtons to Pounds Converter (N to lbf),17614,23
unitconverters.net,/length/decimeter-to-meter.htm,http://www.unitconverters.net/length/decimeter-to-meter.htm,Convert Decimeter to Meter,17614,24
unitconverters.net,/length-converter.html,http://www.unitconverters.net/length-converter.html,Length Converter,17523,234
calculatorsoup.com,/calculators/math/adding-and-subtracting-integers-calculator.php,http://www.calculatorsoup.com/calculators/math/adding-and-subtracting-integers-calculator.php,Calculator to Add and Subtract Integers Showing the Work,17520,193
rapidtables.com,/convert/length/meter-to-feet.html?x=3000,http://www.rapidtables.com/convert/length/meter-to-feet.html?x=3000,3000 meters to feet - Convert,17516,0
rapidtables.com,/convert/length/inch-to-cm.html?x=20,http://www.rapidtables.com/convert/length/inch-to-cm.html?x=20,20 inches to cm conversion,17511,0
rapidtables.com,/convert/length/cm-to-inch.html?x=11,http://www.rapidtables.com/convert/length/cm-to-inch.html?x=11,11 cm to inches conversion,17508,1
inchcalculator.com,/convert/cup-sugar-to-pound-sugar/,http://www.inchcalculator.com/convert/cup-sugar-to-pound-sugar/,Cups of Sugar to Pounds Converter (c to lb),17480,10
omnicalculator.com,/conversion/days-to-months,http://www.omnicalculator.com/conversion/days-to-months,Days to Months Calculator,17420,18
inchcalculator.com,/convert/quart-to-liter/,http://www.inchcalculator.com/convert/quart-to-liter/,Quarts to Liters Converter (qt to L),17327,16
rapidtables.com,/calc/electric/amps-to-va-calculator.html,http://www.rapidtables.com/calc/electric/amps-to-va-calculator.html,Amps to volt-amps (VA) conversion calculator,17291,60
rapidtables.com,/convert/length/meter-to-mile.html?x=1000,http://www.rapidtables.com/convert/length/meter-to-mile.html?x=1000,1000 meters to miles conversion,17271,0
unitconverters.net,/volume/kiloliter-to-liter.htm,http://www.unitconverters.net/volume/kiloliter-to-liter.htm,Convert Kiloliter to Liter,17271,3
inchcalculator.com,/convert/cubic-centimeter-to-cubic-inch/,http://www.inchcalculator.com/convert/cubic-centimeter-to-cubic-inch/,Cubic Centimeters to Cubic Inches Converter (cm³ to in³),17228,5
unitconverters.net,/volume/centiliter-to-fluid-ounce-us.htm,http://www.unitconverters.net/volume/centiliter-to-fluid-ounce-us.htm,Convert Centiliter to Fluid Ounce (US),17228,0
inchcalculator.com,/countdown-timer/how-long-until-6-00-pm/,http://www.inchcalculator.com/countdown-timer/how-long-until-6-00-pm/,How Long Until 6:00 PM?,17224,0
gigacalculator.com,/converters/convert-grams-to-tbsp.php,http://www.gigacalculator.com/converters/convert-grams-to-tbsp.php,Grams to Tablespoons Converter - Convert Grams to Tbsp,17224,5
calculator.net,/heloc-calculator.html,http://www.calculator.net/heloc-calculator.html,Home Equity Line of Credit (HELOC) Calculator,17220,132
unitconverters.net,/flow/liter-minute-to-gallon-us-minute.htm,http://www.unitconverters.net/flow/liter-minute-to-gallon-us-minute.htm,Convert Liter/minute to Gallon (US)/minute,17207,0
unitconverters.net,/volume/centiliter-to-liter.htm,http://www.unitconverters.net/volume/centiliter-to-liter.htm,Convert Centiliter to Liter,17206,3
inchcalculator.com,/days-from/15-days-from-today/,http://www.inchcalculator.com/days-from/15-days-from-today/,What Date Is 15 Days From Today?,17143,0
unitconverters.net,/length/centimeter-to-yard.htm,http://www.unitconverters.net/length/centimeter-to-yard.htm,Convert Centimeter to Yard,17116,28
rapidtables.com,/convert/length/cm-to-inch.html?x=76,http://www.rapidtables.com/convert/length/cm-to-inch.html?x=76,76 cm to inches conversion,17100,1
omnicalculator.com,/conversion/in-to-cm,http://www.omnicalculator.com/conversion/in-to-cm,in to cm Converter,17067,26
omnicalculator.com,/math/area-of-a-trapezoid,http://www.omnicalculator.com/math/area-of-a-trapezoid,Area of a Trapezoid Calculator,17037,88
omnicalculator.com,/conversion/cups-to-quarts-converter,http://www.omnicalculator.com/conversion/cups-to-quarts-converter,Cups to Quarts Converter,17032,4
inchcalculator.com,/convert/tablespoon-to-cup/,http://www.inchcalculator.com/convert/tablespoon-to-cup/,Tablespoons to Cups Converter (tbsp to c),17013,91
thecalculatorsite.com,/time/days-until.php,http://www.thecalculatorsite.com/time/days-until.php,How Many Days Until?,16995,407
omnicalculator.com,/conversion/years-to-decades,http://www.omnicalculator.com/conversion/years-to-decades,Years to Decades Calculator,16931,6
inchcalculator.com,/countdown-timer/how-long-until-8-00-pm/,http://www.inchcalculator.com/countdown-timer/how-long-until-8-00-pm/,How Long Until 8:00 PM?,16929,0
calculator.net,/auto-lease-calculator.html,http://www.calculator.net/auto-lease-calculator.html,Auto Lease Calculator,16877,206
omnicalculator.com,/math/vertex-form,http://www.omnicalculator.com/math/vertex-form,Vertex Form Calculator,16850,58
rapidtables.com,/convert/length/inch-to-cm.html?x=4,http://www.rapidtables.com/convert/length/inch-to-cm.html?x=4,4 inches to cm conversion,16840,1
calculatorsoup.com,/calculators/geometry-solids/hemisphere.php,http://www.calculatorsoup.com/calculators/geometry-solids/hemisphere.php,Hemisphere Calculator,16838,48
inchcalculator.com,/convert/pound-butter-to-cup-butter/,http://www.inchcalculator.com/convert/pound-butter-to-cup-butter/,Pounds of Butter to Cups Converter (lb to c),16838,2
inchcalculator.com,/weeks-calculator/weeks-until-thanksgiving/,http://www.inchcalculator.com/weeks-calculator/weeks-until-thanksgiving/,How Many Weeks Until Thanksgiving 2026?,16836,2
calculatorsoup.com,/calculators/physics/friction.php,http://www.calculatorsoup.com/calculators/physics/friction.php,Friction Calculator f = μN,16824,14
unitconverters.net,/volume/milliliter-to-microliter.htm,http://www.unitconverters.net/volume/milliliter-to-microliter.htm,Convert Milliliter to Microliter,16811,22
rapidtables.com,/math/algebra/ln/Ln_of_0.html,http://www.rapidtables.com/math/algebra/ln/Ln_of_0.html,What does ln(0)=? | Natural logarithm of zero,16810,33
unitconverters.net,/length/centimeter-to-nanometer.htm,http://www.unitconverters.net/length/centimeter-to-nanometer.htm,Convert Centimeter to Nanometer,16768,14
inchcalculator.com,/convert/tablespoon-to-teaspoon/,http://www.inchcalculator.com/convert/tablespoon-to-teaspoon/,Tablespoons to Teaspoons Converter (tbsp to tsp),16761,21
rapidtables.com,/convert/length/cm-to-inch.html?x=7.5,http://www.rapidtables.com/convert/length/cm-to-inch.html?x=7.5,7.5 cm to inches conversion,16760,0
inchcalculator.com,/weeks-from/40-weeks-from-today/,http://www.inchcalculator.com/weeks-from/40-weeks-from-today/,What Date Is 40 Weeks From Today?,16740,0
inchcalculator.com,/convert/kilogram-to-pound/?kg=110,http://www.inchcalculator.com/convert/kilogram-to-pound/?kg=110,How Many Pounds Are in 110 Kilograms?,16736,1
calculatorsoup.com,/calculators/statistics/random-card-generator.php,http://www.calculatorsoup.com/calculators/statistics/random-card-generator.php,Random Card Generator,16632,328
omnicalculator.com,/physics/watt,http://www.omnicalculator.com/physics/watt,Watt Calculator,16626,43
unitconverters.net,/pressure/psi-to-megapascal.htm,http://www.unitconverters.net/pressure/psi-to-megapascal.htm,Convert Psi to Megapascal,16597,45
unitconverters.net,/volume/liter-to-deciliter.htm,http://www.unitconverters.net/volume/liter-to-deciliter.htm,Convert Liter to Deciliter,16587,4
omnicalculator.com,/math/average-percentage,http://www.omnicalculator.com/math/average-percentage,Average Percentage Calculator,16569,88
unitconverters.net,/torque/pound-force-inch-to-newton-meter.htm,http://www.unitconverters.net/torque/pound-force-inch-to-newton-meter.htm,Convert Pound-force Inch to Newton Meter,16564,3
omnicalculator.com,/biology/dog-pregnancy,http://www.omnicalculator.com/biology/dog-pregnancy,Dog Pregnancy Calculator,16550,36
unitconverters.net,/volume-converter.html,http://www.unitconverters.net/volume-converter.html,Volume Converter,16536,165
unitconverters.net,/area/square-millimeter-to-square-meter.htm,http://www.unitconverters.net/area/square-millimeter-to-square-meter.htm,Convert Square Millimeter to Square Meter,16527,5
rapidtables.com,/convert/length/meter-to-feet.html?x=1000,http://www.rapidtables.com/convert/length/meter-to-feet.html?x=1000,1000 meters to feet - Convert,16505,0
rapidtables.com,/convert/length/inch-to-cm.html?fracsel=u&insel=u&x=18,http://www.rapidtables.com/convert/length/inch-to-cm.html?fracsel=u&insel=u&x=18,18 inches to cm conversion,16476,0
rapidtables.com,/convert/temperature/celsius-to-fahrenheit.html,http://www.rapidtables.com/convert/temperature/celsius-to-fahrenheit.html,Celsius to Fahrenheit Converter (°C to °F),16417,594
omnicalculator.com,/math/square-feet-triangle,http://www.omnicalculator.com/math/square-feet-triangle,Square Feet of a Triangle Calculator,16414,7
inchcalculator.com,/days-from/30-days-ago-from-today/,http://www.inchcalculator.com/days-from/30-days-ago-from-today/,What Date Is 30 Days Ago From Today?,16403,2
calculator.net,/lean-body-mass-calculator.html,http://www.calculator.net/lean-body-mass-calculator.html,Lean Body Mass Calculator,16401,281
widgetly.co,/convert/celsius/47-celsius-to-fahrenheit,http://www.widgetly.co/convert/celsius/47-celsius-to-fahrenheit,47°C to Fahrenheit — What is 47 Celsius in °F?,16358,0
inchcalculator.com,/convert/fluid-ounce-to-cup/,http://www.inchcalculator.com/convert/fluid-ounce-to-cup/,Fluid Ounces to Cups Converter (fl oz to c),16353,81
omnicalculator.com,/everyday-life/90-day,http://www.omnicalculator.com/everyday-life/90-day,90 Day Calculator: Find Dates 90 Days From Now,16339,28
unitconverters.net,/pressure-converter.html,http://www.unitconverters.net/pressure-converter.html,Pressure Converter,16304,196
calculator.net,/credit-card-calculator.html,http://www.calculator.net/credit-card-calculator.html,Credit Card Calculator,16262,516
unitconverters.net,/length/millimeter-to-micrometer.htm,http://www.unitconverters.net/length/millimeter-to-micrometer.htm,Convert Millimeter to Micrometer,16240,20
inchcalculator.com,/convert/cubic-foot-to-quart/,http://www.inchcalculator.com/convert/cubic-foot-to-quart/,Cubic Feet to Quarts Converter (ft³ to qt),16237,1
omnicalculator.com,/math/octagon,http://www.omnicalculator.com/math/octagon,Octagon Calculator,16207,127
calculator.net,/factor-calculator.html,http://www.calculator.net/factor-calculator.html,Factor Calculator,16183,104
calculatorsoup.com,/calculators/math/factors/24/,http://www.calculatorsoup.com/calculators/math/factors/24/,Factors of 24 | Factorization Calculator,16181,2
rapidtables.com,/convert/length/cm-to-feet.html?x=169,http://www.rapidtables.com/convert/length/cm-to-feet.html?x=169,169 cm to feet conversion,16181,4
inchcalculator.com,/convert/gram-flour-to-cup-flour/,http://www.inchcalculator.com/convert/gram-flour-to-cup-flour/,Grams of Flour to Cups Converter (g to c),16150,58
rapidtables.com,/convert/length/inch-to-mm.html?x=12,http://www.rapidtables.com/convert/length/inch-to-mm.html?x=12,12 inches to mm conversion,16145,0
calculatorsoup.com,/calculators/algebra/cubed-perfect-cubes.php,http://www.calculatorsoup.com/calculators/algebra/cubed-perfect-cubes.php,The First 100 Perfect Cubes,16119,3
inchcalculator.com,/months-from/4-months-from-today/,http://www.inchcalculator.com/months-from/4-months-from-today/,What Date Is 4 Months From Today?,16044,3
calculator.net,/age-calculator.html?today=12/04/1999,http://www.calculator.net/age-calculator.html?today=12/04/1999,Age Calculator,16016,1
calculator.net,/budget-calculator.html,http://www.calculator.net/budget-calculator.html,Budget Calculator,16012,294
inchcalculator.com,/convert/kilogram-to-pound/?kg=200,http://www.inchcalculator.com/convert/kilogram-to-pound/?kg=200,200 kg to lbs - How Many Pounds Are in 200 Kilograms?,16002,1
calculatorsoup.com,/calculators/time/date-day.php,http://www.calculatorsoup.com/calculators/time/date-day.php,Date Calculator | Days and Business Days,15993,402
rapidtables.com,/convert/weight/pound-to-kg.html?x=11,http://www.rapidtables.com/convert/weight/pound-to-kg.html?x=11,11 lbs to kg conversion,15983,0
inchcalculator.com,/hours-from/13-hours-ago/,http://www.inchcalculator.com/hours-from/13-hours-ago/,What Time Was It 13 Hours Ago?,15912,0
omnicalculator.com,/construction/board-foot,http://www.omnicalculator.com/construction/board-foot,Board Foot Calculator,15910,185
inchcalculator.com,/convert/metric-ton-to-kilogram/,http://www.inchcalculator.com/convert/metric-ton-to-kilogram/,Metric Tons (Tonnes) to Kilograms Converter (t to kg),15891,26
omnicalculator.com,/statistics/critical-value,http://www.omnicalculator.com/statistics/critical-value,Critical Value Calculator,15886,507
rapidtables.com,/convert/weight/kg-to-pound.html?x=1.5,http://www.rapidtables.com/convert/weight/kg-to-pound.html?x=1.5,1.5 kg to lbs conversion,15868,10
inchcalculator.com,/convert/fluid-ounce-to-ounce/,http://www.inchcalculator.com/convert/fluid-ounce-to-ounce/,Fluid Ounces to Ounces Converter - (fl oz to oz),15829,8
unitconverters.net,/volume/cubic-inches-to-liters.htm,http://www.unitconverters.net/volume/cubic-inches-to-liters.htm,Convert cubic inches to liters,15824,42
inchcalculator.com,/hours-from/21-hours-ago/,http://www.inchcalculator.com/hours-from/21-hours-ago/,What Time Was It 21 Hours Ago?,15744,0
inchcalculator.com,/minutes-from/20-minutes-from-now/,http://www.inchcalculator.com/minutes-from/20-minutes-from-now/,What Time Is 20 Minutes From Now?,15710,0
calculator.net,/mulch-calculator.html,http://www.calculator.net/mulch-calculator.html,Mulch Calculator,15700,59
inchcalculator.com,/convert/fluid-ounce-to-teaspoon/,http://www.inchcalculator.com/convert/fluid-ounce-to-teaspoon/,Fluid Ounces to Teaspoons Converter (fl oz to tsp),15664,12
unitconverters.net,/weight-and-mass/pennyweight-to-gram.htm,http://www.unitconverters.net/weight-and-mass/pennyweight-to-gram.htm,Convert Pennyweight to Gram,15664,0
inchcalculator.com,/convert/fluid-ounce-to-pound/,http://www.inchcalculator.com/convert/fluid-ounce-to-pound/,Fluid Ounces to Pounds Converter - (fl oz to lb),15662,9
rapidtables.com,/convert/power/hp-to-kw.html,http://www.rapidtables.com/convert/power/hp-to-kw.html,hp to kw - horsepower to kilowatts conversion,15633,99
rapidtables.com,/convert/weight/pound-to-kg.html?x=9,http://www.rapidtables.com/convert/weight/pound-to-kg.html?x=9,9 lbs to kg conversion,15617,0
unitconverters.net,/length/micron-to-millimeter.htm,http://www.unitconverters.net/length/micron-to-millimeter.htm,Convert Micron to Millimeter,15539,27
inchcalculator.com,/convert/liter-to-pound/,http://www.inchcalculator.com/convert/liter-to-pound/,Liters to Pounds Converter - (L to lb),15524,11
inchcalculator.com,/height-converter/205cm/,http://www.inchcalculator.com/height-converter/205cm/,What is 205 cm in Feet and Inches?,15477,0
rapidtables.com,/convert/length/cm-to-inch.html?x=2,http://www.rapidtables.com/convert/length/cm-to-inch.html?x=2,2 cm to inches conversion,15446,31
rapidtables.com,/convert/temperature/375-fahrenheit-to-celsius.html,http://www.rapidtables.com/convert/temperature/375-fahrenheit-to-celsius.html,375° Fahrenheit to Celsius conversion,15398,240
inchcalculator.com,/height-converter/6ft-0in/,http://www.inchcalculator.com/height-converter/6ft-0in/,"What is 6' 0"" in Centimeters?",15382,2
thecalculatorsite.com,/math/decimal-to-fraction.php,http://www.thecalculatorsite.com/math/decimal-to-fraction.php,Decimal to Fraction Calculator,15366,118
omnicalculator.com,/finance/percentage-discount,http://www.omnicalculator.com/finance/percentage-discount,Percentage Discount Calculator,15355,222
thecalculatorsite.com,/misc/birthday-calculator.php,http://www.thecalculatorsite.com/misc/birthday-calculator.php,"Birthday Calculator - Your Age, Day of Birth, Birthstone and ...",15349,266
calculatorsoup.com,/calculators/physics/weight.php,http://www.calculatorsoup.com/calculators/physics/weight.php,Weight Calculator W = mg,15309,46
calculatorsoup.com,/calculators/math/longmultiplication.php,http://www.calculatorsoup.com/calculators/math/longmultiplication.php,Long Multiplication Calculator,15293,228
calculator.net,/roth-ira-calculator.html,http://www.calculator.net/roth-ira-calculator.html,Roth IRA Calculator,15275,218
rapidtables.com,/convert/length/cm-to-mm.html?x=2,http://www.rapidtables.com/convert/length/cm-to-mm.html?x=2,2cm to mm conversion,15268,0
rapidtables.com,/convert/length/mm-to-inch.html?x=4,http://www.rapidtables.com/convert/length/mm-to-inch.html?x=4,4 mm to inches conversion,15239,0
inchcalculator.com,/convert/cup-to-teaspoon/?cups=1/4,http://www.inchcalculator.com/convert/cup-to-teaspoon/?cups=1/4,How Many Teaspoons Are In 1/4 Cup?,15236,1
inchcalculator.com,/convert/kilometer-per-hour-to-mile-per-hour/,http://www.inchcalculator.com/convert/kilometer-per-hour-to-mile-per-hour/,Kilometers per Hour to Miles per Hour Converter,15185,83
inchcalculator.com,/hours-from/12-hours-from-now/,http://www.inchcalculator.com/hours-from/12-hours-from-now/,What Time Is 12 Hours From Now?,15176,0
omnicalculator.com,/physics/gravitational-force,http://www.omnicalculator.com/physics/gravitational-force,Gravitational Force Calculator,15141,96
widgetly.co,/convert/40-cm-to-inches,http://www.widgetly.co/convert/40-cm-to-inches,How Many Inches is 40 cm? - Convert,15131,3
inchcalculator.com,/square-yards-calculator/,http://www.inchcalculator.com/square-yards-calculator/,Square Yards Calculator,15124,100
inchcalculator.com,/countdown-timer/how-long-until-9-00-pm/,http://www.inchcalculator.com/countdown-timer/how-long-until-9-00-pm/,How Long Until 9:00 PM?,15122,0
omnicalculator.com,/math/fraction,http://www.omnicalculator.com/math/fraction,Fraction Calculator,15093,64
omnicalculator.com,/conversion/cubic-feet,http://www.omnicalculator.com/conversion/cubic-feet,Cubic Feet Calculator,15066,100
omnicalculator.com,/math/percentage-difference,http://www.omnicalculator.com/math/percentage-difference,Percentage Difference Calculator,15062,314
omnicalculator.com,/conversion/kilometer-meter-conversion,http://www.omnicalculator.com/conversion/kilometer-meter-conversion,Kilometer to Meter Converter,15024,3
inchcalculator.com,/convert/pound-to-kilogram/?lb=50,http://www.inchcalculator.com/convert/pound-to-kilogram/?lb=50,How many kilograms are in 50 pounds?,15018,1
omnicalculator.com,/health/height,http://www.omnicalculator.com/health/height,Height Calculator - Height Predictor,15002,393
unitconverters.net,/area/square-yards-to-square-feet.htm,http://www.unitconverters.net/area/square-yards-to-square-feet.htm,Convert square yards to square feet,14965,15
omnicalculator.com,/health/bmr-harris-benedict-equation,http://www.omnicalculator.com/health/bmr-harris-benedict-equation,Harris-Benedict Calculator (Basal Metabolic Rate),14922,410
omnicalculator.com,/everyday-life/days-between-dates,http://www.omnicalculator.com/everyday-life/days-between-dates,Days Between Dates Calculator,14915,161
inchcalculator.com,/convert/cup-flour-to-pound-flour/,http://www.inchcalculator.com/convert/cup-flour-to-pound-flour/,Cups of Flour to Pounds Converter (c to lb),14873,24
calculatorsoup.com,/calculators/conversions/cm-to-inches.php,http://www.calculatorsoup.com/calculators/conversions/cm-to-inches.php,cm to inches (cm to in) | centimeters to inches,14853,16
inchcalculator.com,/months-from/9-months-from-today/,http://www.inchcalculator.com/months-from/9-months-from-today/,What Date Is 9 Months From Today?,14853,5
calculatorsoup.com,/calculators/discretemathematics/permutations.php,http://www.calculatorsoup.com/calculators/discretemathematics/permutations.php,Permutations Calculator nPr,14805,202
rapidtables.com,/convert/length/meter-to-mile.html?x=2000,http://www.rapidtables.com/convert/length/meter-to-mile.html?x=2000,2000 meters to miles conversion,14779,0
omnicalculator.com,/math/round-to-the-nearest-cent,http://www.omnicalculator.com/math/round-to-the-nearest-cent,Round to the Nearest Cent Calculator,14750,7
inchcalculator.com,/countdown-timer/how-long-until-6-00-am/,http://www.inchcalculator.com/countdown-timer/how-long-until-6-00-am/,How Long Until 6:00 AM?,14710,0
rapidtables.com,/convert/length/meter-to-mm.html,http://www.rapidtables.com/convert/length/meter-to-mm.html,Meters to mm converter,14707,30
calculator.net,/debt-ratio-calculator.html,http://www.calculator.net/debt-ratio-calculator.html,Debt-to-Income (DTI) Ratio Calculator,14674,286
omnicalculator.com,/sports/swimming-calorie,http://www.omnicalculator.com/sports/swimming-calorie,Calories Burned Swimming Calculator,14648,64
gigacalculator.com,/converters/convert-watts-to-joules.php,http://www.gigacalculator.com/converters/convert-watts-to-joules.php,"Watts to Joules Converter - Convert W, kW, mW to J, kJ or mJ",14606,42
rapidtables.com,/convert/length/cm-to-feet.html?x=166,http://www.rapidtables.com/convert/length/cm-to-feet.html?x=166,166 cm to feet conversion,14597,5
omnicalculator.com,/conversion/drops-to-ml-conversion,http://www.omnicalculator.com/conversion/drops-to-ml-conversion,Drops to ml Conversion,14584,10
calculatorsoup.com,/calculators/statistics/percentile-calculator.php,http://www.calculatorsoup.com/calculators/statistics/percentile-calculator.php,Percentile Calculator,14557,191
inchcalculator.com,/convert/milligram-to-tablespoon/,http://www.inchcalculator.com/convert/milligram-to-tablespoon/,Milligrams to Tablespoons Converter - (mg to tbsp),14545,52
rapidtables.com,/convert/length/meter-to-feet.html?x=600,http://www.rapidtables.com/convert/length/meter-to-feet.html?x=600,600 meters to feet - Convert,14543,0
rapidtables.com,/convert/length/cm-to-inch.html?x=35,http://www.rapidtables.com/convert/length/cm-to-inch.html?x=35,35 cm to inches conversion,14516,0
unitconverters.net,/currency/idr-to-usd.htm,http://www.unitconverters.net/currency/idr-to-usd.htm,Convert IDR to USD,14485,80
inchcalculator.com,/convert/millimeter-to-inch/,http://www.inchcalculator.com/convert/millimeter-to-inch/,mm to Inches Converter (Millimeters To Inches),14450,161
unitconverters.net,/length/nanometer-to-centimeter.htm,http://www.unitconverters.net/length/nanometer-to-centimeter.htm,Convert Nanometer to Centimeter,14444,14
rapidtables.com,/convert/power/kw-to-hp.html,http://www.rapidtables.com/convert/power/kw-to-hp.html,kw to hp - kilowatts to horsepower conversion,14433,129
rapidtables.com,/convert/voltage/mv-to-volt.html,http://www.rapidtables.com/convert/voltage/mv-to-volt.html,Millivolts (mV) to volts (V) conversion,14420,55
omnicalculator.com,/conversion/bar-to-psig-conversion,http://www.omnicalculator.com/conversion/bar-to-psig-conversion,Bar to PSIG Converter,14388,4
gigacalculator.com,/converters/convert-bytes-to-mb.php,http://www.gigacalculator.com/converters/convert-bytes-to-mb.php,Bytes to MB Converter - Convert Bytes to MegaBytes,14359,62
rapidtables.com,/convert/length/cm-to-inch.html?x=70,http://www.rapidtables.com/convert/length/cm-to-inch.html?x=70,70 cm to inches conversion,14280,2
rapidtables.com,/convert/length/mile-to-km.html?x=8,http://www.rapidtables.com/convert/length/mile-to-km.html?x=8,8 miles to km conversion,14260,0
omnicalculator.com,/math/round-to-the-nearest-hundred,http://www.omnicalculator.com/math/round-to-the-nearest-hundred,Round to the Nearest Hundred Calculator,14209,12
inchcalculator.com,/convert/pound-to-kilogram/,http://www.inchcalculator.com/convert/pound-to-kilogram/,lbs to kg Converter (Pounds to Kilograms),14186,83
calculator.net,/savings-calculator.html,http://www.calculator.net/savings-calculator.html,Savings Calculator,14176,153
inchcalculator.com,/watts-to-kwh-calculator/,http://www.inchcalculator.com/watts-to-kwh-calculator/,Watts to Kilowatt-Hours (kWh) Conversion Calculator,14154,129
omnicalculator.com,/conversion/psi-to-inches-of-water-conversion,http://www.omnicalculator.com/conversion/psi-to-inches-of-water-conversion,psi to Inches of Water Conversion,14134,4
inchcalculator.com,/countdown-timer/how-long-until-4-30-pm/,http://www.inchcalculator.com/countdown-timer/how-long-until-4-30-pm/,How Long Until 4:30 PM?,14116,0
gigacalculator.com,/converters/convert-mph-to-kmph.php,http://www.gigacalculator.com/converters/convert-mph-to-kmph.php,Mph to Kmh Converter (miles/h to km/h),14079,30
calculator.net,/shoe-size-conversion.html,http://www.calculator.net/shoe-size-conversion.html,Shoe Size Conversion,14074,36
gigacalculator.com,/converters/convert-grams-to-ml.php,http://www.gigacalculator.com/converters/convert-grams-to-ml.php,Grams to Milliliters Converter - Convert Grams to ml,14062,17
rapidtables.com,/convert/length/cm-to-feet.html?x=148,http://www.rapidtables.com/convert/length/cm-to-feet.html?x=148,148 cm to feet conversion,14048,47
unitconverters.net,/area/square-feet-to-square-yards.htm,http://www.unitconverters.net/area/square-feet-to-square-yards.htm,Convert square feet to square yards,14038,60
omnicalculator.com,/conversion/pounds-to-grams,http://www.omnicalculator.com/conversion/pounds-to-grams,Pounds to Grams Converter,14030,7
omnicalculator.com,/math/isosceles-right-triangle,http://www.omnicalculator.com/math/isosceles-right-triangle,Isosceles Right Triangle Calculator,14029,3
inchcalculator.com,/hours-from/4-hours-ago/,http://www.inchcalculator.com/hours-from/4-hours-ago/,What Time Was It 4 Hours Ago?,14019,0
calculatorsoup.com,/calculators/statistics/average.php,http://www.calculatorsoup.com/calculators/statistics/average.php,Mean Calculator | Average Calculator,14005,243
gigacalculator.com,/converters/convert-mb-to-mbps.php,http://www.gigacalculator.com/converters/convert-mb-to-mbps.php,MB to Mbps Converter - convert MegaBytes per Second ...,14005,74
omnicalculator.com,/math/round-to-the-nearest-ten,http://www.omnicalculator.com/math/round-to-the-nearest-ten,Round to the Nearest Ten Calculator,13997,5
omnicalculator.com,/es/conversion/convertidor-kilometros-a-millas,http://www.omnicalculator.com/es/conversion/convertidor-kilometros-a-millas,Convertidor de kilómetros a millas,13991,0
rapidtables.com,/convert/length/cm-to-inch.html?x=7,http://www.rapidtables.com/convert/length/cm-to-inch.html?x=7,7 cm to inches conversion,13946,2
inchcalculator.com,/height-converter/180cm/,http://www.inchcalculator.com/height-converter/180cm/,What is 180 cm in Feet and Inches?,13944,6
omnicalculator.com,/conversion/psig-to-psia-conversion,http://www.omnicalculator.com/conversion/psig-to-psia-conversion,PSIG to PSIA Converter,13876,5
rapidtables.com,/convert/length/meter-to-mile.html?x=1600,http://www.rapidtables.com/convert/length/meter-to-mile.html?x=1600,1600 meters to miles conversion,13865,0
omnicalculator.com,/conversion/kg-to-liter,http://www.omnicalculator.com/conversion/kg-to-liter,kg to Liter Converter,13857,32
rapidtables.com,/convert/length/meter-to-feet.html?x=70,http://www.rapidtables.com/convert/length/meter-to-feet.html?x=70,70 meters to feet - Convert,13844,0
omnicalculator.com,/math/square-in-a-circle,http://www.omnicalculator.com/math/square-in-a-circle,Square in a Circle Calculator,13843,27
gigacalculator.com,/calculators/how-many-years-calculator.php,http://www.gigacalculator.com/calculators/how-many-years-calculator.php,How Many Years Calculator,13812,3
inchcalculator.com,/convert/gallon-to-quart/,http://www.inchcalculator.com/convert/gallon-to-quart/,Gallons to Quarts Converter (gal to qt),13808,31
calculator.net,/wind-chill-calculator.html,http://www.calculator.net/wind-chill-calculator.html,Wind Chill Calculator,13791,99
omnicalculator.com,/everyday-life/age-difference,http://www.omnicalculator.com/everyday-life/age-difference,Age Difference Calculator,13788,67
unitconverters.net,/volume/cc-to-oz.htm,http://www.unitconverters.net/volume/cc-to-oz.htm,Convert cc to oz,13770,56
inchcalculator.com,/convert/liter-to-cubic-foot/,http://www.inchcalculator.com/convert/liter-to-cubic-foot/,Liters to Cubic Feet Converter (L to ft³),13763,3
omnicalculator.com,/math/cone-surface-area,http://www.omnicalculator.com/math/cone-surface-area,Surface Area of a Cone Calculator,13752,38
calculatorsoup.com,/calculators/conversions/fahrenheit-to-rankine.php,http://www.calculatorsoup.com/calculators/conversions/fahrenheit-to-rankine.php,Fahrenheit to Rankine | °F to °R,13747,2
widgetly.co,/convert/66-cm-to-inches,http://www.widgetly.co/convert/66-cm-to-inches,How Many Inches is 66 cm? - Convert,13737,0
unitconverters.net,/current/amps-to-milliamps.htm,http://www.unitconverters.net/current/amps-to-milliamps.htm,Convert amps to milliamps,13713,59
rapidtables.com,/convert/number/fraction-to-decimal.html,http://www.rapidtables.com/convert/number/fraction-to-decimal.html,Fraction to Decimal Number Converter,13657,93
omnicalculator.com,/conversion/ml-to-kg,http://www.omnicalculator.com/conversion/ml-to-kg,ml to kg Converter,13648,13
inchcalculator.com,/convert/bar-to-pound-per-square-inch/,http://www.inchcalculator.com/convert/bar-to-pound-per-square-inch/,Bars to psi Converter,13644,6
inchcalculator.com,/countdown-timer/how-long-until-7-00-pm/,http://www.inchcalculator.com/countdown-timer/how-long-until-7-00-pm/,How Long Until 7:00 PM?,13643,0
inchcalculator.com,/convert/pound-to-kilogram/?lb=300,http://www.inchcalculator.com/convert/pound-to-kilogram/?lb=300,How many kilograms are in 300 pounds?,13640,53
inchcalculator.com,/height-converter/135cm/,http://www.inchcalculator.com/height-converter/135cm/,What is 135 cm in Feet and Inches?,13618,0
inchcalculator.com,/hours-from/3-hours-ago/,http://www.inchcalculator.com/hours-from/3-hours-ago/,What Time Was It 3 Hours Ago?,13612,0
inchcalculator.com,/convert/cup-to-teaspoon/?cups=3/4,http://www.inchcalculator.com/convert/cup-to-teaspoon/?cups=3/4,How Many Teaspoons Are In 3/4 Cup?,13610,0
rapidtables.com,/convert/length/cm-to-feet.html?x=154,http://www.rapidtables.com/convert/length/cm-to-feet.html?x=154,154 cm to feet conversion,13528,45
rapidtables.com,/tools/scoreboard.html,http://www.rapidtables.com/tools/scoreboard.html,Scoreboard - Score counter online,13505,176
omnicalculator.com,/finance/monthly-income,http://www.omnicalculator.com/finance/monthly-income,Monthly Income Calculator,13465,72
unitconverters.net,/area/square-inch-to-square-foot.htm,http://www.unitconverters.net/area/square-inch-to-square-foot.htm,Convert Square Inch to Square Foot,13463,2
inchcalculator.com,/convert/week-to-second/,http://www.inchcalculator.com/convert/week-to-second/,Weeks to Seconds Converter (wk to s),13449,3
unitconverters.net,/power/watt-to-kilowatt.htm,http://www.unitconverters.net/power/watt-to-kilowatt.htm,Convert Watt to Kilowatt,13438,26
omnicalculator.com,/conversion/lbs-to-pounds,http://www.omnicalculator.com/conversion/lbs-to-pounds,lbs to Pounds Converter,13422,50
inchcalculator.com,/convert/week-to-hour/,http://www.inchcalculator.com/convert/week-to-hour/,Weeks to Hours Converter (wk to hr),13297,44
calculator.net,/dew-point-calculator.html,http://www.calculator.net/dew-point-calculator.html,Dew Point Calculator,13294,205
rapidtables.com,/math/algebra/ln/Ln_of_Infinity.html,http://www.rapidtables.com/math/algebra/ln/Ln_of_Infinity.html,What is the natural logarithm of infinity | ln(∞)=?,13293,20
inchcalculator.com,/convert/fluid-ounce-to-cup/?oz=5,http://www.inchcalculator.com/convert/fluid-ounce-to-cup/?oz=5,How Many Cups Are In 5 Fluid Ounces? (5 oz to cups),13282,1
omnicalculator.com,/physics/tension,http://www.omnicalculator.com/physics/tension,Tension Calculator,13257,68
inchcalculator.com,/convert/cup-to-fluid-ounce/?cups=9,http://www.inchcalculator.com/convert/cup-to-fluid-ounce/?cups=9,How Many Fluid Ounces Are In 9 Cups? (9 cups to oz),13246,0
calculator.net,/percent-error-calculator.html,http://www.calculator.net/percent-error-calculator.html,Percent Error Calculator,13216,208
inchcalculator.com,/cubic-inches-calculator/,http://www.inchcalculator.com/cubic-inches-calculator/,Cubic Inches Calculator,13205,2
unitconverters.net,/weight-and-mass/gram-to-pennyweight.htm,http://www.unitconverters.net/weight-and-mass/gram-to-pennyweight.htm,Convert Gram to Pennyweight,13193,0
inchcalculator.com,/convert/from-ton/,http://www.inchcalculator.com/convert/from-ton/,Ton (t) Weight Conversion Calculator,13187,1
omnicalculator.com,/conversion/inch-converter,http://www.omnicalculator.com/conversion/inch-converter,Inch Converter,13166,11
rapidtables.com,/convert/temperature/75-fahrenheit-to-celsius.html,http://www.rapidtables.com/convert/temperature/75-fahrenheit-to-celsius.html,75° Fahrenheit to Celsius conversion,13139,20
omnicalculator.com,/other/letters-to-numbers,http://www.omnicalculator.com/other/letters-to-numbers,Letters to Numbers Converter,13106,1
omnicalculator.com,/finance/markup,http://www.omnicalculator.com/finance/markup,Markup Calculator,13085,331
widgetly.co,/convert/fahrenheit/300-fahrenheit-to-celsius,http://www.widgetly.co/convert/fahrenheit/300-fahrenheit-to-celsius,300°F to Celsius — What is 300 Fahrenheit in °C?,13072,0
unitconverters.net,/length/nanometer-to-millimeter.htm,http://www.unitconverters.net/length/nanometer-to-millimeter.htm,Convert Nanometer to Millimeter,13052,33
rapidtables.com,/convert/length/mm-to-inch.html?x=10,http://www.rapidtables.com/convert/length/mm-to-inch.html?x=10,10 mm to inches conversion,13051,5
omnicalculator.com,/conversion/cm-to-mm-conversion,http://www.omnicalculator.com/conversion/cm-to-mm-conversion,cm to mm Converter,13044,8
inchcalculator.com,/convert/month-to-week/,http://www.inchcalculator.com/convert/month-to-week/,Months to Weeks Converter (mo to wk),13005,2
inchcalculator.com,/circumference-to-diameter-calculator/,http://www.inchcalculator.com/circumference-to-diameter-calculator/,Circumference to Diameter Calculator,12989,3
gigacalculator.com,/converters/convert-mph-to-mps.php,http://www.gigacalculator.com/converters/convert-mph-to-mps.php,Mph to Mps Converter (Convert mph to m/s),12987,24
inchcalculator.com,/volts-to-watts-calculator/,http://www.inchcalculator.com/volts-to-watts-calculator/,Volts to Watts Conversion Calculator,12972,103
widgetly.co,/convert/fahrenheit/54-fahrenheit-to-celsius,http://www.widgetly.co/convert/fahrenheit/54-fahrenheit-to-celsius,54°F to Celsius — What is 54 Fahrenheit in °C?,12971,0
unitconverters.net,/length/millimeter-to-nanometer.htm,http://www.unitconverters.net/length/millimeter-to-nanometer.htm,Convert Millimeter to Nanometer,12952,26
rapidtables.com,/convert/length/cm-to-inch.html?x=23,http://www.rapidtables.com/convert/length/cm-to-inch.html?x=23,23 cm to inches conversion,12928,2
inchcalculator.com,/months-from/9-months-ago-from-today/,http://www.inchcalculator.com/months-from/9-months-ago-from-today/,What Date Is 9 Months Ago?,12913,7
inchcalculator.com,/countdown-timer/how-long-until-4-00-am/,http://www.inchcalculator.com/countdown-timer/how-long-until-4-00-am/,How Long Until 4:00 AM?,12909,0
omnicalculator.com,/conversion/hours-to-minutes-converter,http://www.omnicalculator.com/conversion/hours-to-minutes-converter,Hours to Minutes Converter,12840,9
inchcalculator.com,/convert/year-to-month/,http://www.inchcalculator.com/convert/year-to-month/,Years to Months Converter (yr to mo),12822,15
rapidtables.com,/convert/length/inch-to-mm.html?x=9,http://www.rapidtables.com/convert/length/inch-to-mm.html?x=9,9 inches to mm conversion,12801,0
omnicalculator.com,/math/least-common-factor,http://www.omnicalculator.com/math/least-common-factor,Least Common Factor Calculator,12781,2
rapidtables.com,/calc/electric/watt-volt-amp-calculator.html,http://www.rapidtables.com/calc/electric/watt-volt-amp-calculator.html,Watts/Volts/Amps/Ohms Calculator,12734,548
omnicalculator.com,/sports/vo2-max,http://www.omnicalculator.com/sports/vo2-max,VO2 Max Calculator | Aerobic Capacity,12728,268
thecalculatorsite.com,/cooking/pounds-cups.php,http://www.thecalculatorsite.com/cooking/pounds-cups.php,"Pounds to Cups Calculator: Flour, Sugar, Butter and More",12718,131
inchcalculator.com,/convert/gallon-to-pint/,http://www.inchcalculator.com/convert/gallon-to-pint/,Gallons to Pints Converter (gal to pt),12709,3
omnicalculator.com,/finance/price-per-sqft,http://www.omnicalculator.com/finance/price-per-sqft,Price Per Square Foot Calculator,12703,240
inchcalculator.com,/convert/cubic-meter-to-gallon/,http://www.inchcalculator.com/convert/cubic-meter-to-gallon/,Cubic Meters to Gallons Converter (m³ to gal),12701,6
rapidtables.com,/convert/weight/kg-to-pound.html?x=133,http://www.rapidtables.com/convert/weight/kg-to-pound.html?x=133,133 kg to lbs conversion,12692,0
inchcalculator.com,/countdown-timer/how-long-until-11-00-pm/,http://www.inchcalculator.com/countdown-timer/how-long-until-11-00-pm/,How Long Until 11:00 PM?,12685,0
calculator.net,/body-surface-area-calculator.html,http://www.calculator.net/body-surface-area-calculator.html,Body Surface Area Calculator,12653,273
calculatorsoup.com,/calculators/physics/elastic-potential.php,http://www.calculatorsoup.com/calculators/physics/elastic-potential.php,Elastic Potential Energy Calculator U = ½kΔx²,12643,9
omnicalculator.com,/conversion/gal-to-kg,http://www.omnicalculator.com/conversion/gal-to-kg,gal to kg Converter,12585,16
inchcalculator.com,/convert/month-to-year/?months=18,http://www.inchcalculator.com/convert/month-to-year/?months=18,How Many Years is 18 Months?,12530,0
calculatorsoup.com,/calculators/time/decimal-to-time-calculator.php,http://www.calculatorsoup.com/calculators/time/decimal-to-time-calculator.php,Decimal to Time Calculator,12527,187
inchcalculator.com,/convert/second-to-millisecond/,http://www.inchcalculator.com/convert/second-to-millisecond/,Seconds to Milliseconds Converter (s to ms),12516,23
inchcalculator.com,/height-converter/170cm/,http://www.inchcalculator.com/height-converter/170cm/,What is 170 cm in Feet and Inches?,12506,6
calculatorsoup.com,/calculators/time/age-checker.php,http://www.calculatorsoup.com/calculators/time/age-checker.php,Age Checker,12487,2
inchcalculator.com,/height-converter/4ft-6in-to-inches/,http://www.inchcalculator.com/height-converter/4ft-6in-to-inches/,"What is 4' 6"" in Inches?",12478,0
inchcalculator.com,/months-from/18-months-from-today/,http://www.inchcalculator.com/months-from/18-months-from-today/,What Date Is 18 Months From Today?,12476,5
thecalculatorsite.com,/misc/square-footage-calculator.php,http://www.thecalculatorsite.com/misc/square-footage-calculator.php,Square Footage Calculator,12465,353
omnicalculator.com,/everyday-life/desk-height,http://www.omnicalculator.com/everyday-life/desk-height,Desk Height Calculator,12416,198
unitconverters.net,/volume/cubic-centimeter-to-cubic-meter.htm,http://www.unitconverters.net/volume/cubic-centimeter-to-cubic-meter.htm,Convert Cubic Centimeter to Cubic Meter,12411,1
unitconverters.net,/length/micrometer-to-nanometer.htm,http://www.unitconverters.net/length/micrometer-to-nanometer.htm,Convert Micrometer to Nanometer,12376,21
rapidtables.com,/convert/length/cm-to-feet.html?x=172,http://www.rapidtables.com/convert/length/cm-to-feet.html?x=172,172 cm to feet conversion,12374,5
inchcalculator.com,/hours-from/7-hours-from-now/,http://www.inchcalculator.com/hours-from/7-hours-from-now/,What Time Is 7 Hours From Now?,12322,0
rapidtables.com,/convert/length/meter-to-feet.html?x=2000,http://www.rapidtables.com/convert/length/meter-to-feet.html?x=2000,2000 meters to feet - Convert,12322,0
gigacalculator.com,/converters/convert-gb-to-tb.php,http://www.gigacalculator.com/converters/convert-gb-to-tb.php,GB to TB Converter - Convert GigaBytes to TeraBytes,12311,47
inchcalculator.com,/convert/radian-per-second-to-revolution-per-minute/,http://www.inchcalculator.com/convert/radian-per-second-to-revolution-per-minute/,Radians per Second to Revolutions per Minute Converter,12301,8
omnicalculator.com,/conversion/height-in-inches,http://www.omnicalculator.com/conversion/height-in-inches,Height in Inches Calculator,12292,5
rapidtables.com,/convert/temperature/350-fahrenheit-to-celsius.html,http://www.rapidtables.com/convert/temperature/350-fahrenheit-to-celsius.html,350° Fahrenheit to Celsius conversion,12243,55
rapidtables.com,/convert/temperature/fahrenheit-to-celsius.html?x=60,http://www.rapidtables.com/convert/temperature/fahrenheit-to-celsius.html?x=60,Fahrenheit to Celsius Converter - Temperature,12181,0
inchcalculator.com,/convert/pound-to-kilogram/?lb=120,http://www.inchcalculator.com/convert/pound-to-kilogram/?lb=120,How many kilograms are in 120 pounds?,12178,3
calculatorsoup.com,/calculators/math/factors/30/,http://www.calculatorsoup.com/calculators/math/factors/30/,Factors of 30 | Factorization Calculator,12155,0
gigacalculator.com,/converters/convert-ft-to-m-feet-to-meters.php,http://www.gigacalculator.com/converters/convert-ft-to-m-feet-to-meters.php,Feet to Meters Converter - Convert ft to m,12131,43
inchcalculator.com,/convert/fluid-ounce-to-cup/?oz=40,http://www.inchcalculator.com/convert/fluid-ounce-to-cup/?oz=40,How Many Cups Are In 40 Fluid Ounces? (40 oz to cups),12109,1
rapidtables.com,/convert/length/cm-to-inch.html?x=4,http://www.rapidtables.com/convert/length/cm-to-inch.html?x=4,4 cm to inches conversion,12097,7
rapidtables.com,/convert/length/meter-to-feet.html?x=7,http://www.rapidtables.com/convert/length/meter-to-feet.html?x=7,7 meters to feet - Convert,12069,0
unitconverters.net,/energy/kcal-to-cal.htm,http://www.unitconverters.net/energy/kcal-to-cal.htm,Convert kcal to cal,12067,38
unitconverters.net,/volume/cc-to-liter.htm,http://www.unitconverters.net/volume/cc-to-liter.htm,Convert Cc to Liter,12039,23
rapidtables.com,/convert/length/feet-inch-to-cm.html?ft=5&inch=3,http://www.rapidtables.com/convert/length/feet-inch-to-cm.html?ft=5&inch=3,5 ft+3 inches to cm conversion,12032,6
inchcalculator.com,/convert/gram-to-cup/,http://www.inchcalculator.com/convert/gram-to-cup/,Grams to Cups Converter - (g to c),12029,30
omnicalculator.com,/other/download-time,http://www.omnicalculator.com/other/download-time,Download Time Calculator,12016,219
omnicalculator.com,/conversion/mg-to-teaspoon-converter,http://www.omnicalculator.com/conversion/mg-to-teaspoon-converter,mg to teaspoon Converter,12006,6
unitconverters.net,/area/square-mile-to-square-kilometer.htm,http://www.unitconverters.net/area/square-mile-to-square-kilometer.htm,Convert Square Mile to Square Kilometer,11994,0
inchcalculator.com,/weeks-from/15-weeks-from-today/,http://www.inchcalculator.com/weeks-from/15-weeks-from-today/,What Date Is 15 Weeks From Today?,11970,27
rapidtables.com,/web/color/Gold_Color.html,http://www.rapidtables.com/web/color/Gold_Color.html,Gold RGB color code,11962,144
calculator.net,/va-mortgage-calculator.html,http://www.calculator.net/va-mortgage-calculator.html,VA Mortgage Calculator,11937,237
inchcalculator.com,/weeks-from/2-weeks-from-today/,http://www.inchcalculator.com/weeks-from/2-weeks-from-today/,What Date Is 2 Weeks From Today?,11862,0
calculatorsoup.com,/calculators/math/longdivisiondecimals.php,http://www.calculatorsoup.com/calculators/math/longdivisiondecimals.php,Long Division Calculator with Decimals,11833,250
omnicalculator.com,/conversion/l-to-gal,http://www.omnicalculator.com/conversion/l-to-gal,l to gal Converter,11824,12
unitconverters.net,/length/yard-to-kilometer.htm,http://www.unitconverters.net/length/yard-to-kilometer.htm,Convert Yard to Kilometer,11811,10
rapidtables.com,/convert/color/hex-to-rgb.html,http://www.rapidtables.com/convert/color/hex-to-rgb.html,Hex to RGB Color Converter,11808,296
rapidtables.com,/convert/length/mm-to-inch.html?x=12,http://www.rapidtables.com/convert/length/mm-to-inch.html?x=12,12 mm to inches conversion,11753,3
omnicalculator.com,/conversion/ml-to-cc-converter,http://www.omnicalculator.com/conversion/ml-to-cc-converter,ml to cc Converter,11720,8
omnicalculator.com,/math/triangle-perimeter,http://www.omnicalculator.com/math/triangle-perimeter,Perimeter of a Triangle. Calculator,11715,21
omnicalculator.com,/conversion/minutes-to-hours-converter,http://www.omnicalculator.com/conversion/minutes-to-hours-converter,Minutes to Hours Converter,11709,28
calculator.net,/apr-calculator.html,http://www.calculator.net/apr-calculator.html,APR Calculator,11702,269
inchcalculator.com,/soil-calculator/,http://www.inchcalculator.com/soil-calculator/,Soil Calculator - Estimate Topsoil,11679,159
omnicalculator.com,/math/right-triangle-area,http://www.omnicalculator.com/math/right-triangle-area,Area of a Right Triangle Calculator,11673,72
inchcalculator.com,/convert/hour-to-day/,http://www.inchcalculator.com/convert/hour-to-day/,Hours to Days Converter (hr to d),11673,52
inchcalculator.com,/convert/tablespoon-to-milliliter/,http://www.inchcalculator.com/convert/tablespoon-to-milliliter/,Tablespoons to Milliliters Converter (tbsp to mL),11637,32
unitconverters.net,/pressure/millibar-to-psi.htm,http://www.unitconverters.net/pressure/millibar-to-psi.htm,Convert Millibar to Psi,11635,26
calculatorsoup.com,/calculators/math/commonfactors.php,http://www.calculatorsoup.com/calculators/math/commonfactors.php,Common Factors Calculator,11630,98
rapidtables.com,/convert/length/cm-to-feet.html?x=151,http://www.rapidtables.com/convert/length/cm-to-feet.html?x=151,151 cm to feet conversion,11627,0
inchcalculator.com,/convert/from-pound-per-square-inch/,http://www.inchcalculator.com/convert/from-pound-per-square-inch/,Pounds per Square Inch (psi) Converter - Conversion,11612,11
rapidtables.com,/convert/length/mm-to-inch.html?x=6,http://www.rapidtables.com/convert/length/mm-to-inch.html?x=6,6 mm to inches conversion,11609,5
rapidtables.com,/convert/weight/ton-to-kg.html,http://www.rapidtables.com/convert/weight/ton-to-kg.html,Metric Tons (Tonne) to Kilograms converter (t to kg),11531,76
thecalculatorsite.com,/conversions/common/liters-gallons.php,http://www.thecalculatorsite.com/conversions/common/liters-gallons.php,Liters to Gallons Converter (US and UK Gallons),11498,16
calculatorsoup.com,/calculators/geometry-plane/pythagorean-theorem.php,http://www.calculatorsoup.com/calculators/geometry-plane/pythagorean-theorem.php,Pythagorean Theorem Calculator,11461,159
thecalculatorsite.com,/time/days-between-dates.php,http://www.thecalculatorsite.com/time/days-between-dates.php,Days and Time Between Dates,11453,203
widgetly.co,/time-weeks/20-weeks-from-today,http://www.widgetly.co/time-weeks/20-weeks-from-today,What is 20 Weeks From Today?,11415,1
inchcalculator.com,/days-from/40-days-from-today/,http://www.inchcalculator.com/days-from/40-days-from-today/,What Date Is 40 Days From Today?,11371,0
thecalculatorsite.com,/finance/calculators/compoundinterestcalculator.php,http://www.thecalculatorsite.com/finance/calculators/compoundinterestcalculator.php,"Compound Interest Calculator - Daily, Monthly, Yearly ...",11348,1825
rapidtables.com,/convert/length/cm-to-feet.html?x=123,http://www.rapidtables.com/convert/length/cm-to-feet.html?x=123,123 cm to feet conversion,11337,0
omnicalculator.com,/math/diameter-to-radius,http://www.omnicalculator.com/math/diameter-to-radius,Diameter to Radius Calculator,11335,3
omnicalculator.com,/math/rectangular-to-polar,http://www.omnicalculator.com/math/rectangular-to-polar,Rectangular to Polar Coordinates Calculator,11309,8
rapidtables.com,/convert/energy/kWh_to_Joule.html,http://www.rapidtables.com/convert/energy/kWh_to_Joule.html,kWh to Joules conversion,11307,51
unitconverters.net,/length/decimeter-to-centimeter.htm,http://www.unitconverters.net/length/decimeter-to-centimeter.htm,Convert Decimeter to Centimeter,11293,3
calculatorsoup.com,/calculators/financial/sales-tax-calculator-reverse.php,http://www.calculatorsoup.com/calculators/financial/sales-tax-calculator-reverse.php,Reverse Sales Tax Calculator,11292,54
rapidtables.com,/convert/power/megaw-to-kw.html,http://www.rapidtables.com/convert/power/megaw-to-kw.html,Megawatts to kilowatts (kW) conversion,11292,30
rapidtables.com,/convert/length/cm-to-feet.html?x=178,http://www.rapidtables.com/convert/length/cm-to-feet.html?x=178,178 cm to feet conversion,11286,3
inchcalculator.com,/height-converter/4ft-3in/,http://www.inchcalculator.com/height-converter/4ft-3in/,"What is 4' 3"" in Centimeters?",11273,0
inchcalculator.com,/fraction-to-percent-calculator/3-8-as-a-percent/,http://www.inchcalculator.com/fraction-to-percent-calculator/3-8-as-a-percent/,What is 3/8 as a Percent? (Full Solution),11271,0
calculatorsoup.com,/calculators/conversions/hours-to-days.php,http://www.calculatorsoup.com/calculators/conversions/hours-to-days.php,Hours to Days Calculator,11185,1
rapidtables.com,/convert/length/cm-to-mm.html?x=4,http://www.rapidtables.com/convert/length/cm-to-mm.html?x=4,4cm to mm conversion,11152,0
rapidtables.com,/convert/length/mile-to-inch.html,http://www.rapidtables.com/convert/length/mile-to-inch.html,Miles to Inches Converter,11137,26
omnicalculator.com,/physics/frequency,http://www.omnicalculator.com/physics/frequency,Frequency Calculator,11134,64
unitconverters.net,/volume/cubic-centimeter-to-cubic-inch.htm,http://www.unitconverters.net/volume/cubic-centimeter-to-cubic-inch.htm,Convert Cubic Centimeter to Cubic Inch,11126,9
rapidtables.com,/convert/length/cm-to-inch.html?x=8,http://www.rapidtables.com/convert/length/cm-to-inch.html?x=8,8 cm to inches conversion,11103,1
unitconverters.net,/weight-and-mass/gram-to-centigram.htm,http://www.unitconverters.net/weight-and-mass/gram-to-centigram.htm,Convert Gram to Centigram,11075,11
unitconverters.net,/volume/liter-to-pint-uk.htm,http://www.unitconverters.net/volume/liter-to-pint-uk.htm,Convert Liter to Pint (UK),11050,0
rapidtables.com,/convert/length/mm-to-inch.html?x=16,http://www.rapidtables.com/convert/length/mm-to-inch.html?x=16,16 mm to inches conversion,11016,1
unitconverters.net,/volume/milliliter-to-pint-uk.htm,http://www.unitconverters.net/volume/milliliter-to-pint-uk.htm,Convert Milliliter to Pint (UK),11002,2
inchcalculator.com,/convert/yard-to-inch/,http://www.inchcalculator.com/convert/yard-to-inch/,Yards to Inches Converter (yd to in),10996,73
calculatorsoup.com,/calculators/conversions/volume.php,http://www.calculatorsoup.com/calculators/conversions/volume.php,Volume Conversion Calculator,10993,133
omnicalculator.com,/conversion/mm-to-inches-conversion,http://www.omnicalculator.com/conversion/mm-to-inches-conversion,mm to Inches Conversion,10953,7
widgetly.co,/convert/95-cm-to-inches,http://www.widgetly.co/convert/95-cm-to-inches,How Many Inches is 95 cm? - Convert,10950,0
omnicalculator.com,/everyday-life/birthday-countdown,http://www.omnicalculator.com/everyday-life/birthday-countdown,Birthday Countdown Calculator,10947,10
calculatorsoup.com,/calculators/physics/pressure.php,http://www.calculatorsoup.com/calculators/physics/pressure.php,Pressure Calculator P = F/A,10937,5
inchcalculator.com,/height-converter/4ft-1in-to-inches/,http://www.inchcalculator.com/height-converter/4ft-1in-to-inches/,"What is 4' 1"" in Inches?",10917,0
inchcalculator.com,/countdown-timer/how-long-until-2-45-pm/,http://www.inchcalculator.com/countdown-timer/how-long-until-2-45-pm/,How Long Until 2:45 PM? - Countdown Calculators,10891,0
rapidtables.com,/calc/math/Tan_Calculator.html,http://www.rapidtables.com/calc/math/Tan_Calculator.html,Tangent calculator | tan(x) calculator,10855,226
unitconverters.net,/volume/barrel-us-to-gallon-us.htm,http://www.unitconverters.net/volume/barrel-us-to-gallon-us.htm,Convert Barrel (US) to Gallon (US),10843,19
unitconverters.net,/time/second-to-nanosecond.htm,http://www.unitconverters.net/time/second-to-nanosecond.htm,Convert Second to Nanosecond,10835,26
inchcalculator.com,/days-from/20-days-from-today/,http://www.inchcalculator.com/days-from/20-days-from-today/,What Date Is 20 Days From Today?,10809,0
inchcalculator.com,/convert/pound-to-tablespoon/,http://www.inchcalculator.com/convert/pound-to-tablespoon/,Pounds to Tablespoons Converter - (lb to tbsp),10806,9
inchcalculator.com,/convert/pound-to-kilogram/?lb=100,http://www.inchcalculator.com/convert/pound-to-kilogram/?lb=100,How many kilograms are in 100 pounds?,10792,1
omnicalculator.com,/math/sig-fig,http://www.omnicalculator.com/math/sig-fig,Significant Figures Calculator – Sig Fig,10778,241
inchcalculator.com,/rise-over-run-calculator/,http://www.inchcalculator.com/rise-over-run-calculator/,Rise Over Run Calculator,10775,8
omnicalculator.com,/conversion/mg-to-lbs,http://www.omnicalculator.com/conversion/mg-to-lbs,mg to lbs Converter,10758,4
rapidtables.com,/calc/electric/Amp_to_Watt_Calculator.html,http://www.rapidtables.com/calc/electric/Amp_to_Watt_Calculator.html,Amps to Watts (W) conversion calculator,10756,263
calculator.net,/student-loan-calculator.html,http://www.calculator.net/student-loan-calculator.html,Student Loan Calculator,10733,376
rapidtables.com,/convert/length/meter-to-feet.html?x=9,http://www.rapidtables.com/convert/length/meter-to-feet.html?x=9,9 meters to feet - Convert,10725,0
calculator.net,/rent-calculator.html,http://www.calculator.net/rent-calculator.html,Rent Calculator - How Much Rent Can I Afford?,10703,171
omnicalculator.com,/math/surface-area-of-a-triangular-prism,http://www.omnicalculator.com/math/surface-area-of-a-triangular-prism,Surface Area of a Triangular Prism Calculator,10665,34
inchcalculator.com,/convert/pound-flour-to-cup-flour/,http://www.inchcalculator.com/convert/pound-flour-to-cup-flour/,Pounds of Flour to Cups Converter (lb to c),10659,11
inchcalculator.com,/sae-to-metric-calculator/?sae=3/32,http://www.inchcalculator.com/sae-to-metric-calculator/?sae=3/32,"3/32"" to mm - SAE to Metric Calculator",10642,0
rapidtables.com,/convert/length/inch-to-mm.html?x=6,http://www.rapidtables.com/convert/length/inch-to-mm.html?x=6,6 inches to mm conversion,10641,0
calculatorsoup.com,/calculators/physics/velocity_a_t.php,http://www.calculatorsoup.com/calculators/physics/velocity_a_t.php,Velocity Calculator v = u + at,10640,113
unitconverters.net,/volume/deciliter-to-milliliter.htm,http://www.unitconverters.net/volume/deciliter-to-milliliter.htm,Convert Deciliter to Milliliter,10606,44
thecalculatorsite.com,/conversions/area/square-meters-to-acres.php,http://www.thecalculatorsite.com/conversions/area/square-meters-to-acres.php,Square Meters and Acres Converter (m² and ac),10604,54
rapidtables.com,/convert/power/BTU_to_kW.html,http://www.rapidtables.com/convert/power/BTU_to_kW.html,BTU/hr to kilowatts (kW) conversion,10569,91
inchcalculator.com,/days-from/120-days-ago-from-today/,http://www.inchcalculator.com/days-from/120-days-ago-from-today/,What Date Is 120 Days Ago From Today?,10554,2
inchcalculator.com,/convert/pound-to-kilogram/?lb=230,http://www.inchcalculator.com/convert/pound-to-kilogram/?lb=230,How many kilograms are in 230 pounds?,10549,1
inchcalculator.com,/convert/celsius-to-fahrenheit/?degrees=250,http://www.inchcalculator.com/convert/celsius-to-fahrenheit/?degrees=250,250 °C to °F - 250 Degrees Celsius to Fahrenheit,10542,0
widgetly.co,/convert/fahrenheit/115-fahrenheit-to-celsius,http://www.widgetly.co/convert/fahrenheit/115-fahrenheit-to-celsius,115°F to Celsius — What is 115 Fahrenheit in °C?,10535,0
widgetly.co,/convert/39-cm-to-inches,http://www.widgetly.co/convert/39-cm-to-inches,How Many Inches is 39 cm? - Convert,10524,0
inchcalculator.com,/height-converter/6ft-7in-to-inches/,http://www.inchcalculator.com/height-converter/6ft-7in-to-inches/,"What is 6' 7"" in Inches?",10522,0
inchcalculator.com,/countdown-timer/how-long-until-6-30-am/,http://www.inchcalculator.com/countdown-timer/how-long-until-6-30-am/,How Long Until 6:30 AM?,10470,0
unitconverters.net,/volume/pint-us-to-quart-us.htm,http://www.unitconverters.net/volume/pint-us-to-quart-us.htm,Convert Pint (US) to Quart (US),10466,4
omnicalculator.com,/conversion/fahrenheit-to-celsius,http://www.omnicalculator.com/conversion/fahrenheit-to-celsius,Fahrenheit to Celsius Converter,10458,21
unitconverters.net,/length/nanometer-to-micrometer.htm,http://www.unitconverters.net/length/nanometer-to-micrometer.htm,Convert Nanometer to Micrometer,10431,28
unitconverters.net,/flow/gallon-us-minute-to-liter-minute.htm,http://www.unitconverters.net/flow/gallon-us-minute-to-liter-minute.htm,Convert Gallon (US)/minute to Liter/minute,10421,0
omnicalculator.com,/math/area-of-hemisphere,http://www.omnicalculator.com/math/area-of-hemisphere,Surface Area of a Hemisphere Calculator,10381,9
inchcalculator.com,/countdown-timer/how-long-until-1-00-pm/,http://www.inchcalculator.com/countdown-timer/how-long-until-1-00-pm/,How Long Until 1:00 PM?,10381,0
unitconverters.net,/volume/gallon-to-cups.htm,http://www.unitconverters.net/volume/gallon-to-cups.htm,Convert gallon to cups,10380,23
omnicalculator.com,/conversion/mg-to-cc,http://www.omnicalculator.com/conversion/mg-to-cc,mg to cc Conversion,10373,10
omnicalculator.com,/math/exponential-growth,http://www.omnicalculator.com/math/exponential-growth,Exponential Growth Calculator,10351,171
calculatorsoup.com,/calculators/math/significant-figures.php,http://www.calculatorsoup.com/calculators/math/significant-figures.php,Significant Figures Calculator,10351,122
rapidtables.com,/convert/length/meter-to-feet.html?x=8,http://www.rapidtables.com/convert/length/meter-to-feet.html?x=8,8 meters to feet,10315,1
unitconverters.net,/volume/fluid-ounce-us-to-quart-us.htm,http://www.unitconverters.net/volume/fluid-ounce-us-to-quart-us.htm,Convert Fluid Ounce (US) to Quart (US),10312,5
omnicalculator.com,/finance/basis-point,http://www.omnicalculator.com/finance/basis-point,Basis Point Calculator,10303,201
thecalculatorsite.com,/misc/chronological-age.php,http://www.thecalculatorsite.com/misc/chronological-age.php,Chronological Age Calculator (Find Out Your Age),10274,77
thecalculatorsite.com,/conversions/height/5ft-2in,http://www.thecalculatorsite.com/conversions/height/5ft-2in,"What is 5' 2"" in Centimeters?",10271,20
inchcalculator.com,/convert/pound-to-fluid-ounce/,http://www.inchcalculator.com/convert/pound-to-fluid-ounce/,Pounds to Fluid Ounces Converter - (lb to fl oz),10266,20
calculator.net,/business-loan-calculator.html,http://www.calculator.net/business-loan-calculator.html,Business Loan Calculator,10228,369
inchcalculator.com,/countdown-timer/how-long-until-1-30-pm/,http://www.inchcalculator.com/countdown-timer/how-long-until-1-30-pm/,How Long Until 1:30 PM?,10166,0
rapidtables.com,/convert/charge/nanocoulomb-to-coulomb.html,http://www.rapidtables.com/convert/charge/nanocoulomb-to-coulomb.html,Nanocoulombs (nC) to coulombs (C) conversion calculator,10139,21
omnicalculator.com,/health/blood-type,http://www.omnicalculator.com/health/blood-type,Blood Type Calculator,10130,101
inchcalculator.com,/countdown-timer/how-long-until-10-00-am/,http://www.inchcalculator.com/countdown-timer/how-long-until-10-00-am/,How Long Until 10:00 AM?,10126,0
omnicalculator.com,/finance/lottery-tax,http://www.omnicalculator.com/finance/lottery-tax,Lottery Tax Calculator,10105,176
inchcalculator.com,/countdown-timer/how-long-until-3-15-pm/,http://www.inchcalculator.com/countdown-timer/how-long-until-3-15-pm/,How Long Until 3:15 PM? - Countdown Calculators,10105,1
rapidtables.com,/convert/length/mm-to-cm.html?x=10,http://www.rapidtables.com/convert/length/mm-to-cm.html?x=10,10mm to cm conversion,10105,1
unitconverters.net,/data-storage/megabyte-to-byte.htm,http://www.unitconverters.net/data-storage/megabyte-to-byte.htm,Convert Megabyte to Byte,10092,4
inchcalculator.com,/convert/cubic-inch-to-cubic-centimeter/,http://www.inchcalculator.com/convert/cubic-inch-to-cubic-centimeter/,Cubic Inches to Cubic Centimeters Converter (in³ to cm³),10068,21
inchcalculator.com,/convert/length/,http://www.inchcalculator.com/convert/length/,Length Converter - Conversion,10060,23
calculatorsoup.com,/calculators/math/factors/21/,http://www.calculatorsoup.com/calculators/math/factors/21/,Factors of 21 | Factorization Calculator,10040,0
rapidtables.com,/convert/length/cm-to-feet.html?x=175,http://www.rapidtables.com/convert/length/cm-to-feet.html?x=175,175 cm to feet conversion,10012,5
unitconverters.net,/power/kilowatt-to-watt.htm,http://www.unitconverters.net/power/kilowatt-to-watt.htm,Convert Kilowatt to Watt,10007,30
rapidtables.com,/convert/length/cm-to-feet.html?x=140,http://www.rapidtables.com/convert/length/cm-to-feet.html?x=140,140 cm to feet conversion,9993,0
calculatorsoup.com,/calculators/discretemathematics/factorials.php,http://www.calculatorsoup.com/calculators/discretemathematics/factorials.php,Factorial Calculator n!,9992,162
calculatorsoup.com,/calculators/financial/compound-interest-calculator.php,http://www.calculatorsoup.com/calculators/financial/compound-interest-calculator.php,Compound Interest Calculator,9970,497
unitconverters.net,/weight-and-mass/gram-to-grain.htm,http://www.unitconverters.net/weight-and-mass/gram-to-grain.htm,Convert Gram to Grain,9961,0
inchcalculator.com,/convert/gram-salt-to-teaspoon-salt/,http://www.inchcalculator.com/convert/gram-salt-to-teaspoon-salt/,Grams of Salt to Teaspoons Converter (g to tsp),9960,60
inchcalculator.com,/countdown-timer/how-long-until-2-15-pm/,http://www.inchcalculator.com/countdown-timer/how-long-until-2-15-pm/,How Long Until 2:15 PM? - Countdown Calculators,9903,0
omnicalculator.com,/conversion/cm-to-m,http://www.omnicalculator.com/conversion/cm-to-m,cm to m Converter,9888,10
inchcalculator.com,/hours-from/22-hours-ago/,http://www.inchcalculator.com/hours-from/22-hours-ago/,What Time Was It 22 Hours Ago?,9878,0
gigacalculator.com,/calculators/height-percentile-calculator.php,http://www.gigacalculator.com/calculators/height-percentile-calculator.php,"Height Percentile Calculator 📊 by Gender, Age & Country",9857,206
rapidtables.com,/electric/electrical_symbols.html,http://www.rapidtables.com/electric/electrical_symbols.html,Electrical Symbols | Electronic Symbols | Schematic symbols,9834,340
rapidtables.com,/convert/charge/microcoulomb-to-coulomb.html,http://www.rapidtables.com/convert/charge/microcoulomb-to-coulomb.html,Microcoulombs (uC) to coulombs (C) conversion calculator,9823,28
calculator.net,/basic-calculator.html,http://www.calculator.net/basic-calculator.html,Basic Calculator,9792,104
rapidtables.com,/convert/power/Watt_to_kW.html,http://www.rapidtables.com/convert/power/Watt_to_kW.html,Watts to kilowatts (kW) conversion calculator,9792,60
omnicalculator.com,/sports/running-calorie,http://www.omnicalculator.com/sports/running-calorie,Running Calorie Calculator,9775,45
unitconverters.net,/volume/liter-to-centiliter.htm,http://www.unitconverters.net/volume/liter-to-centiliter.htm,Convert Liter to Centiliter,9772,4
calculatorsoup.com,/calculators/conversions/distance.php,http://www.calculatorsoup.com/calculators/conversions/distance.php,Distance Conversion Calculator,9771,130
rapidtables.com,/convert/length/meter-to-feet.html?x=160,http://www.rapidtables.com/convert/length/meter-to-feet.html?x=160,160 meters to feet - Convert,9742,0
calculator.net,/ira-calculator.html,http://www.calculator.net/ira-calculator.html,IRA Calculator,9710,128
gigacalculator.com,/converters/convert-tbsp-to-grams.php,http://www.gigacalculator.com/converters/convert-tbsp-to-grams.php,Tablespoons to Grams Converter - Convert Tbsp to Grams,9700,16
rapidtables.com,/tools/mirror.html,http://www.rapidtables.com/tools/mirror.html,Webcam Mirror Online 🪞,9683,222
inchcalculator.com,/hours-from/8-hours-from-now/,http://www.inchcalculator.com/hours-from/8-hours-from-now/,What Time Is 8 Hours From Now?,9667,0
omnicalculator.com,/other/days-until-valentines-day,http://www.omnicalculator.com/other/days-until-valentines-day,Days Until Valentine's Day Calculator,9659,2
omnicalculator.com,/math/quotient,http://www.omnicalculator.com/math/quotient,Quotient Calculator,9648,51
rapidtables.com,/convert/weight/pound-to-kg.html?x=22,http://www.rapidtables.com/convert/weight/pound-to-kg.html?x=22,22 lbs to kg conversion,9646,0
omnicalculator.com,/math/lowest-term,http://www.omnicalculator.com/math/lowest-term,Lowest Term Calculator,9624,3
rapidtables.com,/convert/number/decimal-to-fraction.html,http://www.rapidtables.com/convert/number/decimal-to-fraction.html,Decimal to fraction converter,9588,60
omnicalculator.com,/construction/ft2-yd3,http://www.omnicalculator.com/construction/ft2-yd3,Square Feet to Cubic Yards Calculator,9585,12
inchcalculator.com,/days-from/35-days-from-today/,http://www.inchcalculator.com/days-from/35-days-from-today/,What Date Is 35 Days From Today?,9578,0
inchcalculator.com,/height-converter/4ft-8in/,http://www.inchcalculator.com/height-converter/4ft-8in/,"What is 4' 8"" in Centimeters?",9571,0
unitconverters.net,/volume/microliter-to-liter.htm,http://www.unitconverters.net/volume/microliter-to-liter.htm,Convert Microliter to Liter,9570,9
inchcalculator.com,/convert/pound-force-to-force-newton/,http://www.inchcalculator.com/convert/pound-force-to-force-newton/,Pounds to Newtons Converter (lbf to N),9547,7
rapidtables.com,/convert/length/mm-to-inch.html?x=20,http://www.rapidtables.com/convert/length/mm-to-inch.html?x=20,20 mm to inches conversion,9531,11
rapidtables.com,/convert/length/meter-to-feet.html?x=80,http://www.rapidtables.com/convert/length/meter-to-feet.html?x=80,80 meters to feet,9530,0
omnicalculator.com,/math/radius-of-sphere,http://www.omnicalculator.com/math/radius-of-sphere,Radius of a Sphere Calculator,9519,32
calculatorsoup.com,/calculators/geometry-plane/rectangle.php,http://www.calculatorsoup.com/calculators/geometry-plane/rectangle.php,Rectangle Calculator,9510,111
calculator.net,/conception-calculator.html,http://www.calculator.net/conception-calculator.html,Conception Calculator,9483,242
rapidtables.com,/calc/grade/test-calculator.html,http://www.rapidtables.com/calc/grade/test-calculator.html,Test Calculator,9481,161
rapidtables.com,/web/color/white-color.html,http://www.rapidtables.com/web/color/white-color.html,White RGB color code,9480,88
calculatorsoup.com,/calculators/math/math.php,http://www.calculatorsoup.com/calculators/math/math.php,Math Calculator,9441,300
calculatorsoup.com,/calculators/algebra/difference-of-two-squares-calculator.php,http://www.calculatorsoup.com/calculators/algebra/difference-of-two-squares-calculator.php,Difference of Two Squares Calculator,9424,48
inchcalculator.com,/convert/meter-to-foot/,http://www.inchcalculator.com/convert/meter-to-foot/,Meters to Feet and Inches Converter (m to ft & in),9406,145
inchcalculator.com,/countdown-timer/how-long-until-8-00-am/,http://www.inchcalculator.com/countdown-timer/how-long-until-8-00-am/,How Long Until 8:00 AM?,9389,0
inchcalculator.com,/countdown-timer/how-long-until-5-30-pm/,http://www.inchcalculator.com/countdown-timer/how-long-until-5-30-pm/,How Long Until 5:30 PM?,9374,1
inchcalculator.com,/convert/kilogram-to-pound/?kg=160,http://www.inchcalculator.com/convert/kilogram-to-pound/?kg=160,160 kg to lbs - How Many Pounds Are in 160 Kilograms?,9366,1
omnicalculator.com,/math/round-to-the-nearest-tenth,http://www.omnicalculator.com/math/round-to-the-nearest-tenth,Round to the Nearest Tenth Calculator,9359,5
rapidtables.com,/convert/energy/kj-to-cal.html,http://www.rapidtables.com/convert/energy/kj-to-cal.html,kj to cal | kilojoules to calories converter,9350,83
inchcalculator.com,/days-from/5-days-from-today/,http://www.inchcalculator.com/days-from/5-days-from-today/,What Date Is 5 Days From Today?,9329,2
omnicalculator.com,/finance/price-elasticity-demand,http://www.omnicalculator.com/finance/price-elasticity-demand,Price Elasticity of Demand Calculator,9328,108
calculatorsoup.com,/calculators/math/fractionscomparing.php,http://www.calculatorsoup.com/calculators/math/fractionscomparing.php,Comparing Fractions Calculator,9318,134
rapidtables.com,/convert/length/cm-to-feet.html?x=147,http://www.rapidtables.com/convert/length/cm-to-feet.html?x=147,147 cm to feet conversion,9315,0
omnicalculator.com,/conversion/cups-to-pints-converter,http://www.omnicalculator.com/conversion/cups-to-pints-converter,Cups to Pints Converter,9311,6
unitconverters.net,/pressure/pascal-to-megapascal.htm,http://www.unitconverters.net/pressure/pascal-to-megapascal.htm,Convert Pascal to Megapascal,9298,16
calculatorsoup.com,/calculators/tools/gas-mileage-calculator.php,http://www.calculatorsoup.com/calculators/tools/gas-mileage-calculator.php,Gas Mileage Calculator,9272,181
omnicalculator.com,/chemistry/net-ionic-equation,http://www.omnicalculator.com/chemistry/net-ionic-equation,Net Ionic Equation Calculator | Complete & ...,9254,2
rapidtables.com,/convert/length/cm-to-feet.html?x=170,http://www.rapidtables.com/convert/length/cm-to-feet.html?x=170,170 cm to feet conversion,9251,3
widgetly.co,/convert/fahrenheit/91-fahrenheit-to-celsius,http://www.widgetly.co/convert/fahrenheit/91-fahrenheit-to-celsius,91°F to Celsius — What is 91 Fahrenheit in °C?,9229,0
inchcalculator.com,/convert/foot-pound-to-newton-meter/,http://www.inchcalculator.com/convert/foot-pound-to-newton-meter/,Foot-Pounds to Newton-Meters Converter (lb-ft to Nm),9214,10
thecalculatorsite.com,/conversions/liquidvolume/cubic-feet-cubic-meters.php,http://www.thecalculatorsite.com/conversions/liquidvolume/cubic-feet-cubic-meters.php,Cubic Feet and Cubic Meters Converter (ft³ and m³),9199,16
unitconverters.net,/area/acre-to-square-kilometer.htm,http://www.unitconverters.net/area/acre-to-square-kilometer.htm,Convert Acre to Square Kilometer,9199,0
omnicalculator.com,/math/vector-magnitude,http://www.omnicalculator.com/math/vector-magnitude,Vector Magnitude Calculator,9198,5
calculatorsoup.com,/calculators/algebra/completing-the-square-calculator.php,http://www.calculatorsoup.com/calculators/algebra/completing-the-square-calculator.php,Completing the Square Calculator,9190,87
rapidtables.com,/convert/length/inch-to-mm.html?x=11,http://www.rapidtables.com/convert/length/inch-to-mm.html?x=11,11 inches to mm conversion,9183,0
rapidtables.com,/convert/length/cm-to-feet.html?x=190,http://www.rapidtables.com/convert/length/cm-to-feet.html?x=190,190 cm to feet conversion,9179,3
rapidtables.com,/convert/length/meter-to-feet.html?x=2,http://www.rapidtables.com/convert/length/meter-to-feet.html?x=2,2 meters to feet,9178,4
inchcalculator.com,/convert/cup-to-ounce/,http://www.inchcalculator.com/convert/cup-to-ounce/,Cups to Ounces Converter - (c to oz),9162,5
inchcalculator.com,/sae-to-metric-calculator/?sae=7/8,http://www.inchcalculator.com/sae-to-metric-calculator/?sae=7/8,"7/8"" to mm - SAE to Metric Calculator",9143,8
inchcalculator.com,/convert/mile-per-hour-to-kilometer-per-hour/,http://www.inchcalculator.com/convert/mile-per-hour-to-kilometer-per-hour/,Miles per Hour to Kilometers per Hour Converter,9104,65
omnicalculator.com,/everyday-life/month-counter,http://www.omnicalculator.com/everyday-life/month-counter,Month Calculator | Month Counter,9077,32
omnicalculator.com,/conversion/mil-to-inch-conversion,http://www.omnicalculator.com/conversion/mil-to-inch-conversion,mil to inch Conversion | Convert mils to inches,9076,4
omnicalculator.com,/everyday-life/6-month,http://www.omnicalculator.com/everyday-life/6-month,6 Month Calculator,9071,15
unitconverters.net,/energy/newton-meter-to-inch-pound.htm,http://www.unitconverters.net/energy/newton-meter-to-inch-pound.htm,Convert Newton Meter to Inch-pound,9063,13
inchcalculator.com,/countdown-timer/how-long-until-8-30-am/,http://www.inchcalculator.com/countdown-timer/how-long-until-8-30-am/,How Long Until 8:30 AM? - Countdown Calculators,9017,0
inchcalculator.com,/countdown-timer/how-long-until-9-00-am/,http://www.inchcalculator.com/countdown-timer/how-long-until-9-00-am/,How Long Until 9:00 AM?,8996,0
omnicalculator.com,/chemistry/gibbs-energy,http://www.omnicalculator.com/chemistry/gibbs-energy,Gibbs Free Energy Calculator,8984,19
rapidtables.com,/convert/length/mm-to-inch.html?x=40,http://www.rapidtables.com/convert/length/mm-to-inch.html?x=40,40 mm to inches conversion,8976,2
inchcalculator.com,/convert/pound-to-kilogram/?lb=160,http://www.inchcalculator.com/convert/pound-to-kilogram/?lb=160,How many kilograms are in 160 pounds?,8968,5
inchcalculator.com,/convert/pound-to-gram/,http://www.inchcalculator.com/convert/pound-to-gram/,Pounds to Grams Converter (lb to g),8965,30
inchcalculator.com,/stone-calculator/,http://www.inchcalculator.com/stone-calculator/,Stone Calculator,8950,39
omnicalculator.com,/physics/impulse-and-momentum,http://www.omnicalculator.com/physics/impulse-and-momentum,Impulse and Momentum Calculator,8940,58
omnicalculator.com,/conversion/yards-to-meters,http://www.omnicalculator.com/conversion/yards-to-meters,Yards to Meters Conversion,8938,7
inchcalculator.com,/weeks-from/3-weeks-from-today/,http://www.inchcalculator.com/weeks-from/3-weeks-from-today/,What Date Is 3 Weeks From Today?,8931,0
calculator.net,/sleep-calculator.html,http://www.calculator.net/sleep-calculator.html,Sleep Calculator,8887,113
rapidtables.com,/convert/length/meter-to-feet.html?x=300,http://www.rapidtables.com/convert/length/meter-to-feet.html?x=300,300 meters to feet - Convert,8874,0
inchcalculator.com,/height-converter/4ft-8in-to-inches/,http://www.inchcalculator.com/height-converter/4ft-8in-to-inches/,"What is 4' 8"" in Inches?",8871,0
inchcalculator.com,/minutes-from/45-minutes-from-now/,http://www.inchcalculator.com/minutes-from/45-minutes-from-now/,What Time Is 45 Minutes From Now?,8870,12
calculatorsoup.com,/calculators/statistics/statistics.php,http://www.calculatorsoup.com/calculators/statistics/statistics.php,Statistics Calculator,8840,166
inchcalculator.com,/sae-to-metric-calculator/?sae=5/16,http://www.inchcalculator.com/sae-to-metric-calculator/?sae=5/16,"5/16"" to mm - SAE to Metric Calculator",8836,2
calculatorsoup.com,/calculators/geometry-plane/triangle-law-of-cosines.php,http://www.calculatorsoup.com/calculators/geometry-plane/triangle-law-of-cosines.php,Law of Cosines Calculator,8827,134
unitconverters.net,/time/nanosecond-to-second.htm,http://www.unitconverters.net/time/nanosecond-to-second.htm,Convert Nanosecond to Second,8820,25
unitconverters.net,/power/watts-to-hp.htm,http://www.unitconverters.net/power/watts-to-hp.htm,Convert watts to hp - Power Conversion,8813,29
rapidtables.com,/convert/length/inch-to-mm.html?x=2,http://www.rapidtables.com/convert/length/inch-to-mm.html?x=2,2 inches to mm conversion,8809,1
unitconverters.net,/data-storage/gigabyte-to-terabyte.htm,http://www.unitconverters.net/data-storage/gigabyte-to-terabyte.htm,Convert Gigabyte to Terabyte,8790,3
thecalculatorsite.com,/finance/calculators/salary-to-hourly.php,http://www.thecalculatorsite.com/finance/calculators/salary-to-hourly.php,Salary to Hourly Calculator,8780,257
calculatorsoup.com,/calculators/math/ratio-simplifier.php,http://www.calculatorsoup.com/calculators/math/ratio-simplifier.php,Ratio Simplifier,8739,177
rapidtables.com,/convert/length/meter-to-feet.html?x=50,http://www.rapidtables.com/convert/length/meter-to-feet.html?x=50,50 meters to feet - Convert,8719,2
calculatorsoup.com,/calculators/time/sunrise_sunset.php,http://www.calculatorsoup.com/calculators/time/sunrise_sunset.php,Sunrise and Sunset Times for Any Location | CalculatorSoup,8714,88
inchcalculator.com,/convert/gram-sugar-to-teaspoon-sugar/,http://www.inchcalculator.com/convert/gram-sugar-to-teaspoon-sugar/,Grams of Sugar to Teaspoons Converter (g to tsp),8709,177
inchcalculator.com,/add-times-calculator/,http://www.inchcalculator.com/add-times-calculator/,Add Time Calculator,8690,20
unitconverters.net,/volume/gallon-us-to-barrel-oil.htm,http://www.unitconverters.net/volume/gallon-us-to-barrel-oil.htm,Convert Gallon (US) to Barrel (oil),8682,9
calculatorsoup.com,/calculators/math/mixed-number-to-decimal-calculator.php,http://www.calculatorsoup.com/calculators/math/mixed-number-to-decimal-calculator.php,Mixed Number to Decimal Calculator,8677,84
calculatorsoup.com,/calculators/geometry-solids/pyramid.php,http://www.calculatorsoup.com/calculators/geometry-solids/pyramid.php,Square Pyramid Calculator,8675,81
omnicalculator.com,/conversion/weeks-to-months,http://www.omnicalculator.com/conversion/weeks-to-months,Weeks to Months Calculator,8670,6
inchcalculator.com,/convert/milliliter-to-kilogram/,http://www.inchcalculator.com/convert/milliliter-to-kilogram/,Milliliters to Kilograms Converter - (mL to kg),8670,35
calculatorsoup.com,/calculators/physics/momentum.php,http://www.calculatorsoup.com/calculators/physics/momentum.php,Momentum Calculator p = mv,8667,92
omnicalculator.com,/everyday-life/years-between-dates,http://www.omnicalculator.com/everyday-life/years-between-dates,Years Between Two Dates Calculator,8658,37
widgetly.co,/time-weeks/16-weeks-from-today,http://www.widgetly.co/time-weeks/16-weeks-from-today,What is 16 Weeks From Today?,8651,1
gigacalculator.com,/calculators/geometric-mean-calculator.php,http://www.gigacalculator.com/calculators/geometric-mean-calculator.php,Geometric Mean Calculator,8638,87
inchcalculator.com,/height-converter/5ft-0in-to-inches/,http://www.inchcalculator.com/height-converter/5ft-0in-to-inches/,"What is 5' 0"" in Inches?",8612,1
unitconverters.net,/volume/liter-to-kiloliter.htm,http://www.unitconverters.net/volume/liter-to-kiloliter.htm,Convert Liter to Kiloliter,8610,32
rapidtables.com,/convert/weight/pound-to-kg.html?x=315,http://www.rapidtables.com/convert/weight/pound-to-kg.html?x=315,315 lbs to kg conversion,8581,0
omnicalculator.com,/other/flag,http://www.omnicalculator.com/other/flag,Flag Calculator | USA,8542,76
widgetly.co,/convert/18-cm-to-inches,http://www.widgetly.co/convert/18-cm-to-inches,How Many Inches is 18 cm? - Convert,8532,0
inchcalculator.com,/convert/day-to-month/?days=60,http://www.inchcalculator.com/convert/day-to-month/?days=60,How Many Months is 60 Days?,8525,0
rapidtables.com,/convert/length/mm-to-inch.html?x=15,http://www.rapidtables.com/convert/length/mm-to-inch.html?x=15,15 mm to inches conversion,8507,0
omnicalculator.com,/math/surface-area-volume-ratio,http://www.omnicalculator.com/math/surface-area-volume-ratio,Surface Area to Volume Ratio Calculator,8481,17
gigacalculator.com,/calculators/date-time-duration-calculator.php,http://www.gigacalculator.com/calculators/date-time-duration-calculator.php,Date & Time Duration Calculator,8457,288
omnicalculator.com,/es/conversion/calculadora-gramos-a-onzas,http://www.omnicalculator.com/es/conversion/calculadora-gramos-a-onzas,Convertidor de gramos a onzas,8447,1
unitconverters.net,/pressure/bar-to-pascal.htm,http://www.unitconverters.net/pressure/bar-to-pascal.htm,Convert Bar to Pascal,8421,27
widgetly.co,/convert/fahrenheit/62-fahrenheit-to-celsius,http://www.widgetly.co/convert/fahrenheit/62-fahrenheit-to-celsius,62°F to Celsius — What is 62 Fahrenheit in °C?,8416,0
gigacalculator.com,/converters/convert-meters-to-miles.php,http://www.gigacalculator.com/converters/convert-meters-to-miles.php,Meters to Miles Converter - Convert m to miles,8413,12
rapidtables.com,/calc/electric/Amp_to_kVA_Calculator.html,http://www.rapidtables.com/calc/electric/Amp_to_kVA_Calculator.html,Amps (A) to kVA conversion calculator,8410,86
inchcalculator.com,/convert/mach-to-mile-per-hour/,http://www.inchcalculator.com/convert/mach-to-mile-per-hour/,Mach Number to Miles per Hour Converter (M to mph),8396,34
unitconverters.net,/length/kilometer-to-yard.htm,http://www.unitconverters.net/length/kilometer-to-yard.htm,Convert Kilometer to Yard,8372,7
inchcalculator.com,/convert/year-to-week/,http://www.inchcalculator.com/convert/year-to-week/,Years to Weeks Converter (yr to wk),8368,5
omnicalculator.com,/conversion/gram-to-liter-conversion,http://www.omnicalculator.com/conversion/gram-to-liter-conversion,Gram to Liter Conversion,8333,4
thecalculatorsite.com,/,http://www.thecalculatorsite.com/,The Calculator Site - Free Online Calculators,8325,1992
omnicalculator.com,/construction/square-yards,http://www.omnicalculator.com/construction/square-yards,Square Yards Calculator,8317,18
unitconverters.net,/area/square-meter-to-square-centimeter.htm,http://www.unitconverters.net/area/square-meter-to-square-centimeter.htm,Convert Square Meter to Square Centimeter,8316,0
calculatorsoup.com,/calculators/algebra/cubicequation.php,http://www.calculatorsoup.com/calculators/algebra/cubicequation.php,Cubic Equation Calculator,8311,113
inchcalculator.com,/convert/millisecond-to-second/,http://www.inchcalculator.com/convert/millisecond-to-second/,Milliseconds to Seconds Converter (ms to s),8301,12
omnicalculator.com,/conversion/ppm-to-mgl-converter,http://www.omnicalculator.com/conversion/ppm-to-mgl-converter,PPM to mg/L Converter,8296,25
omnicalculator.com,/math/cos-inverse,http://www.omnicalculator.com/math/cos-inverse,Cos Inverse Calculator,8295,4
inchcalculator.com,/convert/metric-ton-to-ton/,http://www.inchcalculator.com/convert/metric-ton-to-ton/,Metric Tons (Tonnes) to Tons Converter (t to t),8292,18
rapidtables.com,/convert/power/kW_to_BTU.html,http://www.rapidtables.com/convert/power/kW_to_BTU.html,Kilowatts (kW) to BTU/hr conversion calculator,8288,99
unitconverters.net,/length/mile-to-centimeter.htm,http://www.unitconverters.net/length/mile-to-centimeter.htm,Convert Mile to Centimeter,8283,8
inchcalculator.com,/convert/joule-to-kilojoule/,http://www.inchcalculator.com/convert/joule-to-kilojoule/,Joules to Kilojoules Converter (J to kJ),8258,3
omnicalculator.com,/conversion/feet-and-inches,http://www.omnicalculator.com/conversion/feet-and-inches,Feet and Inches Calculator,8237,22
thecalculatorsite.com,/conversions/height/5ft-3in,http://www.thecalculatorsite.com/conversions/height/5ft-3in,"What is 5' 3"" in Centimeters?",8230,33
calculatorsoup.com,/calculators/algebra/cube-calculator.php,http://www.calculatorsoup.com/calculators/algebra/cube-calculator.php,Cube Calculator x³ | x cubed,8224,80
unitconverters.net,/weight-and-mass-converter.html,http://www.unitconverters.net/weight-and-mass-converter.html,Weight and Mass Converter,8213,110
omnicalculator.com,/construction/gravel,http://www.omnicalculator.com/construction/gravel,Gravel Calculator | How much gravel do you need?,8193,205
calculator.net,/quadratic-formula-calculator.html,http://www.calculator.net/quadratic-formula-calculator.html,Quadratic Formula Calculator,8171,152
omnicalculator.com,/math/inverse-sine,http://www.omnicalculator.com/math/inverse-sine,Inverse Sine Calculator,8167,4
rapidtables.com,/convert/energy/joule-to-kcal.html,http://www.rapidtables.com/convert/energy/joule-to-kcal.html,Joules to kilocalories (kcal) conversion calculator,8166,16
inchcalculator.com,/convert/gallon-to-milliliter/,http://www.inchcalculator.com/convert/gallon-to-milliliter/,Gallons to Milliliters Converter (gal to mL),8164,19
gigacalculator.com,/converters/convert-tbsp-to-cups.php,http://www.gigacalculator.com/converters/convert-tbsp-to-cups.php,Tablespoons to Cups Converter - Convert Tbsp to Cups,8164,14
unitconverters.net,/weight-and-mass/centigram-to-gram.htm,http://www.unitconverters.net/weight-and-mass/centigram-to-gram.htm,Convert Centigram to Gram,8148,7
unitconverters.net,/volume/acre-foot-to-gallon-us.htm,http://www.unitconverters.net/volume/acre-foot-to-gallon-us.htm,Convert Acre-foot to Gallon (US),8135,6
inchcalculator.com,/convert/meter-to-nanometer/,http://www.inchcalculator.com/convert/meter-to-nanometer/,Meters to Nanometers Converter (m to nm),8131,11
thecalculatorsite.com,/time/age-difference.php,http://www.thecalculatorsite.com/time/age-difference.php,Age Difference Calculator - Measure Age Gaps,8128,37
gigacalculator.com,/converters/convert-ml-to-grams.php,http://www.gigacalculator.com/converters/convert-ml-to-grams.php,Milliliters to Grams Converter - Convert ml to g,8125,12
inchcalculator.com,/convert/gallon-to-liter/,http://www.inchcalculator.com/convert/gallon-to-liter/,Gallons to Liters Converter (gal to L),8120,20
inchcalculator.com,/hours-from/4-hours-from-now/,http://www.inchcalculator.com/hours-from/4-hours-from-now/,What Time Is 4 Hours From Now?,8111,1
widgetly.co,/convert/fahrenheit/92-fahrenheit-to-celsius,http://www.widgetly.co/convert/fahrenheit/92-fahrenheit-to-celsius,92°F to Celsius — What is 92 Fahrenheit in °C?,8110,0
unitconverters.net,/pressure/pascal-to-psi.htm,http://www.unitconverters.net/pressure/pascal-to-psi.htm,Convert Pascal to Psi,8104,29
omnicalculator.com,/math/perimeter,http://www.omnicalculator.com/math/perimeter,Perimeter Calculator,8091,50
unitconverters.net,/energy/megajoule-to-joule.htm,http://www.unitconverters.net/energy/megajoule-to-joule.htm,Convert Megajoule to Joule,8076,7
unitconverters.net,/typography/inch-to-pixel-x.htm,http://www.unitconverters.net/typography/inch-to-pixel-x.htm,Convert Inch to Pixel (X),8068,106
inchcalculator.com,/convert/kilonewton-to-pound-force/,http://www.inchcalculator.com/convert/kilonewton-to-pound-force/,Kilonewtons to Pound-Force Converter (kN to lbf),8065,6
unitconverters.net,/currency/krw-to-usd.htm,http://www.unitconverters.net/currency/krw-to-usd.htm,Convert KRW to USD,8056,54
inchcalculator.com,/months-from/3-months-ago-from-today/,http://www.inchcalculator.com/months-from/3-months-ago-from-today/,What Date Is 3 Months Ago?,8042,0
rapidtables.com,/tools/notepad.html,http://www.rapidtables.com/tools/notepad.html,Notepad | Write your notes online,8029,733
calculator.net,/permutation-and-combination-calculator.html,http://www.calculator.net/permutation-and-combination-calculator.html,Permutation and Combination Calculator,8015,162
inchcalculator.com,/convert/kilogram-flour-to-cup-flour/,http://www.inchcalculator.com/convert/kilogram-flour-to-cup-flour/,Kilograms of Flour to Cups Converter (kg to c),7988,19
inchcalculator.com,/convert/fluid-ounce-to-cup/?oz=9,http://www.inchcalculator.com/convert/fluid-ounce-to-cup/?oz=9,How Many Cups Are In 9 Fluid Ounces? (9 oz to cups),7936,0
widgetly.co,/convert/175-cm-to-inches,http://www.widgetly.co/convert/175-cm-to-inches,How Many Inches is 175 cm? - Convert,7934,0
unitconverters.net,/data-storage/byte-to-megabit.htm,http://www.unitconverters.net/data-storage/byte-to-megabit.htm,Convert Byte to Megabit,7929,1
inchcalculator.com,/hours-from/2-hours-ago/,http://www.inchcalculator.com/hours-from/2-hours-ago/,What Time Was It 2 Hours Ago?,7926,1
rapidtables.com,/convert/length/meter-to-feet.html?x=21,http://www.rapidtables.com/convert/length/meter-to-feet.html?x=21,21 meters to feet - Convert,7912,0
rapidtables.com,/convert/length/cm-to-inch.html?x=46,http://www.rapidtables.com/convert/length/cm-to-inch.html?x=46,46 cm to inches conversion,7894,0
rapidtables.com,/convert/length/cm-to-feet.html?x=165,http://www.rapidtables.com/convert/length/cm-to-feet.html?x=165,165 cm to feet conversion,7891,4
omnicalculator.com,/everyday-life/day-of-the-year,http://www.omnicalculator.com/everyday-life/day-of-the-year,Day of the Year Calculator,7888,5
widgetly.co,/convert/14-cm-to-inches,http://www.widgetly.co/convert/14-cm-to-inches,How Many Inches is 14 cm? - Convert,7879,0
omnicalculator.com,/math/long-division,http://www.omnicalculator.com/math/long-division,Division Calculator,7873,42
omnicalculator.com,/math/area,http://www.omnicalculator.com/math/area,Area Calculator | 16 Popular Shapes!,7869,128
calculatorsoup.com,/calculators/games/bingo-number-generator.php,http://www.calculatorsoup.com/calculators/games/bingo-number-generator.php,Bingo Number Generator,7867,205
inchcalculator.com,/convert/liter-to-milliliter/,http://www.inchcalculator.com/convert/liter-to-milliliter/,Liters to Milliliters Converter (L to mL),7859,7
unitconverters.net,/volume/oz-to-cc.htm,http://www.unitconverters.net/volume/oz-to-cc.htm,Convert oz to cc,7843,51
inchcalculator.com,/countdown-timer/how-long-until-6-30-pm/,http://www.inchcalculator.com/countdown-timer/how-long-until-6-30-pm/,How Long Until 6:30 PM?,7831,0
gigacalculator.com,/calculators/random-number-generator.php,http://www.gigacalculator.com/calculators/random-number-generator.php,Random Number Generator 🎲 Pick a Random Number,7816,437
rapidtables.com,/convert/length/cm-to-feet.html?x=142,http://www.rapidtables.com/convert/length/cm-to-feet.html?x=142,142 cm to feet conversion,7801,0
inchcalculator.com,/sae-to-metric-calculator/?sae=3/8,http://www.inchcalculator.com/sae-to-metric-calculator/?sae=3/8,"3/8"" to mm - SAE to Metric Calculator",7796,5
calculator.net,/age-calculator.html?today=10/17/1958,http://www.calculator.net/age-calculator.html?today=10/17/1958,Age Calculator,7768,0
inchcalculator.com,/height-converter/4ft-7in/,http://www.inchcalculator.com/height-converter/4ft-7in/,"What is 4' 7"" in Centimeters?",7758,0
unitconverters.net,/force/gram-force-to-newton.htm,http://www.unitconverters.net/force/gram-force-to-newton.htm,Convert Gram-force to Newton,7757,16
unitconverters.net,/currency/thb-to-usd.htm,http://www.unitconverters.net/currency/thb-to-usd.htm,Convert THB to USD,7746,23
omnicalculator.com,/everyday-life/date-of-birth,http://www.omnicalculator.com/everyday-life/date-of-birth,Date of Birth Calculator,7744,43
inchcalculator.com,/convert/inch-pound-to-newton-meter/,http://www.inchcalculator.com/convert/inch-pound-to-newton-meter/,Inch-Pounds to Newton-Meters Converter (lb-in to Nm),7718,9
inchcalculator.com,/convert/pound-to-kilogram/?lb=280,http://www.inchcalculator.com/convert/pound-to-kilogram/?lb=280,How many kilograms are in 280 pounds?,7709,0
omnicalculator.com,/everyday-life/30-day,http://www.omnicalculator.com/everyday-life/30-day,30 Day Calculator,7691,6
calculatorsoup.com,/calculators/algebra/exponent.php,http://www.calculatorsoup.com/calculators/algebra/exponent.php,Exponents Calculator,7673,276
unitconverters.net,/volume/liter-to-cc.htm,http://www.unitconverters.net/volume/liter-to-cc.htm,Convert Liter to Cc,7665,21
inchcalculator.com,/countdown-timer/how-long-until-7-30-am/,http://www.inchcalculator.com/countdown-timer/how-long-until-7-30-am/,How Long Until 7:30 AM?,7662,0
unitconverters.net,/length/micron-to-inch.htm,http://www.unitconverters.net/length/micron-to-inch.htm,Convert Micron to Inch,7661,26
omnicalculator.com,/conversion/gallons-to-cups-converter,http://www.omnicalculator.com/conversion/gallons-to-cups-converter,Gallons to Cups Converter,7656,9
inchcalculator.com,/weeks-from/14-weeks-from-today/,http://www.inchcalculator.com/weeks-from/14-weeks-from-today/,What Date Is 14 Weeks From Today?,7640,0
rapidtables.com,/convert/length/km-to-meter.html,http://www.rapidtables.com/convert/length/km-to-meter.html,km to meters converter,7618,27
rapidtables.com,/convert/power/kw-to-megaw.html,http://www.rapidtables.com/convert/power/kw-to-megaw.html,Kilowatts to megawatts (MW) conversion,7614,40
unitconverters.net,/length/millimeter-to-micron.htm,http://www.unitconverters.net/length/millimeter-to-micron.htm,Convert Millimeter to Micron,7610,22
inchcalculator.com,/countdown-timer/how-long-until-2-20-pm/,http://www.inchcalculator.com/countdown-timer/how-long-until-2-20-pm/,How Long Until 2:20 PM?,7601,0
omnicalculator.com,/physics/angular-velocity,http://www.omnicalculator.com/physics/angular-velocity,Angular Velocity Calculator,7576,79
thecalculatorsite.com,/conversions/common/hertz-seconds.php,http://www.thecalculatorsite.com/conversions/common/hertz-seconds.php,Hertz to Seconds Converter,7570,86
rapidtables.com,/convert/length/mm-to-inch.html?x=3,http://www.rapidtables.com/convert/length/mm-to-inch.html?x=3,3 mm to inches conversion,7559,2
omnicalculator.com,/conversion/mm-to-m-conversion,http://www.omnicalculator.com/conversion/mm-to-m-conversion,mm to m Conversion,7554,6
inchcalculator.com,/countdown-timer/how-long-until-12-30-pm/,http://www.inchcalculator.com/countdown-timer/how-long-until-12-30-pm/,How Long Until 12:30 PM?,7540,1
unitconverters.net,/weight-and-mass/pound-to-stone-uk.htm,http://www.unitconverters.net/weight-and-mass/pound-to-stone-uk.htm,Convert Pound to Stone (UK),7518,6
omnicalculator.com,/conversion/ml-to-lbs,http://www.omnicalculator.com/conversion/ml-to-lbs,mL to lbs Conversion,7515,4
inchcalculator.com,/gravel-calculator/,http://www.inchcalculator.com/gravel-calculator/,Gravel Calculator - Estimate Yards and Tons,7502,166
calculator.net,/age-calculator.html?x=48,http://www.calculator.net/age-calculator.html?x=48,Age Calculator,7497,3
inchcalculator.com,/countdown-timer/how-long-until-11-30-am/,http://www.inchcalculator.com/countdown-timer/how-long-until-11-30-am/,How Long Until 11:30 AM?,7479,0
calculatorsoup.com,/calculators/health/pace-calculator.php,http://www.calculatorsoup.com/calculators/health/pace-calculator.php,Pace Calculator,7465,222
omnicalculator.com,/finance/cpm,http://www.omnicalculator.com/finance/cpm,CPM Calculator,7463,89
thecalculatorsite.com,/conversions/area/square-meters-to-square-centimeters.php,http://www.thecalculatorsite.com/conversions/area/square-meters-to-square-centimeters.php,Square Meters and Square Centimeters Converter,7444,41
unitconverters.net,/currency/rub-to-usd.htm,http://www.unitconverters.net/currency/rub-to-usd.htm,Convert RUB to USD,7440,50
calculatorsoup.com,/calculators/math/factors/36/,http://www.calculatorsoup.com/calculators/math/factors/36/,Factors of 36 | Factorization Calculator,7428,0
unitconverters.net,/volume/centiliter-to-milliliter.htm,http://www.unitconverters.net/volume/centiliter-to-milliliter.htm,Convert Centiliter to Milliliter,7411,1
unitconverters.net,/area/square-kilometer-to-square-mile.htm,http://www.unitconverters.net/area/square-kilometer-to-square-mile.htm,Convert Square Kilometer to Square Mile,7410,1
inchcalculator.com,/countdown-timer/how-long-until-2-50-pm/,http://www.inchcalculator.com/countdown-timer/how-long-until-2-50-pm/,How Long Until 2:50 PM? - Countdown Calculators,7404,0
omnicalculator.com,/sports/calories-burned-by-heart-rate,http://www.omnicalculator.com/sports/calories-burned-by-heart-rate,Calories Burned by Heart Rate Calculator,7392,21
inchcalculator.com,/convert/ounce-butter-to-tablespoon-butter/,http://www.inchcalculator.com/convert/ounce-butter-to-tablespoon-butter/,Ounces of Butter to Tablespoons Converter (oz to tbsp),7385,8
rapidtables.com,/convert/length/mm-to-inch.html?x=9,http://www.rapidtables.com/convert/length/mm-to-inch.html?x=9,9 mm to inches conversion,7370,0
inchcalculator.com,/fraction-to-percent-calculator/2-5-as-a-percent/,http://www.inchcalculator.com/fraction-to-percent-calculator/2-5-as-a-percent/,What is 2/5 as a Percent? (Full Solution),7362,0
inchcalculator.com,/weeks-between-dates-calculator/,http://www.inchcalculator.com/weeks-between-dates-calculator/,Weeks Between Dates Calculator,7331,9
rapidtables.com,/calc/math/Cos_Calculator.html,http://www.rapidtables.com/calc/math/Cos_Calculator.html,Cosine Calculator | cos(x) calculator,7322,157
inchcalculator.com,/convert/pound-to-kilogram/?lb=140,http://www.inchcalculator.com/convert/pound-to-kilogram/?lb=140,How many kilograms are in 140 pounds?,7321,4
rapidtables.com,/convert/weight/kg-to-pound.html?x=31,http://www.rapidtables.com/convert/weight/kg-to-pound.html?x=31,31 kg to lbs conversion,7304,0
unitconverters.net,/weight-and-mass/grain-to-ounce.htm,http://www.unitconverters.net/weight-and-mass/grain-to-ounce.htm,Convert Grain to Ounce,7303,0
inchcalculator.com,/convert/kilogram-to-pound/?kg=180,http://www.inchcalculator.com/convert/kilogram-to-pound/?kg=180,180 kg to lbs - How Many Pounds Are in 180 Kilograms?,7278,0
rapidtables.com,/convert/length/inch-to-mm.html?x=2.5,http://www.rapidtables.com/convert/length/inch-to-mm.html?x=2.5,2.5 inches to mm conversion,7272,1
omnicalculator.com,/conversion/lbs-to-psi,http://www.omnicalculator.com/conversion/lbs-to-psi,Lbs to PSI Converter,7270,13
rapidtables.com,/convert/energy/BTU_to_kWh.html,http://www.rapidtables.com/convert/energy/BTU_to_kWh.html,BTU to kWh conversion calculator,7262,121
omnicalculator.com,/conversion/pints-to-gallons-converter,http://www.omnicalculator.com/conversion/pints-to-gallons-converter,Pints to Gallons Converter,7247,9
unitconverters.net,/force/newton-to-gram-force.htm,http://www.unitconverters.net/force/newton-to-gram-force.htm,Convert Newton to Gram-force,7243,9
inchcalculator.com,/convert/gram-sugar-to-cup-sugar/,http://www.inchcalculator.com/convert/gram-sugar-to-cup-sugar/,Grams of Sugar to Cups Converter (g to c),7239,17
omnicalculator.com,/biology/dog-size,http://www.omnicalculator.com/biology/dog-size,Dog Size Calculator | How big will my puppy get?,7235,89
rapidtables.com,/convert/length/meter-to-feet.html?x=60,http://www.rapidtables.com/convert/length/meter-to-feet.html?x=60,60 meters to feet,7229,0
inchcalculator.com,/convert/fahrenheit-to-celsius/?degrees=35,http://www.inchcalculator.com/convert/fahrenheit-to-celsius/?degrees=35,35 °F to °C - 35 Degrees Fahrenheit to Celsius,7223,1
inchcalculator.com,/convert/square-meter-to-square-foot/,http://www.inchcalculator.com/convert/square-meter-to-square-foot/,Square Meters to Square Feet Converter (sq m to sq ft),7220,54
inchcalculator.com,/convert/celsius-to-fahrenheit/?degrees=230,http://www.inchcalculator.com/convert/celsius-to-fahrenheit/?degrees=230,230 °C to °F - 230 Degrees Celsius to Fahrenheit - Inch ...,7219,0
calculatorsoup.com,/calculators/math/fractionssolvex.php,http://www.calculatorsoup.com/calculators/math/fractionssolvex.php,Fractions Solve for Unknown X,7211,139
unitconverters.net,/currency/sek-to-usd.htm,http://www.unitconverters.net/currency/sek-to-usd.htm,Convert SEK to USD,7190,44
calculatorsoup.com,/calculators/financial/tip-calculator.php,http://www.calculatorsoup.com/calculators/financial/tip-calculator.php,Tip Calculator,7186,297
thecalculatorsite.com,/articles/units/how-much-gallon-of-water-weigh.php,http://www.thecalculatorsite.com/articles/units/how-much-gallon-of-water-weigh.php,How Much Does a Gallon of Water Weigh?,7166,85
calculatorsoup.com,/calculators/financial/cagr-calculator.php,http://www.calculatorsoup.com/calculators/financial/cagr-calculator.php,CAGR Calculator | Compound Annual Growth Rate,7165,9
unitconverters.net,/length/picometer-to-meter.htm,http://www.unitconverters.net/length/picometer-to-meter.htm,Convert Picometer to Meter,7165,26
rapidtables.com,/convert/frequency/hz-to-mhz.html,http://www.rapidtables.com/convert/frequency/hz-to-mhz.html,Hertz to megahertz(MHz) conversion calculator,7164,47
inchcalculator.com,/pay-raise-calculator/,http://www.inchcalculator.com/pay-raise-calculator/,Pay Raise Calculator - Calculate Salary Increase,7153,35
widgetly.co,/convert/31-cm-to-inches,http://www.widgetly.co/convert/31-cm-to-inches,How Many Inches is 31 cm? - Convert,7142,0
rapidtables.com,/convert/length/inch-to-feet.html?x=76,http://www.rapidtables.com/convert/length/inch-to-feet.html?x=76,76 inches to feet conversion,7137,3
rapidtables.com,/convert/length/mm-to-inch.html?x=11,http://www.rapidtables.com/convert/length/mm-to-inch.html?x=11,11 mm to inches conversion,7118,0
inchcalculator.com,/hours-from/6-hours-from-now/,http://www.inchcalculator.com/hours-from/6-hours-from-now/,What Time Is 6 Hours From Now?,7110,1
thecalculatorsite.com,/cooking/teaspoons-ml.php,http://www.thecalculatorsite.com/cooking/teaspoons-ml.php,Teaspoons and Milliliters Converter (tsp to mL),7096,58
rapidtables.com,/convert/length/feet-to-mile.html,http://www.rapidtables.com/convert/length/feet-to-mile.html,Feet to Miles (ft to mi) Converter,7081,55
inchcalculator.com,/convert/cup-to-quart/,http://www.inchcalculator.com/convert/cup-to-quart/,Cups to Quarts Converter (c to qt),7076,7
omnicalculator.com,/construction/rebar,http://www.omnicalculator.com/construction/rebar,Rebar Calculator,7073,93
inchcalculator.com,/convert/inch-to-centimeter/,http://www.inchcalculator.com/convert/inch-to-centimeter/,Inches to cm Converter (Inches To Centimeters),7064,85
rapidtables.com,/convert/length/meter-to-feet.html?x=5000,http://www.rapidtables.com/convert/length/meter-to-feet.html?x=5000,5000 meters to feet - Convert,7064,0
unitconverters.net,/currency/jpy-to-usd.htm,http://www.unitconverters.net/currency/jpy-to-usd.htm,Convert JPY to USD,7037,73
thecalculatorsite.com,/finance/calculators/overtime.php,http://www.thecalculatorsite.com/finance/calculators/overtime.php,Overtime Calculator,7022,3
omnicalculator.com,/math/cross-multiplication,http://www.omnicalculator.com/math/cross-multiplication,Cross Multiplication Calculator,7007,6
inchcalculator.com,/convert/day-to-month/?days=150,http://www.inchcalculator.com/convert/day-to-month/?days=150,How Many Months is 150 Days?,6969,0
omnicalculator.com,/conversion/byte-converter,http://www.omnicalculator.com/conversion/byte-converter,Byte Conversion Calculator,6968,17
omnicalculator.com,/finance/mega-millions-payout,http://www.omnicalculator.com/finance/mega-millions-payout,Mega Millions Payout Calculator,6959,199
rapidtables.com,/convert/length/cm-to-inch.html?x=91,http://www.rapidtables.com/convert/length/cm-to-inch.html?x=91,91 cm to inches conversion,6953,1
unitconverters.net,/pressure/kilopascal-to-bar.htm,http://www.unitconverters.net/pressure/kilopascal-to-bar.htm,Convert Kilopascal to Bar,6950,36
gigacalculator.com,/converters/convert-mb-to-gb.php,http://www.gigacalculator.com/converters/convert-mb-to-gb.php,MB to GB Converter - Convert MegaBytes to GigaBytes ...,6933,83
rapidtables.com,/convert/weight/kg-to-pound.html?x=3.8,http://www.rapidtables.com/convert/weight/kg-to-pound.html?x=3.8,3.8 kg to lbs conversion,6927,0
omnicalculator.com,/math/area-of-sphere,http://www.omnicalculator.com/math/area-of-sphere,Area of a Sphere Calculator,6915,26
omnicalculator.com,/conversion/kg-to-ounce-converter,http://www.omnicalculator.com/conversion/kg-to-ounce-converter,kg to ounce converter,6912,14
unitconverters.net,/weight-and-mass/nanogram-to-microgram.htm,http://www.unitconverters.net/weight-and-mass/nanogram-to-microgram.htm,Convert Nanogram to Microgram,6885,15
omnicalculator.com,/ecology/solar-panel,http://www.omnicalculator.com/ecology/solar-panel,Solar Panel Calculator,6868,299
omnicalculator.com,/everyday-life/100-day,http://www.omnicalculator.com/everyday-life/100-day,100 Day Calculator,6866,26
inchcalculator.com,/convert/cup-to-teaspoon/?cups=1/8,http://www.inchcalculator.com/convert/cup-to-teaspoon/?cups=1/8,How Many Teaspoons Are In 1/8 Cup?,6848,0
rapidtables.com,/convert/length/inch-to-cm.html?x=2,http://www.rapidtables.com/convert/length/inch-to-cm.html?x=2,2 inches to cm conversion,6848,1
gigacalculator.com,/calculators/working-days-calculator.php,http://www.gigacalculator.com/calculators/working-days-calculator.php,Business Days Calculator (How many working days ...,6848,228
rapidtables.com,/convert/temperature/index.html,http://www.rapidtables.com/convert/temperature/index.html,Temperature Converter,6838,88
unitconverters.net,/pressure/pascal-to-standard-atmosphere.htm,http://www.unitconverters.net/pressure/pascal-to-standard-atmosphere.htm,Convert Pascal to Standard Atmosphere,6829,7
unitconverters.net,/volume/cubic-millimeter-to-liter.htm,http://www.unitconverters.net/volume/cubic-millimeter-to-liter.htm,Convert Cubic Millimeter to Liter,6828,5
omnicalculator.com,/math/circle,http://www.omnicalculator.com/math/circle,Circle Calculator,6820,34
omnicalculator.com,/math/pythagorean-theorem,http://www.omnicalculator.com/math/pythagorean-theorem,Pythagorean Theorem Calculator,6789,137
calculatorsoup.com,/calculators/conversions/angle.php,http://www.calculatorsoup.com/calculators/conversions/angle.php,Angle Conversion Calculator,6781,141
calculator.net,/heat-index-calculator.html,http://www.calculator.net/heat-index-calculator.html,Heat Index Calculator,6762,180
omnicalculator.com,/conversion/number-to-million,http://www.omnicalculator.com/conversion/number-to-million,Number to Million Converter,6761,193
calculatorsoup.com,/calculators/math/basic.php,http://www.calculatorsoup.com/calculators/math/basic.php,Basic Calculator,6759,316
inchcalculator.com,/convert/pound-to-kilogram/?lb=150,http://www.inchcalculator.com/convert/pound-to-kilogram/?lb=150,How many kilograms are in 150 pounds?,6758,2
unitconverters.net,/volume/ton-register-to-cubic-yard.htm,http://www.unitconverters.net/volume/ton-register-to-cubic-yard.htm,Convert Ton Register to Cubic Yard,6753,187
calculator.net,/target-heart-rate-calculator.html,http://www.calculator.net/target-heart-rate-calculator.html,Target Heart Rate Calculator,6744,25
inchcalculator.com,/convert/cup-to-pint/,http://www.inchcalculator.com/convert/cup-to-pint/,Cups to Pints Converter (c to pt),6726,6
unitconverters.net,/pressure/standard-atmosphere-to-psi.htm,http://www.unitconverters.net/pressure/standard-atmosphere-to-psi.htm,Convert Standard Atmosphere to Psi,6703,4
rapidtables.com,/convert/number/ascii-to-hex.html,http://www.rapidtables.com/convert/number/ascii-to-hex.html,Text String to Hex Code Converter,6689,422
inchcalculator.com,/convert/cubic-foot-to-cubic-inch/,http://www.inchcalculator.com/convert/cubic-foot-to-cubic-inch/,Cubic Feet to Cubic Inches Converter (ft³ to in³),6666,4
rapidtables.com,/convert/length/cm-to-inch.html?x=100,http://www.rapidtables.com/convert/length/cm-to-inch.html?x=100,100 cm to inches conversion,6664,2
unitconverters.net,/time/second-to-hour.htm,http://www.unitconverters.net/time/second-to-hour.htm,Convert Second to Hour,6656,21
unitconverters.net,/length/meter-to-decimeter.htm,http://www.unitconverters.net/length/meter-to-decimeter.htm,Convert Meter to Decimeter,6638,3
omnicalculator.com,/conversion/grams-to-calories,http://www.omnicalculator.com/conversion/grams-to-calories,Grams To Calories Calculator,6634,77
omnicalculator.com,/math/central-angle,http://www.omnicalculator.com/math/central-angle,Central Angle Calculator,6627,76
unitconverters.net,/volume/liter-to-microliter.htm,http://www.unitconverters.net/volume/liter-to-microliter.htm,Convert Liter to Microliter,6592,6
omnicalculator.com,/sports/sauna-calories-burned,http://www.omnicalculator.com/sports/sauna-calories-burned,Sauna calories burned calculator,6587,8
calculatorsoup.com,/calculators/math/factors/16/,http://www.calculatorsoup.com/calculators/math/factors/16/,Factors of 16 | Factorization Calculator,6581,0
unitconverters.net,/pressure/gigapascal-to-pascal.htm,http://www.unitconverters.net/pressure/gigapascal-to-pascal.htm,Convert Gigapascal to Pascal,6574,31
thecalculatorsite.com,/health/km-steps.php,http://www.thecalculatorsite.com/health/km-steps.php,Km to Steps Calculator,6572,47
calculator.net,/fha-loan-calculator.html,http://www.calculator.net/fha-loan-calculator.html,FHA Loan Calculator,6543,280
gigacalculator.com,/converters/convert-ml-to-cups.php,http://www.gigacalculator.com/converters/convert-ml-to-cups.php,Milliliters to Cups Converter - Convert ml to cups,6533,4
inchcalculator.com,/convert/teaspoon-to-fluid-ounce/,http://www.inchcalculator.com/convert/teaspoon-to-fluid-ounce/,Teaspoons to Fluid Ounces Converter (tsp to fl oz),6528,7
unitconverters.net,/energy/cal-to-kcal.htm,http://www.unitconverters.net/energy/cal-to-kcal.htm,Convert cal to kcal,6528,20
omnicalculator.com,/math/rounding,http://www.omnicalculator.com/math/rounding,Rounding Calculator,6527,88
inchcalculator.com,/convert/day-to-month/?days=200,http://www.inchcalculator.com/convert/day-to-month/?days=200,How Many Months is 200 Days?,6515,1
rapidtables.com,/convert/length/meter-to-feet.html?x=1.6,http://www.rapidtables.com/convert/length/meter-to-feet.html?x=1.6,1.6 meters to feet - Convert,6513,1
calculator.net,/scientific-notation-calculator.html,http://www.calculator.net/scientific-notation-calculator.html,Scientific Notation Calculator,6503,178
unitconverters.net,/length/angstrom-to-nanometer.htm,http://www.unitconverters.net/length/angstrom-to-nanometer.htm,Convert Angstrom to Nanometer,6490,20
omnicalculator.com,/conversion/pounds-to-ounces-converter,http://www.omnicalculator.com/conversion/pounds-to-ounces-converter,Pounds to Ounces Converter,6476,9
inchcalculator.com,/convert/hour-to-second/,http://www.inchcalculator.com/convert/hour-to-second/,Hours to Seconds Converter (hr to s),6453,18
omnicalculator.com,/other/graduation-year,http://www.omnicalculator.com/other/graduation-year,Graduation Year Calculator,6446,1
unitconverters.net,/volume/quart-us-to-fluid-ounce-us.htm,http://www.unitconverters.net/volume/quart-us-to-fluid-ounce-us.htm,Convert Quart (US) to Fluid Ounce (US),6445,1
inchcalculator.com,/weeks-from/13-weeks-from-today/,http://www.inchcalculator.com/weeks-from/13-weeks-from-today/,What Date Is 13 Weeks From Today?,6444,0
inchcalculator.com,/minutes-from/40-minutes-from-now/,http://www.inchcalculator.com/minutes-from/40-minutes-from-now/,What Time Is 40 Minutes From Now?,6426,0
inchcalculator.com,/convert/cup-butter-to-ounce-butter/,http://www.inchcalculator.com/convert/cup-butter-to-ounce-butter/,Cups of Butter to Ounces Converter (c to oz),6423,3
omnicalculator.com,/everyday-life/unit-price,http://www.omnicalculator.com/everyday-life/unit-price,Unit Price Calculator,6408,55
inchcalculator.com,/convert/pound-to-kilogram/?lb=180,http://www.inchcalculator.com/convert/pound-to-kilogram/?lb=180,How many kilograms are in 180 pounds?,6397,2
unitconverters.net,/volume/milliliter-to-cubic-meter.htm,http://www.unitconverters.net/volume/milliliter-to-cubic-meter.htm,Convert Milliliter to Cubic Meter,6393,5
unitconverters.net,/pressure/millibar-to-pascal.htm,http://www.unitconverters.net/pressure/millibar-to-pascal.htm,Convert Millibar to Pascal,6388,10
rapidtables.com,/convert/length/meter-to-feet-inch.html?x=1.82,http://www.rapidtables.com/convert/length/meter-to-feet-inch.html?x=1.82,1.82 meters to feet+inches conversion,6377,1
rapidtables.com,/convert/length/meter-to-feet.html?x=120,http://www.rapidtables.com/convert/length/meter-to-feet.html?x=120,120 meters to feet - Convert,6372,0
omnicalculator.com,/conversion/metric-to-inches,http://www.omnicalculator.com/conversion/metric-to-inches,Metric to Inches Calculator,6369,83
calculator.net,/big-number-calculator.html,http://www.calculator.net/big-number-calculator.html,Big Number Calculator,6350,327
inchcalculator.com,/convert/hour-to-year/,http://www.inchcalculator.com/convert/hour-to-year/,Hours to Years Converter (hr to yr),6344,6
unitconverters.net,/volume/milliliter-to-tablespoon-us.htm,http://www.unitconverters.net/volume/milliliter-to-tablespoon-us.htm,Convert Milliliter to Tablespoon (US),6342,18
omnicalculator.com,/conversion/kg-to-ml,http://www.omnicalculator.com/conversion/kg-to-ml,kg to mL Converter,6319,15
inchcalculator.com,/convert/pint-to-milliliter/,http://www.inchcalculator.com/convert/pint-to-milliliter/,Pints to Milliliters Converter (pt to mL),6317,5
thecalculatorsite.com,/conversions/height/5ft-1in,http://www.thecalculatorsite.com/conversions/height/5ft-1in,"What is 5' 1"" in Centimeters?",6301,3
inchcalculator.com,/convert/kilogram-to-stone/,http://www.inchcalculator.com/convert/kilogram-to-stone/,Kilograms to Stones & Pounds Converter (kg to stone & lbs),6294,14
rapidtables.com,/convert/length/inch-to-mm.html?x=1,http://www.rapidtables.com/convert/length/inch-to-mm.html?x=1,1 inches to mm conversion,6293,0
inchcalculator.com,/countdown-timer/how-long-until-10-30-am/,http://www.inchcalculator.com/countdown-timer/how-long-until-10-30-am/,How Long Until 10:30 AM?,6285,0
calculatorsoup.com,/calculators/financial/future-value-calculator.php,http://www.calculatorsoup.com/calculators/financial/future-value-calculator.php,Future Value Calculator,6283,257
widgetly.co,/convert/84-cm-to-inches,http://www.widgetly.co/convert/84-cm-to-inches,How Many Inches is 84 cm? - Convert,6276,0
omnicalculator.com,/math/intersection-of-two-lines,http://www.omnicalculator.com/math/intersection-of-two-lines,Intersection of Two Lines Calculator,6272,9
calculator.net,/gdp-calculator.html,http://www.calculator.net/gdp-calculator.html,GDP Calculator,6267,86
calculatorsoup.com,/calculators/math/factors/48/,http://www.calculatorsoup.com/calculators/math/factors/48/,Factors of 48 | Factorization Calculator,6256,0
inchcalculator.com,/convert/gram-butter-to-tablespoon-butter/,http://www.inchcalculator.com/convert/gram-butter-to-tablespoon-butter/,Grams of Butter to Tablespoons Converter (g to tbsp),6252,25
omnicalculator.com,/finance/cagr,http://www.omnicalculator.com/finance/cagr,CAGR Calculator (Compound Annual Growth Rate),6249,188
inchcalculator.com,/fraction-to-mixed-number-calculator/,http://www.inchcalculator.com/fraction-to-mixed-number-calculator/,Improper Fraction to Mixed Number Calculator,6236,87
rapidtables.com,/convert/length/mm-to-inch.html?x=13,http://www.rapidtables.com/convert/length/mm-to-inch.html?x=13,13 mm to inches conversion,6235,0
omnicalculator.com,/everyday-life/price-per-unit,http://www.omnicalculator.com/everyday-life/price-per-unit,Price Per Unit Calculator,6233,9
inchcalculator.com,/convert/pint-to-gram/,http://www.inchcalculator.com/convert/pint-to-gram/,Pints to Grams Converter - (pt to g),6201,1
omnicalculator.com,/health/weight-loss-percentage,http://www.omnicalculator.com/health/weight-loss-percentage,Weight Loss Percentage Calculator,6191,1
thecalculatorsite.com,/health/whr-calculator.php,http://www.thecalculatorsite.com/health/whr-calculator.php,Waist-to-Hip Ratio (WHR) Calculator,6183,114
inchcalculator.com,/countdown-timer/how-long-until-3-10-pm/,http://www.inchcalculator.com/countdown-timer/how-long-until-3-10-pm/,How Long Until 3:10 PM? - Countdown Calculators,6175,0
omnicalculator.com,/math/length-of-a-line-segment,http://www.omnicalculator.com/math/length-of-a-line-segment,Length of a Line Segment Calculator,6174,17
inchcalculator.com,/days-from/70-days-from-today/,http://www.inchcalculator.com/days-from/70-days-from-today/,What Date Is 70 Days From Today?,6174,1
omnicalculator.com,/physics/kg-to-newtons,http://www.omnicalculator.com/physics/kg-to-newtons,kg to Newtons Calculator | kgf to N,6173,1
inchcalculator.com,/countdown-timer/how-long-until-3-20-pm/,http://www.inchcalculator.com/countdown-timer/how-long-until-3-20-pm/,How Long Until 3:20 PM? - Countdown Calculators,6172,0
rapidtables.com,/convert/length/meter-to-feet.html?x=500,http://www.rapidtables.com/convert/length/meter-to-feet.html?x=500,500 meters to feet - Convert,6170,0
inchcalculator.com,/convert/kilojoule-to-joule/,http://www.inchcalculator.com/convert/kilojoule-to-joule/,Kilojoules to Joules Converter (kJ to J),6169,4
inchcalculator.com,/feet-inches-calculator/,http://www.inchcalculator.com/feet-inches-calculator/,Feet and Inches Calculator - Add or Subtract Lengths,6158,175
inchcalculator.com,/convert/day-to-month/,http://www.inchcalculator.com/convert/day-to-month/,Days to Months Converter (d to mo),6152,5
rapidtables.com,/convert/power/megaw-to-watt.html,http://www.rapidtables.com/convert/power/megaw-to-watt.html,Megawatts to watts conversion calculator,6150,29
unitconverters.net,/weight-and-mass/nanogram-to-milligram.htm,http://www.unitconverters.net/weight-and-mass/nanogram-to-milligram.htm,Convert Nanogram to Milligram,6140,3
inchcalculator.com,/countdown-timer/how-long-until-3-45-pm/,http://www.inchcalculator.com/countdown-timer/how-long-until-3-45-pm/,How Long Until 3:45 PM? - Countdown Calculators,6130,1
calculator.net,/credit-card-payoff-calculator.html,http://www.calculator.net/credit-card-payoff-calculator.html,Credit Cards Payoff Calculator,6120,160
rapidtables.com,/convert/weight/kg-to-pound.html?x=1.6,http://www.rapidtables.com/convert/weight/kg-to-pound.html?x=1.6,1.6 kg to lbs conversion,6108,1
omnicalculator.com,/conversion/height-converter,http://www.omnicalculator.com/conversion/height-converter,Height Converter | Convert height to cm,6107,43
omnicalculator.com,/physics/torque,http://www.omnicalculator.com/physics/torque,Torque Calculator,6103,68
inchcalculator.com,/days-from/25-days-from-today/,http://www.inchcalculator.com/days-from/25-days-from-today/,What Date Is 25 Days From Today?,6103,0
thecalculatorsite.com,/cooking/ounces-grams.php,http://www.thecalculatorsite.com/cooking/ounces-grams.php,Ounces to Grams Converter,6103,156
thecalculatorsite.com,/health/steps-to-calories.php,http://www.thecalculatorsite.com/health/steps-to-calories.php,Steps to Calories Calculator,6085,6
calculatorsoup.com,/calculators/time/how-old-am-i.php,http://www.calculatorsoup.com/calculators/time/how-old-am-i.php,How Old Am I Calculator,6078,3
inchcalculator.com,/convert/gallon-to-kilogram/,http://www.inchcalculator.com/convert/gallon-to-kilogram/,Gallons to Kilograms Converter - (gal to kg),6068,12
omnicalculator.com,/math/circumference-area-circle,http://www.omnicalculator.com/math/circumference-area-circle,Circumference and Area of a Circle Calculator,6054,24
inchcalculator.com,/height-converter/125cm/,http://www.inchcalculator.com/height-converter/125cm/,What is 125 cm in Feet and Inches?,6045,0
omnicalculator.com,/finance/real-estate-commission,http://www.omnicalculator.com/finance/real-estate-commission,Real Estate Commission Calculator,6025,98
inchcalculator.com,/days-from/42-days-from-today/,http://www.inchcalculator.com/days-from/42-days-from-today/,What Date Is 42 Days From Today?,6023,1
inchcalculator.com,/ratio-percentage-calculator/,http://www.inchcalculator.com/ratio-percentage-calculator/,Ratio to Percentage Calculator,6019,28
rapidtables.com,/convert/length/mm-to-inch.html?x=5,http://www.rapidtables.com/convert/length/mm-to-inch.html?x=5,5 mm to inches conversion,5998,4
omnicalculator.com,/statistics/median,http://www.omnicalculator.com/statistics/median,Median Calculator,5996,80
omnicalculator.com,/health/waist-height-ratio,http://www.omnicalculator.com/health/waist-height-ratio,Waist to Height Ratio Calculator,5993,165
omnicalculator.com,/finance/marginal-cost,http://www.omnicalculator.com/finance/marginal-cost,Marginal Cost Calculator,5987,28
thecalculatorsite.com,/conversions/liquidvolume.php,http://www.thecalculatorsite.com/conversions/liquidvolume.php,Liquid Volume Converter,5982,137
rapidtables.com,/convert/length/yard-to-cm.html,http://www.rapidtables.com/convert/length/yard-to-cm.html,Yards to Centimeters (yd to cm) Converter,5978,17
rapidtables.com,/convert/length/mile-to-km.html?x=4,http://www.rapidtables.com/convert/length/mile-to-km.html?x=4,4 miles to km conversion,5976,10
omnicalculator.com,/physics/capacitive-reactance,http://www.omnicalculator.com/physics/capacitive-reactance,Capacitive Reactance Calculator,5967,25
gigacalculator.com,/converters/convert-joules-to-kilojoules-j-to-kj.php,http://www.gigacalculator.com/converters/convert-joules-to-kilojoules-j-to-kj.php,Joules to KiloJoules Converter - Convert J to KJ,5964,8
omnicalculator.com,/math/gcf-and-lcm,http://www.omnicalculator.com/math/gcf-and-lcm,GCF and LCM Calculator,5948,26
rapidtables.com,/convert/length/feet-inch-to-cm.html?ft=5&inch=1,http://www.rapidtables.com/convert/length/feet-inch-to-cm.html?ft=5&inch=1,5 ft+1 inches to cm conversion,5944,4
inchcalculator.com,/convert/kiloohm-to-ohm/,http://www.inchcalculator.com/convert/kiloohm-to-ohm/,Kiloohms to Ohms Converter (kΩ to Ω),5943,56
omnicalculator.com,/finance/year-over-year-growth,http://www.omnicalculator.com/finance/year-over-year-growth,Year Over Year Growth Calculator,5939,9
omnicalculator.com,/finance/discount,http://www.omnicalculator.com/finance/discount,Discount Calculator,5927,680
rapidtables.com,/tools/camera.html,http://www.rapidtables.com/tools/camera.html,Camera Online - Take a picture 📷,5915,191
omnicalculator.com,/construction/brick,http://www.omnicalculator.com/construction/brick,Brick Calculator,5911,102
rapidtables.com,/convert/energy/kcal-to-joule.html,http://www.rapidtables.com/convert/energy/kcal-to-joule.html,Kilocalories (kcal) to Joules (J) conversion calculator,5894,28
widgetly.co,/convert/fahrenheit/89-fahrenheit-to-celsius,http://www.widgetly.co/convert/fahrenheit/89-fahrenheit-to-celsius,89°F to Celsius — What is 89 Fahrenheit in °C?,5894,0
rapidtables.com,/convert/length/meter-to-feet.html?x=1500,http://www.rapidtables.com/convert/length/meter-to-feet.html?x=1500,1500 meters to feet - Convert,5888,1
gigacalculator.com,/randomizers/random-color-generator.php,http://www.gigacalculator.com/randomizers/random-color-generator.php,Random Color Generator 🎨 - Pick a Color at Random,5887,122
thecalculatorsite.com,/health/steps-km.php,http://www.thecalculatorsite.com/health/steps-km.php,Steps to Km Calculator,5878,84
omnicalculator.com,/finance/marginal-revenue,http://www.omnicalculator.com/finance/marginal-revenue,Marginal Revenue Calculator,5873,23
rapidtables.com,/convert/length/meter-to-mile.html?x=2500,http://www.rapidtables.com/convert/length/meter-to-mile.html?x=2500,2500 meters to miles conversion,5867,0
calculatorsoup.com,/calculators/statistics/grade-calculator.php,http://www.calculatorsoup.com/calculators/statistics/grade-calculator.php,Grade Calculator | Weighted Average Calculator,5866,4
omnicalculator.com,/math/twos-complement,http://www.omnicalculator.com/math/twos-complement,Two's Complement Calculator,5855,119
omnicalculator.com,/math/cos-1,http://www.omnicalculator.com/math/cos-1,Cos-1 Calculator,5854,3
calculatorsoup.com,/calculators/geometry-plane/triangle-law-of-sines.php,http://www.calculatorsoup.com/calculators/geometry-plane/triangle-law-of-sines.php,Law of Sines Calculator,5846,140
rapidtables.com,/convert/length/meter-to-mile.html?x=600,http://www.rapidtables.com/convert/length/meter-to-mile.html?x=600,600 meters to miles conversion,5838,0
omnicalculator.com,/conversion/inch-pounds-to-foot-pounds,http://www.omnicalculator.com/conversion/inch-pounds-to-foot-pounds,Inch-Pounds to Foot-Pounds Converter,5830,14
inchcalculator.com,/relative-standard-deviation-calculator/,http://www.inchcalculator.com/relative-standard-deviation-calculator/,Relative Standard Deviation Calculator,5804,9
omnicalculator.com,/math/convert-fraction-to-percentage,http://www.omnicalculator.com/math/convert-fraction-to-percentage,Fraction to Percent Calculator,5802,51
omnicalculator.com,/math/tangent-angle,http://www.omnicalculator.com/math/tangent-angle,Tangent Angle Calculator,5794,2
calculatorsoup.com,/calculators/physics/wavelength.php,http://www.calculatorsoup.com/calculators/physics/wavelength.php,Wavelength Calculator λ = v/f,5790,61
inchcalculator.com,/convert/ounce-to-fluid-ounce/,http://www.inchcalculator.com/convert/ounce-to-fluid-ounce/,Ounces to Fluid Ounces Converter - (oz to fl oz),5790,145
calculatorsoup.com,/calculators/technology/aspect-ratio-calculator.php,http://www.calculatorsoup.com/calculators/technology/aspect-ratio-calculator.php,Aspect Ratio Calculator,5774,24
omnicalculator.com,/health/body-fat,http://www.omnicalculator.com/health/body-fat,Body Fat Calculator,5769,228
inchcalculator.com,/days-from/31-days-from-today/,http://www.inchcalculator.com/days-from/31-days-from-today/,What Date Is 31 Days From Today?,5764,0
rapidtables.com,/convert/number/roman-numerals-converter.html,http://www.rapidtables.com/convert/number/roman-numerals-converter.html,Roman Numerals Converter,5761,231
inchcalculator.com,/weeks-from/18-weeks-from-today/,http://www.inchcalculator.com/weeks-from/18-weeks-from-today/,What Date Is 18 Weeks From Today?,5753,1
omnicalculator.com,/es/conversion/convertidor-de-altura,http://www.omnicalculator.com/es/conversion/convertidor-de-altura,Convertidor de altura | Centímetros a pulgadas y pies,5745,3
gigacalculator.com,/converters/convert-grams-to-cups.php,http://www.gigacalculator.com/converters/convert-grams-to-cups.php,Grams to Cups Converter,5737,27
omnicalculator.com,/conversion/ksi-to-psi-conversion,http://www.omnicalculator.com/conversion/ksi-to-psi-conversion,KSI to PSI Conversion,5726,5
gigacalculator.com,/randomizers/random-picker.php,http://www.gigacalculator.com/randomizers/random-picker.php,Random Picker 🎲 - Randomly pick an item from a list,5721,376
omnicalculator.com,/other/frames-to-timecode,http://www.omnicalculator.com/other/frames-to-timecode,Frames to Timecode Calculator,5712,49
omnicalculator.com,/conversion/liters-to-pounds,http://www.omnicalculator.com/conversion/liters-to-pounds,Liters to Pounds Calculator,5698,10
inchcalculator.com,/hours-from/48-hours-from-now/,http://www.inchcalculator.com/hours-from/48-hours-from-now/,What Time Is 48 Hours From Now?,5670,0
widgetly.co,/convert/celsius/38-celsius-to-fahrenheit,http://www.widgetly.co/convert/celsius/38-celsius-to-fahrenheit,38°C to Fahrenheit — What is 38 Celsius in °F?,5649,0
rapidtables.com,/convert/energy/cal-to-kj.html,http://www.rapidtables.com/convert/energy/cal-to-kj.html,Calories to kilojoules (kJ) conversion calculator,5648,44
omnicalculator.com,/math/cuboid-surface-area,http://www.omnicalculator.com/math/cuboid-surface-area,Cuboid Surface Area Calculator,5642,4
gigacalculator.com,/calculators/days-between-dates-calculator.php,http://www.gigacalculator.com/calculators/days-between-dates-calculator.php,Days Calculator (Days Between Dates),5627,257
inchcalculator.com,/countdown-timer/how-long-until-2-40-pm/,http://www.inchcalculator.com/countdown-timer/how-long-until-2-40-pm/,How Long Until 2:40 PM? - Countdown Calculators,5618,0
inchcalculator.com,/days-from/150-days-from-today/,http://www.inchcalculator.com/days-from/150-days-from-today/,What Date Is 150 Days From Today?,5608,1
rapidtables.com,/convert/length/mm-to-inch.html?x=21,http://www.rapidtables.com/convert/length/mm-to-inch.html?x=21,21 mm to inches conversion,5607,0
omnicalculator.com,/chemistry/concentration,http://www.omnicalculator.com/chemistry/concentration,How to Calculate Concentration,5604,46
inchcalculator.com,/weeks-from/30-weeks-from-today/,http://www.inchcalculator.com/weeks-from/30-weeks-from-today/,What Date Is 30 Weeks From Today?,5588,0
omnicalculator.com,/math/tangent-circle,http://www.omnicalculator.com/math/tangent-circle,Tangent of a Circle Calculator,5584,2
inchcalculator.com,/convert/cup-to-fluid-ounce/?cups=2/3,http://www.inchcalculator.com/convert/cup-to-fluid-ounce/?cups=2/3,How Many Fluid Ounces Are In 2/3 Cup? (2/3 cup to oz) - Inch ...,5583,0
omnicalculator.com,/conversion/ounce-to-kg-converter,http://www.omnicalculator.com/conversion/ounce-to-kg-converter,Ounce to kg Converter,5577,7
omnicalculator.com,/math/surface-area-rectangular-prism,http://www.omnicalculator.com/math/surface-area-rectangular-prism,Surface Area of a Rectangular Prism Calculator,5571,75
inchcalculator.com,/convert/millivolt-to-volt/,http://www.inchcalculator.com/convert/millivolt-to-volt/,Millivolts to Volts Converter (mV to V),5568,5
inchcalculator.com,/water-weight-calculator/,http://www.inchcalculator.com/water-weight-calculator/,Water Weight Calculator,5568,175
omnicalculator.com,/finance/income-elasticity-demand,http://www.omnicalculator.com/finance/income-elasticity-demand,Income Elasticity of Demand Calculator,5567,42
omnicalculator.com,/food/yeast-converter,http://www.omnicalculator.com/food/yeast-converter,Yeast Converter | Yeast Conversion Calculator,5550,29
inchcalculator.com,/countdown-timer/how-long-until-3-05-pm/,http://www.inchcalculator.com/countdown-timer/how-long-until-3-05-pm/,How Long Until 3:05 PM? - Countdown Calculators,5540,0
inchcalculator.com,/convert/gallon-to-teaspoon/,http://www.inchcalculator.com/convert/gallon-to-teaspoon/,Gallons to Teaspoons Converter (gal to tsp),5536,0
thecalculatorsite.com,/conversions/common/square-meters-square-feet.php,http://www.thecalculatorsite.com/conversions/common/square-meters-square-feet.php,Square Meters and Square Feet Converter (m² and ft²),5534,83
inchcalculator.com,/convert/month-to-minute/,http://www.inchcalculator.com/convert/month-to-minute/,Months to Minutes Converter (mo to min),5524,0
rapidtables.com,/convert/length/mm-to-inch.html?x=14,http://www.rapidtables.com/convert/length/mm-to-inch.html?x=14,14 mm to inches conversion,5523,0
widgetly.co,/convert/fahrenheit/69-fahrenheit-to-celsius,http://www.widgetly.co/convert/fahrenheit/69-fahrenheit-to-celsius,69°F to Celsius — What is 69 Fahrenheit in °C?,5509,0
omnicalculator.com,/construction/sand,http://www.omnicalculator.com/construction/sand,Sand Calculator,5504,81
omnicalculator.com,/sports/stride-length,http://www.omnicalculator.com/sports/stride-length,Stride Length Calculator,5474,38
rapidtables.com,/calc/electric/Joule_to_Watt_Calculator.html,http://www.rapidtables.com/calc/electric/Joule_to_Watt_Calculator.html,Joules to watts (W) conversion calculator,5474,102
inchcalculator.com,/convert/month-to-year/?months=24,http://www.inchcalculator.com/convert/month-to-year/?months=24,How Many Years is 24 Months?,5466,0
inchcalculator.com,/convert/kilogram-to-milliliter/,http://www.inchcalculator.com/convert/kilogram-to-milliliter/,Kilograms to Milliliters Converter - (kg to mL),5449,25
omnicalculator.com,/conversion/cubic-feet-to-pounds,http://www.omnicalculator.com/conversion/cubic-feet-to-pounds,Cubic Feet to Pounds Calculator,5448,5
omnicalculator.com,/pt/conversao/calculadora-quilometros-para-milhas,http://www.omnicalculator.com/pt/conversao/calculadora-quilometros-para-milhas,Calculadora de Quilômetros para Milhas,5437,0
gigacalculator.com,/converters/convert-mps-to-mph.php,http://www.gigacalculator.com/converters/convert-mps-to-mph.php,Meters per second to Miles Converter - Convert mps to mph,5425,12
inchcalculator.com,/hours-from/5-hours-from-now/,http://www.inchcalculator.com/hours-from/5-hours-from-now/,What Time Is 5 Hours From Now?,5424,0
omnicalculator.com,/math/rectangular-pyramid-volume,http://www.omnicalculator.com/math/rectangular-pyramid-volume,Rectangular Pyramid Volume Calculator,5418,2
calculator.net,/fraction-calculator.html?c2d1=1.2&ctype=2&x=0&y=0,http://www.calculator.net/fraction-calculator.html?c2d1=1.2&ctype=2&x=0&y=0,Fraction Calculator,5404,66
inchcalculator.com,/height-converter/6ft-9in/,http://www.inchcalculator.com/height-converter/6ft-9in/,"What is 6' 9"" in Centimeters?",5400,1
inchcalculator.com,/countdown-timer/how-long-until-2-10-pm/,http://www.inchcalculator.com/countdown-timer/how-long-until-2-10-pm/,How Long Until 2:10 PM? - Countdown Calculators,5399,0
calculator.net,/bond-calculator.html,http://www.calculator.net/bond-calculator.html,Bond Calculator,5380,20
omnicalculator.com,/math/height-of-cylinder,http://www.omnicalculator.com/math/height-of-cylinder,Height of a Cylinder Calculator,5375,9
omnicalculator.com,/everyday-life/linear-inches,http://www.omnicalculator.com/everyday-life/linear-inches,Linear Inches Calculator,5353,9
calculatorsoup.com,/calculators/geometry-solids/conicalfrustum.php,http://www.calculatorsoup.com/calculators/geometry-solids/conicalfrustum.php,Conical Frustum Calculator,5353,74
omnicalculator.com,/conversion/celsius-to-fahrenheit,http://www.omnicalculator.com/conversion/celsius-to-fahrenheit,Celsius to Fahrenheit Converter,5329,42
omnicalculator.com,/math/decimal-to-fraction,http://www.omnicalculator.com/math/decimal-to-fraction,Decimal to Fraction Calculator,5312,33
rapidtables.com,/convert/length/inch-to-mm.html?x=5,http://www.rapidtables.com/convert/length/inch-to-mm.html?x=5,5 inches to mm conversion,5311,0
rapidtables.com,/convert/length/meter-to-mile.html?x=3000,http://www.rapidtables.com/convert/length/meter-to-mile.html?x=3000,3000 meters to miles conversion,5306,0
omnicalculator.com,/conversion/fluid-ounces-to-pounds-conversion,http://www.omnicalculator.com/conversion/fluid-ounces-to-pounds-conversion,Fluid Ounces to Pounds Conversion,5303,3
calculatorsoup.com,/calculators/math/factors/72/,http://www.calculatorsoup.com/calculators/math/factors/72/,Factors of 72 | Factorization Calculator,5296,0
omnicalculator.com,/conversion/minutes-to-years-conversion,http://www.omnicalculator.com/conversion/minutes-to-years-conversion,Minutes to Years Conversion,5286,6
omnicalculator.com,/finance/biweekly-pay,http://www.omnicalculator.com/finance/biweekly-pay,Biweekly Pay Calculator,5285,79
omnicalculator.com,/everyday-life/pool-salt,http://www.omnicalculator.com/everyday-life/pool-salt,Pool Salt Calculator,5250,24
omnicalculator.com,/everyday-life/countdown,http://www.omnicalculator.com/everyday-life/countdown,Countdown Calculator,5246,7
inchcalculator.com,/plywood-calculator/,http://www.inchcalculator.com/plywood-calculator/,Plywood Calculator - Estimate Sheets of Plywood,5241,78
calculatorsoup.com,/calculators/statistics/stemleaf.php,http://www.calculatorsoup.com/calculators/statistics/stemleaf.php,Stem and Leaf Plot Generator,5230,119
omnicalculator.com,/conversion/kelvin-to-fahrenheit,http://www.omnicalculator.com/conversion/kelvin-to-fahrenheit,Kelvin to Fahrenheit Converter,5222,4
omnicalculator.com,/finance/cross-price-elasticity,http://www.omnicalculator.com/finance/cross-price-elasticity,Cross Price Elasticity Calculator,5221,19
omnicalculator.com,/math/cuboid-volume,http://www.omnicalculator.com/math/cuboid-volume,Cuboid Volume Calculator,5216,4
omnicalculator.com,/math/trigonometry,http://www.omnicalculator.com/math/trigonometry,Trigonometry Calculator,5214,294
omnicalculator.com,/everyday-life/money-weight,http://www.omnicalculator.com/everyday-life/money-weight,Money Weight Calculator,5213,225
calculatorsoup.com,/calculators/math/math-equation-solver.php,http://www.calculatorsoup.com/calculators/math/math-equation-solver.php,Math Equation Solver | Order of Operations,5213,324
rapidtables.com,/convert/power/watt-to-hp.html,http://www.rapidtables.com/convert/power/watt-to-hp.html,Watts to horsepower (hp) conversion calculator,5213,104
inchcalculator.com,/hours-from/18-hours-from-now/,http://www.inchcalculator.com/hours-from/18-hours-from-now/,What Time Is 18 Hours From Now?,5204,0
inchcalculator.com,/convert/fluid-ounce-to-cup/?oz=24,http://www.inchcalculator.com/convert/fluid-ounce-to-cup/?oz=24,How Many Cups Are In 24 Fluid Ounces? (24 oz to cups),5196,1
inchcalculator.com,/height-converter/4ft-7in-to-inches/,http://www.inchcalculator.com/height-converter/4ft-7in-to-inches/,"What is 4' 7"" in Inches?",5195,0
calculatorsoup.com,/calculators/algebra/foil-calculator.php,http://www.calculatorsoup.com/calculators/algebra/foil-calculator.php,FOIL Method Calculator,5187,2
inchcalculator.com,/convert/tablespoon-butter-to-ounce-butter/,http://www.inchcalculator.com/convert/tablespoon-butter-to-ounce-butter/,Tablespoons of Butter to Ounces Converter (tbsp to oz),5183,12
inchcalculator.com,/convert/calorie-to-kilocalorie/,http://www.inchcalculator.com/convert/calorie-to-kilocalorie/,Calories to Kilocalories Converter (cal to kcal),5177,4
inchcalculator.com,/convert/pound-butter-to-stick-butter/,http://www.inchcalculator.com/convert/pound-butter-to-stick-butter/,Pounds to Sticks of Butter Converter,5169,3
omnicalculator.com,/finance/lottery-annuity,http://www.omnicalculator.com/finance/lottery-annuity,Lottery Annuity Calculator,5168,69
calculatorsoup.com,/calculators/construction/index.php,http://www.calculatorsoup.com/calculators/construction/index.php,Construction Calculators,5167,88
widgetly.co,/convert/celsius/19-celsius-to-fahrenheit,http://www.widgetly.co/convert/celsius/19-celsius-to-fahrenheit,19°C to Fahrenheit — What is 19 Celsius in °F?,5165,0
rapidtables.com,/calc/math/hex-calculator.html,http://www.rapidtables.com/calc/math/hex-calculator.html,Hex Calculator,5160,1
inchcalculator.com,/months-from/18-months-ago-from-today/,http://www.inchcalculator.com/months-from/18-months-ago-from-today/,What Date Is 18 Months Ago?,5157,22
omnicalculator.com,/math/surface-area,http://www.omnicalculator.com/math/surface-area,Surface Area Calculator,5153,51
omnicalculator.com,/conversion/mm-to-foot-converter,http://www.omnicalculator.com/conversion/mm-to-foot-converter,mm to Foot Converter,5152,5
inchcalculator.com,/days-from/7-days-from-today/,http://www.inchcalculator.com/days-from/7-days-from-today/,What Date Is 7 Days From Today?,5147,3
calculatorsoup.com,/calculators/conversions/height-cm-to-in-and-ft.php,http://www.calculatorsoup.com/calculators/conversions/height-cm-to-in-and-ft.php,Height Converter cm to in and ft,5142,53
inchcalculator.com,/how-many-days-until-my-birthday/,http://www.inchcalculator.com/how-many-days-until-my-birthday/,How Many Days Until Your Birthday?,5141,28
inchcalculator.com,/convert/tablespoon-flour-to-gram-flour/,http://www.inchcalculator.com/convert/tablespoon-flour-to-gram-flour/,Tablespoons of Flour to Grams Converter (tbsp to g),5135,13
inchcalculator.com,/convert/day-to-hour/,http://www.inchcalculator.com/convert/day-to-hour/,Days to Hours Converter (d to hr),5134,11
inchcalculator.com,/weeks-from/10-weeks-from-today/,http://www.inchcalculator.com/weeks-from/10-weeks-from-today/,What Date Is 10 Weeks From Today?,5127,1
thecalculatorsite.com,/cooking/grams-ounces.php,http://www.thecalculatorsite.com/cooking/grams-ounces.php,Grams to Ounces Converter,5124,71
inchcalculator.com,/hours-from/16-hours-from-now/,http://www.inchcalculator.com/hours-from/16-hours-from-now/,What Time Is 16 Hours From Now?,5119,2
omnicalculator.com,/es/conversion/convertidor-de-ml-a-oz,http://www.omnicalculator.com/es/conversion/convertidor-de-ml-a-oz,Convertidor de ml a oz,5107,1
rapidtables.com,/math/symbols/roman-numerals-1-100.html,http://www.rapidtables.com/math/symbols/roman-numerals-1-100.html,Roman Numerals 1-100 Chart,5081,134
calculator.net,/fraction-calculator.html?c2d1=7.2&ctype=2&x=0&y=0,http://www.calculator.net/fraction-calculator.html?c2d1=7.2&ctype=2&x=0&y=0,Fraction Calculator,5068,111
inchcalculator.com,/linear-feet-to-square-feet-calculator/,http://www.inchcalculator.com/linear-feet-to-square-feet-calculator/,Linear Feet to Square Feet Calculator,5066,76
omnicalculator.com,/math/greater-less,http://www.omnicalculator.com/math/greater-less,Greater Than Or Less Than Calculator,5065,22
inchcalculator.com,/days-from/65-days-from-today/,http://www.inchcalculator.com/days-from/65-days-from-today/,What Date Is 65 Days From Today?,5063,1
inchcalculator.com,/convert/mile-to-yard/,http://www.inchcalculator.com/convert/mile-to-yard/,Miles to Yards Converter (mi to yd),5009,14
inchcalculator.com,/convert/milliliter-to-pound/,http://www.inchcalculator.com/convert/milliliter-to-pound/,Milliliters to Pounds Converter - (mL to lb),5008,8
gigacalculator.com,/randomizers/random-date-generator.php,http://www.gigacalculator.com/randomizers/random-date-generator.php,Random Date Generator 📅 - Pick a Date at Random,5003,62
inchcalculator.com,/convert/meter-to-yard/,http://www.inchcalculator.com/convert/meter-to-yard/,Meters to Yards Converter (m to yd),4996,14
inchcalculator.com,/convert/ampere-to-milliampere/,http://www.inchcalculator.com/convert/ampere-to-milliampere/,Amperes to Milliamperes Converter (A to mA),4979,6
omnicalculator.com,/health/iq-percentile,http://www.omnicalculator.com/health/iq-percentile,IQ Percentile Calculator,4978,218
calculatorsoup.com,/calculators/math/long-subtraction-with-regrouping-calculator.php,http://www.calculatorsoup.com/calculators/math/long-subtraction-with-regrouping-calculator.php,Long Subtraction Calculator with Regrouping,4976,77
inchcalculator.com,/convert/from-gram/,http://www.inchcalculator.com/convert/from-gram/,Gram (g) Weight Conversion Calculator,4972,4
omnicalculator.com,/conversion/liters-to-cl,http://www.omnicalculator.com/conversion/liters-to-cl,Liters to Centiliters Converter,4967,3
calculator.net,/irr-calculator.html,http://www.calculator.net/irr-calculator.html,Internal Rate of Return (IRR) Calculator,4959,113
inchcalculator.com,/convert/from-ounce/,http://www.inchcalculator.com/convert/from-ounce/,Ounce (oz) Weight Conversion Calculator,4954,2
gigacalculator.com,/converters/convert-kilometers-to-nautical-miles.php,http://www.gigacalculator.com/converters/convert-kilometers-to-nautical-miles.php,Kilometers to Nautical Miles Converter,4942,11
omnicalculator.com,/sports/batting-average,http://www.omnicalculator.com/sports/batting-average,Batting Average Calculator,4939,25
inchcalculator.com,/unit-price-calculator/,http://www.inchcalculator.com/unit-price-calculator/,Unit Price Calculator,4937,59
gigacalculator.com,/converters/convert-cm-to-mm-centimeters-to-millimeters.php,http://www.gigacalculator.com/converters/convert-cm-to-mm-centimeters-to-millimeters.php,Centimeters to Millimeters Converter - Convert cm to mm,4920,10
inchcalculator.com,/convert/cubic-centimeter-to-cubic-meter/,http://www.inchcalculator.com/convert/cubic-centimeter-to-cubic-meter/,Cubic Centimeters to Cubic Meters Converter (cm³ to m³),4896,5
inchcalculator.com,/acreage-calculator/,http://www.inchcalculator.com/acreage-calculator/,Acreage Calculator - Find Acres Using a Map or Land ...,4888,350
rapidtables.com,/convert/length/cm-to-feet.html?x=162,http://www.rapidtables.com/convert/length/cm-to-feet.html?x=162,162 cm to feet conversion,4882,3
rapidtables.com,/convert/weight/pound-to-kg.html?x=206,http://www.rapidtables.com/convert/weight/pound-to-kg.html?x=206,206 lbs to kg conversion,4866,0
inchcalculator.com,/hours-from/13-hours-from-now/,http://www.inchcalculator.com/hours-from/13-hours-from-now/,What Time Is 13 Hours From Now?,4863,0
rapidtables.com,/convert/number/degrees-minutes-seconds-to-degrees.html,http://www.rapidtables.com/convert/number/degrees-minutes-seconds-to-degrees.html,"Degrees,minutes,seconds to decimal degrees converter",4861,249
inchcalculator.com,/convert/pound-to-kilogram/?lb=210,http://www.inchcalculator.com/convert/pound-to-kilogram/?lb=210,How many kilograms are in 210 pounds? - Weight,4860,0
gigacalculator.com,/converters/convert-yd-to-m-yards-to-miles.php,http://www.gigacalculator.com/converters/convert-yd-to-m-yards-to-miles.php,Yards to Miles Converter - yd,4856,24
inchcalculator.com,/days-from/55-days-from-today/,http://www.inchcalculator.com/days-from/55-days-from-today/,What Date Is 55 Days From Today?,4848,0
omnicalculator.com,/physics/normal-force,http://www.omnicalculator.com/physics/normal-force,Normal Force Calculator,4839,66
omnicalculator.com,/math/surface-area-of-square-pyramid,http://www.omnicalculator.com/math/surface-area-of-square-pyramid,Surface Area of a Square Pyramid Calculator,4838,11
thecalculatorsite.com,/conversions/area.php,http://www.thecalculatorsite.com/conversions/area.php,Area Converter,4807,119
omnicalculator.com,/math/round-to-the-nearest-thousand,http://www.omnicalculator.com/math/round-to-the-nearest-thousand,Round to the Nearest Thousand Calculator,4790,50
inchcalculator.com,/subtract-times-calculator/,http://www.inchcalculator.com/subtract-times-calculator/,Subtract Times Calculator,4789,6
calculatorsoup.com,/calculators/financial/effective-interest-rate-calculator.php,http://www.calculatorsoup.com/calculators/financial/effective-interest-rate-calculator.php,Effective Interest Rate Calculator,4785,132
rapidtables.com,/convert/length/feet-to-mile.html?x=1000,http://www.rapidtables.com/convert/length/feet-to-mile.html?x=1000,1000 feet to miles conversion,4783,0
inchcalculator.com,/weeks-from/12-weeks-ago-from-today/,http://www.inchcalculator.com/weeks-from/12-weeks-ago-from-today/,What Date Is 12 Weeks Ago From Today?,4780,0
rapidtables.com,/convert/power/kW_to_Watt.html,http://www.rapidtables.com/convert/power/kW_to_Watt.html,Kilowatts to watts (W) conversion calculator,4767,58
widgetly.co,/convert/fahrenheit/230-fahrenheit-to-celsius,http://www.widgetly.co/convert/fahrenheit/230-fahrenheit-to-celsius,230°F to Celsius — What is 230 Fahrenheit in °C?,4765,0
rapidtables.com,/convert/length/mm-to-inch.html?x=7,http://www.rapidtables.com/convert/length/mm-to-inch.html?x=7,7 mm to inches conversion,4757,3
inchcalculator.com,/convert/kilogram-to-cup/,http://www.inchcalculator.com/convert/kilogram-to-cup/,Kilograms to Cups Converter - (kg to c),4746,10
inchcalculator.com,/wh-to-ah-calculator/,http://www.inchcalculator.com/wh-to-ah-calculator/,Watt-Hours (Wh) to Amp-Hours (Ah) Conversion Calculator,4746,8
omnicalculator.com,/everyday-life/dress-size,http://www.omnicalculator.com/everyday-life/dress-size,Dress Size Calculator,4743,253
widgetly.co,/convert/28-cm-to-inches,http://www.widgetly.co/convert/28-cm-to-inches,How Many Inches is 28 cm? - Convert,4733,0
omnicalculator.com,/math/ratio-of-3-numbers,http://www.omnicalculator.com/math/ratio-of-3-numbers,Ratio of 3 Numbers Calculator,4722,9
calculator.net,/fraction-calculator.html?c2d1=1.4&ctype=2&x=0&y=0,http://www.calculator.net/fraction-calculator.html?c2d1=1.4&ctype=2&x=0&y=0,Fraction Calculator,4720,1
omnicalculator.com,/physics/force,http://www.omnicalculator.com/physics/force,Force Calculator,4720,75
inchcalculator.com,/convert/cup-to-teaspoon/?cups=2/3,http://www.inchcalculator.com/convert/cup-to-teaspoon/?cups=2/3,How Many Teaspoons Are In 2/3 Cup?,4713,0
omnicalculator.com,/chemistry/ph,http://www.omnicalculator.com/chemistry/ph,pH Calculator,4712,136
omnicalculator.com,/math/percent-time,http://www.omnicalculator.com/math/percent-time,Time Percentage Calculator,4707,4
widgetly.co,/convert/17-cm-to-inches,http://www.widgetly.co/convert/17-cm-to-inches,How Many Inches is 17 cm? - Convert,4706,0
omnicalculator.com,/finance/gdp-per-capita,http://www.omnicalculator.com/finance/gdp-per-capita,GDP per Capita Calculator,4698,41
inchcalculator.com,/countdown-timer/how-long-until-9-30-am/,http://www.inchcalculator.com/countdown-timer/how-long-until-9-30-am/,How Long Until 9:30 AM?,4693,0
calculator.net,/tax-calculator.html,http://www.calculator.net/tax-calculator.html,Income Tax Calculator,4679,506
inchcalculator.com,/countdown-timer/how-long-until-3-25-pm/,http://www.inchcalculator.com/countdown-timer/how-long-until-3-25-pm/,How Long Until 3:25 PM? - Countdown Calculators,4677,1
thecalculatorsite.com,/conversions/common/mm-inches.php,http://www.thecalculatorsite.com/conversions/common/mm-inches.php,Millimeters to Inches Conversion,4677,112
omnicalculator.com,/finance/gdp-growth,http://www.omnicalculator.com/finance/gdp-growth,GDP Growth Rate Calculator,4656,31
omnicalculator.com,/math/radius-of-cylinder,http://www.omnicalculator.com/math/radius-of-cylinder,Radius of a Cylinder Calculator,4651,7
omnicalculator.com,/everyday-life/fuel-consumption,http://www.omnicalculator.com/everyday-life/fuel-consumption,Fuel Consumption Calculator,4633,36
omnicalculator.com,/statistics/p-value,http://www.omnicalculator.com/statistics/p-value,p-value Calculator,4631,202
omnicalculator.com,/health/body-shape,http://www.omnicalculator.com/health/body-shape,Body Shape Calculator | Find Your Body Type,4606,325
inchcalculator.com,/fraction-to-decimal-calculator/,http://www.inchcalculator.com/fraction-to-decimal-calculator/,Fraction to Decimal Calculator,4605,61
rapidtables.com,/convert/frequency/hz-to-rad-s.html,http://www.rapidtables.com/convert/frequency/hz-to-rad-s.html,Hertz (Hz) to rad/sec conversion calculator,4596,30
calculatorsoup.com,/calculators/math/diamond-problem-solver.php,http://www.calculatorsoup.com/calculators/math/diamond-problem-solver.php,Diamond Problem Solver,4586,17
rapidtables.com,/convert/energy/Joule_to_kWh.html,http://www.rapidtables.com/convert/energy/Joule_to_kWh.html,Joules to kWh conversion calculator,4572,64
omnicalculator.com,/statistics/pie-chart,http://www.omnicalculator.com/statistics/pie-chart,Pie Chart Calculator,4556,21
omnicalculator.com,/math/triangle-30-60-90,http://www.omnicalculator.com/math/triangle-30-60-90,30 60 90 Triangle Calculator | Formulas | Rules,4553,72
gigacalculator.com,/converters/convert-miles-to-kilometers.php,http://www.gigacalculator.com/converters/convert-miles-to-kilometers.php,Miles to Kilometers Converter - km,4553,10
inchcalculator.com,/convert/cubic-meter-to-cubic-foot/,http://www.inchcalculator.com/convert/cubic-meter-to-cubic-foot/,Cubic Meters to Cubic Feet Converter (m³ to ft³),4547,5
rapidtables.com,/web/color/red-color.html,http://www.rapidtables.com/web/color/red-color.html,Red color code - HTML RGB red color,4534,135
thecalculatorsite.com,/conversions/velocity/kph-mph.php,http://www.thecalculatorsite.com/conversions/velocity/kph-mph.php,Kilometers Per Hour and Miles Per Hour Converter,4534,20
rapidtables.com,/convert/length/height-converter.html,http://www.rapidtables.com/convert/length/height-converter.html,"Height Converter | Convert cm, feet & inches",4533,223
inchcalculator.com,/convert/cup-to-gram/,http://www.inchcalculator.com/convert/cup-to-gram/,Cups to Grams Converter - (c to g),4523,21
omnicalculator.com,/finance/commission,http://www.omnicalculator.com/finance/commission,Commission Calculator,4519,486
inchcalculator.com,/height-converter/4ft-4in/,http://www.inchcalculator.com/height-converter/4ft-4in/,"What is 4' 4"" in Centimeters?",4506,1
inchcalculator.com,/hours-from/17-hours-from-now/,http://www.inchcalculator.com/hours-from/17-hours-from-now/,What Time Is 17 Hours From Now?,4505,0
omnicalculator.com,/conversion/fuel-economy-converter,http://www.omnicalculator.com/conversion/fuel-economy-converter,MPG to L/100 km Converter,4492,41
inchcalculator.com,/convert/pound-to-milligram/,http://www.inchcalculator.com/convert/pound-to-milligram/,Pounds to Milligrams Converter (lb to mg),4484,2
omnicalculator.com,/conversion/tsp-to-grams,http://www.omnicalculator.com/conversion/tsp-to-grams,tsp to grams Converter,4471,8
omnicalculator.com,/math/isosceles-triangle,http://www.omnicalculator.com/math/isosceles-triangle,Isosceles Triangle Calculator,4456,124
inchcalculator.com,/days-from/5-days-ago-from-today/,http://www.inchcalculator.com/days-from/5-days-ago-from-today/,What Date Is 5 Days Ago From Today?,4455,1
widgetly.co,/convert/13-cm-to-inches,http://www.widgetly.co/convert/13-cm-to-inches,How Many Inches is 13 cm? - Convert,4452,0
omnicalculator.com,/math/circle-length,http://www.omnicalculator.com/math/circle-length,Circle Length Calculator,4450,3
inchcalculator.com,/countdown-timer/how-long-until-2-35-pm/,http://www.inchcalculator.com/countdown-timer/how-long-until-2-35-pm/,How Long Until 2:35 PM? - Countdown Calculators,4442,0
omnicalculator.com,/math/height-of-cone,http://www.omnicalculator.com/math/height-of-cone,Height of a Cone Calculator,4433,3
inchcalculator.com,/convert/kbps-to-gbps/,http://www.inchcalculator.com/convert/kbps-to-gbps/,kbps to Gbps Converter,4422,0
omnicalculator.com,/conversion/psi-to-atm-conversion,http://www.omnicalculator.com/conversion/psi-to-atm-conversion,psi to atm Conversion,4413,4
omnicalculator.com,/math/triangle-slope,http://www.omnicalculator.com/math/triangle-slope,Triangle Slope Calculator,4411,4
inchcalculator.com,/convert/pound-to-kilogram/?lb=275,http://www.inchcalculator.com/convert/pound-to-kilogram/?lb=275,How many kilograms are in 275 pounds?,4404,0
omnicalculator.com,/math/simplify-fractions,http://www.omnicalculator.com/math/simplify-fractions,Simplify Fractions Calculator,4400,57
omnicalculator.com,/everyday-life/price-per-ounce,http://www.omnicalculator.com/everyday-life/price-per-ounce,Price per Ounce Calculator,4398,8
omnicalculator.com,/statistics/degrees-of-freedom,http://www.omnicalculator.com/statistics/degrees-of-freedom,Degrees of Freedom Calculator,4391,55
calculatorsoup.com,/calculators/statistics/final-grade-calculator.php,http://www.calculatorsoup.com/calculators/statistics/final-grade-calculator.php,Final Grade Calculator,4391,128
calculatorsoup.com,/calculators/math/factors/28/,http://www.calculatorsoup.com/calculators/math/factors/28/,Factors of 28 | Factorization Calculator,4380,0
omnicalculator.com,/health/mmol-l-to-mg-dl,http://www.omnicalculator.com/health/mmol-l-to-mg-dl,mmol/L to mg/dL Calculator,4376,38
omnicalculator.com,/other/rain-to-snow,http://www.omnicalculator.com/other/rain-to-snow,Rain to Snow Calculator,4361,38
omnicalculator.com,/construction/square-footage,http://www.omnicalculator.com/construction/square-footage,Square Footage Calculator,4361,291
omnicalculator.com,/conversion/bar-to-psi-conversion,http://www.omnicalculator.com/conversion/bar-to-psi-conversion,bar to psi Conversion,4349,6
calculator.net,/retirement-calculator.html,http://www.calculator.net/retirement-calculator.html,Retirement Calculator,4341,722
omnicalculator.com,/physics/work-and-power,http://www.omnicalculator.com/physics/work-and-power,Work and Power Calculator,4333,44
omnicalculator.com,/math/fraction-to-decimal,http://www.omnicalculator.com/math/fraction-to-decimal,Fraction To Decimal Converter,4332,15
inchcalculator.com,/height-converter/6ft-10in/,http://www.inchcalculator.com/height-converter/6ft-10in/,"What is 6' 10"" in Centimeters?",4331,0
omnicalculator.com,/finance/percentage-return,http://www.omnicalculator.com/finance/percentage-return,Percentage Return Calculator,4326,8
inchcalculator.com,/countdown-timer/how-long-until-5-30-am/,http://www.inchcalculator.com/countdown-timer/how-long-until-5-30-am/,How Long Until 5:30 AM?,4326,0
omnicalculator.com,/math/doubling-time,http://www.omnicalculator.com/math/doubling-time,Doubling Time Calculator | Formula,4321,29
inchcalculator.com,/convert/liter-to-ounce/,http://www.inchcalculator.com/convert/liter-to-ounce/,Liters to Ounces Converter - (L to oz),4317,14
omnicalculator.com,/math/orthocenter,http://www.omnicalculator.com/math/orthocenter,Orthocenter Calculator,4305,20
rapidtables.com,/convert/length/cm-to-feet.html?x=145,http://www.rapidtables.com/convert/length/cm-to-feet.html?x=145,145 cm to feet conversion,4302,0
rapidtables.com,/convert/weight/kg-to-pound.html?x=1500,http://www.rapidtables.com/convert/weight/kg-to-pound.html?x=1500,1500 kg to lbs conversion,4300,0
calculatorsoup.com,/calculators/games/lottery-number-generator.php,http://www.calculatorsoup.com/calculators/games/lottery-number-generator.php,Lottery Number Generator,4295,301
calculatorsoup.com,/calculators/financial/discount-calculator.php,http://www.calculatorsoup.com/calculators/financial/discount-calculator.php,Discount Calculator,4288,288
inchcalculator.com,/countdown-timer/how-long-until-2-55-pm/,http://www.inchcalculator.com/countdown-timer/how-long-until-2-55-pm/,How Long Until 2:55 PM? - Countdown Calculators,4284,2
calculator.net,/fraction-calculator.html?c2d1=0.8&ctype=2&x=0&y=0,http://www.calculator.net/fraction-calculator.html?c2d1=0.8&ctype=2&x=0&y=0,Fraction Calculator,4277,32
thecalculatorsite.com,/finance/pay/25-dollars-per-hour.php,http://www.thecalculatorsite.com/finance/pay/25-dollars-per-hour.php,Convert $25 an Hour to Yearly and Monthly Salary,4273,137
calculator.net,/number-sequence-calculator.html,http://www.calculator.net/number-sequence-calculator.html,Number Sequence Calculator,4262,134
inchcalculator.com,/days-from/100-days-ago-from-today/,http://www.inchcalculator.com/days-from/100-days-ago-from-today/,What Date Is 100 Days Ago From Today?,4259,7
omnicalculator.com,/math/width-of-a-rectangle,http://www.omnicalculator.com/math/width-of-a-rectangle,Width of a Rectangle Calculator,4258,32
omnicalculator.com,/physics/photon-energy,http://www.omnicalculator.com/physics/photon-energy,Photon Energy Calculator,4255,83
omnicalculator.com,/physics/water-density,http://www.omnicalculator.com/physics/water-density,Water Density Calculator,4254,34
omnicalculator.com,/everyday-life/microwave-wattage,http://www.omnicalculator.com/everyday-life/microwave-wattage,Microwave Wattage Converter,4250,16
inchcalculator.com,/convert/milliliter-to-cup/,http://www.inchcalculator.com/convert/milliliter-to-cup/,Milliliters to Cups Converter (mL to c),4242,30
omnicalculator.com,/math/polar-to-rectangular,http://www.omnicalculator.com/math/polar-to-rectangular,Polar to Rectangular Coordinates Calculator,4241,1
inchcalculator.com,/convert/volt-to-millivolt/,http://www.inchcalculator.com/convert/volt-to-millivolt/,Volts to Millivolts Converter (V to mV),4241,2
omnicalculator.com,/physics/earth-curvature,http://www.omnicalculator.com/physics/earth-curvature,Earth Curvature Calculator,4240,152
gigacalculator.com,/converters/convert-gb-to-mb.php,http://www.gigacalculator.com/converters/convert-gb-to-mb.php,GB to MB Converter - Convert GigaBytes to MegaBytes,4239,53
omnicalculator.com,/math/dimensions-of-a-rectangle,http://www.omnicalculator.com/math/dimensions-of-a-rectangle,Dimensions Of A Rectangle Calculator,4230,21
inchcalculator.com,/convert/meter-to-micrometer/,http://www.inchcalculator.com/convert/meter-to-micrometer/,Meters to Micrometers Converter (m to µm),4221,24
widgetly.co,/convert/celsius/73-celsius-to-fahrenheit,http://www.widgetly.co/convert/celsius/73-celsius-to-fahrenheit,73°C to Fahrenheit — What is 73 Celsius in °F?,4221,0
inchcalculator.com,/convert/kilogram-to-pound/?kg=25,http://www.inchcalculator.com/convert/kilogram-to-pound/?kg=25,25 kg to lbs - How Many Pounds Are in 25 Kilograms?,4213,1
calculatorsoup.com,/calculators/geometry-plane/trapezoid.php,http://www.calculatorsoup.com/calculators/geometry-plane/trapezoid.php,Trapezoid Calculator,4205,2
inchcalculator.com,/convert/cubic-inch-to-fluid-ounce/,http://www.inchcalculator.com/convert/cubic-inch-to-fluid-ounce/,Cubic Inches to Fluid Ounces Converter (in³ to fl oz),4203,4
inchcalculator.com,/hours-from/72-hours-from-now/,http://www.inchcalculator.com/hours-from/72-hours-from-now/,What Time Is 72 Hours From Now?,4194,0
rapidtables.com,/code/text/ascii-table.html,http://www.rapidtables.com/code/text/ascii-table.html,"ASCII Table - ASCII codes, hex, decimal, binary, html",4190,503
calculatorsoup.com,/calculators/games/odds.php,http://www.calculatorsoup.com/calculators/games/odds.php,Odds Probability Calculator,4184,534
inchcalculator.com,/watts-to-volts-calculator/,http://www.inchcalculator.com/watts-to-volts-calculator/,Watts to Volts Conversion Calculator,4183,76
omnicalculator.com,/math/slant-height,http://www.omnicalculator.com/math/slant-height,Slant Height Calculator,4181,6
omnicalculator.com,/statistics/standard-error,http://www.omnicalculator.com/statistics/standard-error,Standard Error Calculator | SEM Calculator,4159,7
inchcalculator.com,/convert/cup-to-fluid-ounce/?cups=4,http://www.inchcalculator.com/convert/cup-to-fluid-ounce/?cups=4,How Many Fluid Ounces Are In 4 Cups?,4158,1
omnicalculator.com,/food/uncooked-to-cooked-rice,http://www.omnicalculator.com/food/uncooked-to-cooked-rice,Uncooked to Cooked Rice Calculator,4153,17
gigacalculator.com,/converters/convert-mbps-to-mb.php,http://www.gigacalculator.com/converters/convert-mbps-to-mb.php,Mbps to MB/s Converter - Convert MegaBits per Second to ...,4123,73
calculator.net,/annuity-calculator.html,http://www.calculator.net/annuity-calculator.html,Annuity Calculator,4115,226
omnicalculator.com,/health/maintenance-calorie,http://www.omnicalculator.com/health/maintenance-calorie,Maintenance Calorie Calculator,4100,178
omnicalculator.com,/other/grade-curve,http://www.omnicalculator.com/other/grade-curve,Grade Curve Calculator,4085,1
inchcalculator.com,/convert/cubic-inch-to-quart/,http://www.inchcalculator.com/convert/cubic-inch-to-quart/,Cubic Inches to Quarts Converter (in³ to qt),4082,3
inchcalculator.com,/countdown-timer/how-long-until-7-30-pm/,http://www.inchcalculator.com/countdown-timer/how-long-until-7-30-pm/,How Long Until 7:30 PM?,4080,0
omnicalculator.com,/math/trapezoid-height,http://www.omnicalculator.com/math/trapezoid-height,Trapezoid Height Calculator,4078,9
inchcalculator.com,/convert/cubic-inch-to-gallon/,http://www.inchcalculator.com/convert/cubic-inch-to-gallon/,Cubic Inches to Gallons Converter (in³ to gal),4078,14
omnicalculator.com,/es/conversion/calculadora-de-horas-a-dias,http://www.omnicalculator.com/es/conversion/calculadora-de-horas-a-dias,Cálculo de horas a días,4068,2
omnicalculator.com,/everyday-life/minute,http://www.omnicalculator.com/everyday-life/minute,Minute Calculator,4059,22
rapidtables.com,/convert/length/cm-to-feet.html?x=185,http://www.rapidtables.com/convert/length/cm-to-feet.html?x=185,185 cm to feet conversion,4056,2
inchcalculator.com,/hours-from/23-hours-ago/,http://www.inchcalculator.com/hours-from/23-hours-ago/,What Time Was It 23 Hours Ago?,4042,0
omnicalculator.com,/chemistry/mass-percent,http://www.omnicalculator.com/chemistry/mass-percent,Mass Percent Calculator,4041,9
inchcalculator.com,/convert/teaspoon-salt-to-gram-salt/,http://www.inchcalculator.com/convert/teaspoon-salt-to-gram-salt/,Teaspoons of Salt to Grams Converter (tsp to g),4036,28
inchcalculator.com,/weeks-from/2-weeks-ago-from-today/,http://www.inchcalculator.com/weeks-from/2-weeks-ago-from-today/,What Date Is 2 Weeks Ago From Today?,4032,0
calculatorsoup.com,/calculators/conversions/speed.php,http://www.calculatorsoup.com/calculators/conversions/speed.php,Speed Conversion Calculator,4029,105
inchcalculator.com,/sae-to-metric-calculator/?sae=11/16,http://www.inchcalculator.com/sae-to-metric-calculator/?sae=11/16,"11/16"" to mm - SAE to Metric Calculator",4025,1
rapidtables.com,/convert/temperature/fahrenheit-to-celsius.html?x=77,http://www.rapidtables.com/convert/temperature/fahrenheit-to-celsius.html?x=77,Fahrenheit to Celsius Converter - Temperature,4025,0
omnicalculator.com,/physics/flow-rate,http://www.omnicalculator.com/physics/flow-rate,Flow Rate Calculator,4024,43
omnicalculator.com,/physics/resultant-force,http://www.omnicalculator.com/physics/resultant-force,Net Force Calculator,4020,37
omnicalculator.com,/everyday-life/8-hour-shift,http://www.omnicalculator.com/everyday-life/8-hour-shift,8 Hour Shift Calculator,4020,13
inchcalculator.com,/hours-from/22-hours-from-now/,http://www.inchcalculator.com/hours-from/22-hours-from-now/,What Time Is 22 Hours From Now?,4019,0
widgetly.co,/convert/60-cm-to-inches,http://www.widgetly.co/convert/60-cm-to-inches,How Many Inches is 60 cm? - Convert,4013,0
omnicalculator.com,/math/cylinder-diameter,http://www.omnicalculator.com/math/cylinder-diameter,Diameter of a Cylinder Calculator,4005,3
rapidtables.com,/convert/temperature/rankine-to-fahrenheit.html,http://www.rapidtables.com/convert/temperature/rankine-to-fahrenheit.html,Rankine to Fahrenheit (°R to °F) Conversion,4000,35
rapidtables.com,/convert/length/cm-to-feet.html?x=122,http://www.rapidtables.com/convert/length/cm-to-feet.html?x=122,122 cm to feet conversion,3999,1
inchcalculator.com,/minutes-from/30-minutes-ago/,http://www.inchcalculator.com/minutes-from/30-minutes-ago/,What Time Was It 30 Minutes Ago?,3990,0
rapidtables.com,/convert/length/meter-to-mile.html?x=750,http://www.rapidtables.com/convert/length/meter-to-mile.html?x=750,750 meters to miles conversion,3978,0
omnicalculator.com,/conversion/military-time,http://www.omnicalculator.com/conversion/military-time,Military Time Converter,3964,91
gigacalculator.com,/converters/convert-ft-to-km-feet-to-kilometers.php,http://www.gigacalculator.com/converters/convert-ft-to-km-feet-to-kilometers.php,Feet to Kilometers Converter - Convert ft to km,3961,8
omnicalculator.com,/health/drops-per-minute,http://www.omnicalculator.com/health/drops-per-minute,Drops Per Minute Calculator,3959,86
omnicalculator.com,/physics/ohms-law-resistance,http://www.omnicalculator.com/physics/ohms-law-resistance,Ohm's Law Resistance Calculator,3952,2
rapidtables.com,/convert/length/mm-to-inch.html?x=8,http://www.rapidtables.com/convert/length/mm-to-inch.html?x=8,8 mm to inches conversion,3952,7
rapidtables.com,/convert/length/meter-to-feet.html?x=14,http://www.rapidtables.com/convert/length/meter-to-feet.html?x=14,14 meters to feet - Convert,3928,0
omnicalculator.com,/everyday-life/dilution-ratio,http://www.omnicalculator.com/everyday-life/dilution-ratio,Dilution Ratio Calculator & Chart,3927,122
omnicalculator.com,/everyday-life/price-per-pound,http://www.omnicalculator.com/everyday-life/price-per-pound,Price per Pound Calculator,3918,6
omnicalculator.com,/everyday-life/jeans-size,http://www.omnicalculator.com/everyday-life/jeans-size,Jeans Size Calculator,3913,163
rapidtables.com,/calc/electric/watt-to-kwh-calculator.html,http://www.rapidtables.com/calc/electric/watt-to-kwh-calculator.html,Watts to kWh conversion calculator,3904,176
omnicalculator.com,/conversion/kpa-to-mmhg-conversion,http://www.omnicalculator.com/conversion/kpa-to-mmhg-conversion,kPa to mmHg Conversion,3898,5
rapidtables.com,/convert/length/meter-to-feet.html?x=250,http://www.rapidtables.com/convert/length/meter-to-feet.html?x=250,250 meters to feet - Convert,3890,0
rapidtables.com,/convert/number/base-converter.html,http://www.rapidtables.com/convert/number/base-converter.html,Base Converter | Number conversion,3875,204
widgetly.co,/convert/fahrenheit/86-fahrenheit-to-celsius,http://www.widgetly.co/convert/fahrenheit/86-fahrenheit-to-celsius,86°F to Celsius — What is 86 Fahrenheit in °C?,3870,0
rapidtables.com,/web/color/orange-color.html,http://www.rapidtables.com/web/color/orange-color.html,Orange RGB color code,3867,90
omnicalculator.com,/conversion/decimeter-to-meter,http://www.omnicalculator.com/conversion/decimeter-to-meter,Decimeter to Meter Converter,3849,5
omnicalculator.com,/conversion/gallons-to-grams,http://www.omnicalculator.com/conversion/gallons-to-grams,Gallons to Grams Conversion,3841,5
omnicalculator.com,/everyday-life/elapsed-time,http://www.omnicalculator.com/everyday-life/elapsed-time,Elapsed Time Calculator,3811,5
gigacalculator.com,/converters/convert-ml-to-tsp.php,http://www.gigacalculator.com/converters/convert-ml-to-tsp.php,Milliliters to Teaspoons Converter - Convert ml to tsp,3809,1
widgetly.co,/convert/7-cm-to-inches,http://www.widgetly.co/convert/7-cm-to-inches,How Many Inches is 7 cm? - Convert,3806,0
thecalculatorsite.com,/conversions/height/5ft-10in,http://www.thecalculatorsite.com/conversions/height/5ft-10in,"What is 5' 10"" in Centimeters?",3769,27
omnicalculator.com,/construction/river-rock,http://www.omnicalculator.com/construction/river-rock,River Rock Calculator,3759,89
omnicalculator.com,/other/kd,http://www.omnicalculator.com/other/kd,KD Calculator | Compute Your Kills/Deaths Ratio,3757,69
omnicalculator.com,/statistics/probability,http://www.omnicalculator.com/statistics/probability,Probability Calculator,3754,181
omnicalculator.com,/conversion/feet-to-yards-conversion,http://www.omnicalculator.com/conversion/feet-to-yards-conversion,Feet to Yards Conversion,3751,4
omnicalculator.com,/math/chord-length,http://www.omnicalculator.com/math/chord-length,Chord Length Calculator,3749,4
omnicalculator.com,/math/pentagon,http://www.omnicalculator.com/math/pentagon,Pentagon Calculator,3742,31
gigacalculator.com,/calculators/percent-decrease-calculator.php,http://www.gigacalculator.com/calculators/percent-decrease-calculator.php,Percentage Decrease Calculator,3728,139
rapidtables.com,/convert/weight/kg-to-pound.html?x=2500,http://www.rapidtables.com/convert/weight/kg-to-pound.html?x=2500,2500 kg to lbs conversion,3723,1
rapidtables.com,/convert/number/octal-to-decimal.html,http://www.rapidtables.com/convert/number/octal-to-decimal.html,Octal to Decimal Converter,3717,80
rapidtables.com,/convert/length/meter-to-feet.html?x=75,http://www.rapidtables.com/convert/length/meter-to-feet.html?x=75,75 meters to feet - Convert,3716,0
widgetly.co,/convert/fahrenheit/104-fahrenheit-to-celsius,http://www.widgetly.co/convert/fahrenheit/104-fahrenheit-to-celsius,104°F to Celsius — What is 104 Fahrenheit in °C?,3715,0
omnicalculator.com,/sports/earned-run-average,http://www.omnicalculator.com/sports/earned-run-average,ERA Calculator – Earned Run Average,3710,7
omnicalculator.com,/math/isosceles-triangle-area,http://www.omnicalculator.com/math/isosceles-triangle-area,Isosceles Triangle Area Calculator,3694,4
calculatorsoup.com,/calculators/financial/sale-price-calculator.php,http://www.calculatorsoup.com/calculators/financial/sale-price-calculator.php,Sale Price Calculator,3693,257
thecalculatorsite.com,/conversions/height/5ft-5in,http://www.thecalculatorsite.com/conversions/height/5ft-5in,"What is 5' 5"" in Centimeters?",3671,31
rapidtables.com,/convert/temperature/400-fahrenheit-to-celsius.html,http://www.rapidtables.com/convert/temperature/400-fahrenheit-to-celsius.html,400° Fahrenheit to Celsius conversion,3666,36
omnicalculator.com,/conversion/mil-to-mm-conversion,http://www.omnicalculator.com/conversion/mil-to-mm-conversion,mil to mm Conversion,3665,6
rapidtables.com,/convert/weight/pound-to-kg.html?x=3000,http://www.rapidtables.com/convert/weight/pound-to-kg.html?x=3000,3000 lbs to kg conversion,3663,0
omnicalculator.com,/math/isosceles-trapezoid,http://www.omnicalculator.com/math/isosceles-trapezoid,Isosceles Trapezoid Calculator,3662,7
omnicalculator.com,/everyday-life/number-days,http://www.omnicalculator.com/everyday-life/number-days,Number of Days Calculator,3662,26
rapidtables.com,/calc/math/Arctan_Calculator.html,http://www.rapidtables.com/calc/math/Arctan_Calculator.html,arctan - Inverse tangent calculator,3662,197
omnicalculator.com,/math/general-form-equation-circle,http://www.omnicalculator.com/math/general-form-equation-circle,General Form of the Equation of a Circle Calculator,3637,5
omnicalculator.com,/math/percent-to-goal,http://www.omnicalculator.com/math/percent-to-goal,Percent to Goal Calculator,3634,6
rapidtables.com,/convert/length/feet-inch-to-cm.html?ft=4&inch=11,http://www.rapidtables.com/convert/length/feet-inch-to-cm.html?ft=4&inch=11,4 ft+11 inches to cm conversion,3626,1
rapidtables.com,/convert/charge/coulomb-to-microcoulomb.html,http://www.rapidtables.com/convert/charge/coulomb-to-microcoulomb.html,Coulombs (C) to microcoulombs (uC) conversion calculator,3623,18
rapidtables.com,/convert/length/meter-to-feet.html?x=28,http://www.rapidtables.com/convert/length/meter-to-feet.html?x=28,28 meters to feet - Convert,3615,0
calculatorsoup.com,/calculators/math/mixed-number-to-percent-calculator.php,http://www.calculatorsoup.com/calculators/math/mixed-number-to-percent-calculator.php,Mixed Number to Percent Calculator,3613,62
omnicalculator.com,/construction/ramp-slope,http://www.omnicalculator.com/construction/ramp-slope,Ramp Calculator,3594,114
rapidtables.com,/tools/ruler-cm.html,http://www.rapidtables.com/tools/ruler-cm.html,"Ruler cm/mm online, actual size 📏",3582,52
omnicalculator.com,/math/sum-of-series,http://www.omnicalculator.com/math/sum-of-series,Sum of Series Calculator,3579,25
omnicalculator.com,/math/point-slope-form,http://www.omnicalculator.com/math/point-slope-form,Point Slope Form Calculator,3563,136
rapidtables.com,/convert/length/cm-to-feet.html?x=143,http://www.rapidtables.com/convert/length/cm-to-feet.html?x=143,143 cm to feet conversion,3560,0
omnicalculator.com,/math/perimeter-of-rectangle,http://www.omnicalculator.com/math/perimeter-of-rectangle,Perimeter of a Rectangle Calculator,3557,17
omnicalculator.com,/math/cartesian-to-polar,http://www.omnicalculator.com/math/cartesian-to-polar,Polar Coordinates Calculator,3551,15
calculatorsoup.com,/calculators/conversions/inches-to-cm.php,http://www.calculatorsoup.com/calculators/conversions/inches-to-cm.php,inches to cm | inches to centimeters (in to cm),3542,22
omnicalculator.com,/math/sphere,http://www.omnicalculator.com/math/sphere,"Sphere Calc: find V, A, d",3540,9
omnicalculator.com,/everyday-life/time,http://www.omnicalculator.com/everyday-life/time,Time Calculator,3532,54
omnicalculator.com,/math/circle-measurements,http://www.omnicalculator.com/math/circle-measurements,Circle Measurements Calculator,3530,12
omnicalculator.com,/conversion/degrees-to-radians,http://www.omnicalculator.com/conversion/degrees-to-radians,Degrees to Radians Converter,3528,15
omnicalculator.com,/math/quarter-circle-area,http://www.omnicalculator.com/math/quarter-circle-area,Quarter Circle Area Calculator,3524,3
calculatorsoup.com,/calculators/time/military-time-chart.php,http://www.calculatorsoup.com/calculators/time/military-time-chart.php,Military Time Chart,3524,48
calculatorsoup.com,/calculators/algebra/fourthroots.php,http://www.calculatorsoup.com/calculators/algebra/fourthroots.php,Fourth Roots Calculator,3514,53
omnicalculator.com,/physics/wet-bulb,http://www.omnicalculator.com/physics/wet-bulb,Wet Bulb Calculator,3508,275
omnicalculator.com,/everyday-life/electricity-cost,http://www.omnicalculator.com/everyday-life/electricity-cost,Electricity Cost Calculator,3506,124
omnicalculator.com,/statistics/residual,http://www.omnicalculator.com/statistics/residual,Residual Calculator,3502,12
thecalculatorsite.com,/conversions/height/5ft-8in,http://www.thecalculatorsite.com/conversions/height/5ft-8in,"What is 5' 8"" in Centimeters?",3501,56
rapidtables.com,/convert/length/meter-to-feet.html?x=700,http://www.rapidtables.com/convert/length/meter-to-feet.html?x=700,700 meters to feet - Convert,3498,1
calculator.net,/boat-loan-calculator.html,http://www.calculator.net/boat-loan-calculator.html,Boat Loan Calculator,3491,101
calculator.net,/fraction-calculator.html?c2d1=0.9&ctype=2&x=0&y=0,http://www.calculator.net/fraction-calculator.html?c2d1=0.9&ctype=2&x=0&y=0,Fraction Calculator,3472,1
rapidtables.com,/convert/length/cm-to-feet.html?x=203,http://www.rapidtables.com/convert/length/cm-to-feet.html?x=203,203 cm to feet conversion,3466,0
gigacalculator.com,/calculators/volume-of-box-calculator.php,http://www.gigacalculator.com/calculators/volume-of-box-calculator.php,Volume of a Box Calculator,3465,127
widgetly.co,/convert/celsius/59-celsius-to-fahrenheit,http://www.widgetly.co/convert/celsius/59-celsius-to-fahrenheit,59°C to Fahrenheit — What is 59 Celsius in °F?,3458,0
widgetly.co,/convert/185-cm-to-inches,http://www.widgetly.co/convert/185-cm-to-inches,How Many Inches is 185 cm? - Convert,3435,0
omnicalculator.com,/math/round-to-the-nearest-integer,http://www.omnicalculator.com/math/round-to-the-nearest-integer,Round to the Nearest Integer Calculator,3432,14
rapidtables.com,/convert/length/cm-to-feet.html?x=139,http://www.rapidtables.com/convert/length/cm-to-feet.html?x=139,139 cm to feet conversion,3432,0
thecalculatorsite.com,/articles/units/how-to-write-feet-inches.php,http://www.thecalculatorsite.com/articles/units/how-to-write-feet-inches.php,How to Write Feet and Inches,3423,72
calculator.net,/voltage-drop-calculator.html,http://www.calculator.net/voltage-drop-calculator.html,Voltage Drop Calculator,3419,659
calculator.net,/due-date-calculator.html,http://www.calculator.net/due-date-calculator.html,Due Date Calculator,3419,258
gigacalculator.com,/converters/convert-kbps-to-mbps.php,http://www.gigacalculator.com/converters/convert-kbps-to-mbps.php,Kbps to Mbps Converter - Convert KiloBits per Second to ...,3417,55
rapidtables.com,/code/text/ascii/ascii-heart.html,http://www.rapidtables.com/code/text/ascii/ascii-heart.html,ASCII heart symbol (♥),3412,78
rapidtables.com,/calc/electric/Watt_to_Joule_Calculator.html,http://www.rapidtables.com/calc/electric/Watt_to_Joule_Calculator.html,Watts to joules (J) conversion calculator,3407,65
thecalculatorsite.com,/conversions/common/cubic-feet-gallons.php,http://www.thecalculatorsite.com/conversions/common/cubic-feet-gallons.php,Cubic Feet and Gallons Converter,3407,40
calculatorsoup.com,/calculators/math/factors/144/,http://www.calculatorsoup.com/calculators/math/factors/144/,Factors of 144,3391,0
calculatorsoup.com,/calculators/conversions/convert-decimal-degrees-to-degrees-minutes-seconds.php,http://www.calculatorsoup.com/calculators/conversions/convert-decimal-degrees-to-degrees-minutes-seconds.php,Decimal Degrees to Degrees Minutes Seconds,3389,143
calculator.net,/tdee-calculator.html,http://www.calculator.net/tdee-calculator.html,TDEE Calculator,3388,518
omnicalculator.com,/conversion/stone-to-kg,http://www.omnicalculator.com/conversion/stone-to-kg,Stone to kg Converter,3384,23
omnicalculator.com,/math/cylinder-circumference,http://www.omnicalculator.com/math/cylinder-circumference,Circumference of a Cylinder Calculator,3382,3
omnicalculator.com,/conversion/ppm,http://www.omnicalculator.com/conversion/ppm,PPM Calculator,3381,41
widgetly.co,/convert/fahrenheit/minus-53-fahrenheit-to-celsius,http://www.widgetly.co/convert/fahrenheit/minus-53-fahrenheit-to-celsius,−53°F to Celsius — What is −53 Fahrenheit in °C?,3370,0
calculatorsoup.com,/calculators/trigonometry/inversetrigonometricfunctions.php,http://www.calculatorsoup.com/calculators/trigonometry/inversetrigonometricfunctions.php,Inverse Trigonometric Functions Calculator,3367,114
omnicalculator.com,/physics/centripetal-force,http://www.omnicalculator.com/physics/centripetal-force,Centripetal Force Calculator,3357,58
omnicalculator.com,/physics/buoyancy,http://www.omnicalculator.com/physics/buoyancy,Buoyancy Calculator,3353,78
rapidtables.com,/web/color/black-color.html,http://www.rapidtables.com/web/color/black-color.html,Black RGB color code,3350,68
calculatorsoup.com,/calculators/construction/mulch-calculator.php,http://www.calculatorsoup.com/calculators/construction/mulch-calculator.php,Mulch Calculator,3348,45
omnicalculator.com,/other/final-grade,http://www.omnicalculator.com/other/final-grade,Final Grade Calculator,3347,28
calculator.net,/fraction-calculator.html?c2d1=0.1&ctype=2&x=0&y=0,http://www.calculator.net/fraction-calculator.html?c2d1=0.1&ctype=2&x=0&y=0,Fraction Calculator,3340,54
omnicalculator.com,/sports/jump-rope-calorie,http://www.omnicalculator.com/sports/jump-rope-calorie,Jump Rope Calorie Calculator,3330,68
omnicalculator.com,/conversion/mpa-to-psi-conversion,http://www.omnicalculator.com/conversion/mpa-to-psi-conversion,MPa to PSI Conversion,3325,5
calculator.net,/depreciation-calculator.html,http://www.calculator.net/depreciation-calculator.html,Depreciation Calculator,3322,301
calculatorsoup.com,/calculators/math/fractionsorder.php,http://www.calculatorsoup.com/calculators/math/fractionsorder.php,Ordering Fractions Calculator,3322,106
omnicalculator.com,/conversion/milliseconds-converter,http://www.omnicalculator.com/conversion/milliseconds-converter,Milliseconds Converter,3319,5
rapidtables.com,/convert/energy/kCal_to_Calorie.html,http://www.rapidtables.com/convert/energy/kCal_to_Calorie.html,kcal to calories conversion calculator,3318,74
calculator.net,/horsepower-calculator.html,http://www.calculator.net/horsepower-calculator.html,Horsepower Calculator,3314,94
omnicalculator.com,/math/cylinder-volume-gallons,http://www.omnicalculator.com/math/cylinder-volume-gallons,Cylinder Volume Gallons Calculator,3310,18
omnicalculator.com,/sports/calories-burned-weight-lifting,http://www.omnicalculator.com/sports/calories-burned-weight-lifting,Calories Burned Weight Lifting Calculator,3297,135
thecalculatorsite.com,/conversions/area/square-inches-to-square-centimeters.php,http://www.thecalculatorsite.com/conversions/area/square-inches-to-square-centimeters.php,Square Inches and Square Centimeters Converter,3288,36
omnicalculator.com,/physics/resonant-frequency-lc,http://www.omnicalculator.com/physics/resonant-frequency-lc,Resonant Frequency Calculator,3283,63
gigacalculator.com,/converters/convert-ml-to-tbsp.php,http://www.gigacalculator.com/converters/convert-ml-to-tbsp.php,Milliliters to Tablespoons Converter - Convert ml to tbsp,3274,3
omnicalculator.com,/math/round-to-the-nearest-dollar,http://www.omnicalculator.com/math/round-to-the-nearest-dollar,Round to the Nearest Dollar Calculator,3248,2
calculatorsoup.com,/calculators/health/conception-calculator.php,http://www.calculatorsoup.com/calculators/health/conception-calculator.php,Conception Calculator,3245,2
rapidtables.com,/convert/length/mm-to-cm.html?x=3,http://www.rapidtables.com/convert/length/mm-to-cm.html?x=3,3mm to cm conversion,3242,0
omnicalculator.com,/everyday-life/0-60,http://www.omnicalculator.com/everyday-life/0-60,0-60 Calculator,3231,45
thecalculatorsite.com,/conversions/length/miles-to-kilometers.php,http://www.thecalculatorsite.com/conversions/length/miles-to-kilometers.php,Kilometers and Miles Converter (km and mi),3224,106
omnicalculator.com,/physics/terminal-velocity,http://www.omnicalculator.com/physics/terminal-velocity,Terminal Velocity Calculator,3216,49
widgetly.co,/convert/152-cm-to-inches,http://www.widgetly.co/convert/152-cm-to-inches,How Many Inches is 152 cm? - Convert,3211,0
widgetly.co,/convert/fahrenheit/97-fahrenheit-to-celsius,http://www.widgetly.co/convert/fahrenheit/97-fahrenheit-to-celsius,97°F to Celsius — What is 97 Fahrenheit in °C?,3207,0
omnicalculator.com,/math/abc-triangle,http://www.omnicalculator.com/math/abc-triangle,ABC Triangle Calculator,3206,2
calculatorsoup.com,/calculators/financial/price-calculator.php,http://www.calculatorsoup.com/calculators/financial/price-calculator.php,Price Calculator,3203,89
gigacalculator.com,/converters/convert-meters-to-nautical-miles.php,http://www.gigacalculator.com/converters/convert-meters-to-nautical-miles.php,Meters to Nautical Miles Converter - Convert m to nmi,3198,4
omnicalculator.com,/conversion/atm-to-pascals-conversion,http://www.omnicalculator.com/conversion/atm-to-pascals-conversion,atm to Pascals Conversion,3194,4
widgetly.co,/convert/33-cm-to-inches,http://www.widgetly.co/convert/33-cm-to-inches,How Many Inches is 33 cm? - Convert,3193,0
gigacalculator.com,/converters/convert-land-miles-to-nautical-miles.php,http://www.gigacalculator.com/converters/convert-land-miles-to-nautical-miles.php,Miles to Nautical Miles Converter,3180,8
rapidtables.com,/convert/length/km-to-yard.html,http://www.rapidtables.com/convert/length/km-to-yard.html,Kilometers to Yards (yd) Converter,3175,3
rapidtables.com,/convert/length/meter-to-feet.html?x=40,http://www.rapidtables.com/convert/length/meter-to-feet.html?x=40,40 meters to feet,3170,0
omnicalculator.com,/physics/kinetic-energy,http://www.omnicalculator.com/physics/kinetic-energy,Kinetic Energy Calculator,3167,164
rapidtables.com,/convert/number/ascii-hex-bin-dec-converter.html,http://www.rapidtables.com/convert/number/ascii-hex-bin-dec-converter.html,"ASCII text,Hex,Binary,Decimal,Base64 converter",3166,290
omnicalculator.com,/math/isosceles-trapezoid-area,http://www.omnicalculator.com/math/isosceles-trapezoid-area,Isosceles Trapezoid Area Calculator,3155,2
calculatorsoup.com,/calculators/financial/effective-annual-rate-calculator.php,http://www.calculatorsoup.com/calculators/financial/effective-annual-rate-calculator.php,Effective Annual Rate (EAR) Calculator,3154,140
omnicalculator.com,/math/herons-formula,http://www.omnicalculator.com/math/herons-formula,Heron's Formula Calculator | Formula | Proof,3138,40
rapidtables.com,/convert/length/meter-to-mile.html?x=4000,http://www.rapidtables.com/convert/length/meter-to-mile.html?x=4000,4000 meters to miles conversion,3137,0
omnicalculator.com,/conversion/number-to-billion-converter,http://www.omnicalculator.com/conversion/number-to-billion-converter,Number to Billion Converter,3116,6
omnicalculator.com,/statistics/point-estimate,http://www.omnicalculator.com/statistics/point-estimate,Point Estimate Calculator,3116,10
gigacalculator.com,/calculators/time-calculator.php,http://www.gigacalculator.com/calculators/time-calculator.php,Time Calculator : Easily Add or Subtract Time,3113,200
rapidtables.com,/calc/time/seconds-in-day.html,http://www.rapidtables.com/calc/time/seconds-in-day.html,How many seconds are in a day?,3110,58
rapidtables.com,/calc/electric/power-calculator.html,http://www.rapidtables.com/calc/electric/power-calculator.html,Power Calculator,3103,111
widgetly.co,/convert/celsius/27-celsius-to-fahrenheit,http://www.widgetly.co/convert/celsius/27-celsius-to-fahrenheit,27°C to Fahrenheit — What is 27 Celsius in °F?,3101,0
rapidtables.com,/convert/temperature/celsius-to-kelvin.html,http://www.rapidtables.com/convert/temperature/celsius-to-kelvin.html,Celsius to Kelvin (°C to K) Conversion,3086,99
omnicalculator.com,/math/tan-1,http://www.omnicalculator.com/math/tan-1,Tan-1 Calculator,3083,3
rapidtables.com,/convert/length/km-to-mile.html?x=50,http://www.rapidtables.com/convert/length/km-to-mile.html?x=50,50 km to miles conversion,3081,0
gigacalculator.com,/converters/convert-oz-to-cups.php,http://www.gigacalculator.com/converters/convert-oz-to-cups.php,Ounces to Cups Converter - Convert Oz to Cups,3081,19
omnicalculator.com,/finance/yield-to-maturity,http://www.omnicalculator.com/finance/yield-to-maturity,Yield to Maturity Calculator | Calculate YTM,3080,129
omnicalculator.com,/conversion/kg-to-stones-converter,http://www.omnicalculator.com/conversion/kg-to-stones-converter,kg to Stones Converter,3076,25
calculatorsoup.com,/calculators/conversions/celsius-to-rankine.php,http://www.calculatorsoup.com/calculators/conversions/celsius-to-rankine.php,Celsius to Rankine | °C to °R,3073,3
rapidtables.com,/math/symbols/Infinity_Symbol.html,http://www.rapidtables.com/math/symbols/Infinity_Symbol.html,Infinity symbol (∞),3073,196
gigacalculator.com,/calculators/sand-calculator.php,http://www.gigacalculator.com/calculators/sand-calculator.php,Sand Calculator (How much sand do I need?),3065,106
rapidtables.com,/convert/length/km-to-mile.html?x=48,http://www.rapidtables.com/convert/length/km-to-mile.html?x=48,48 km to miles conversion,3051,0
omnicalculator.com,/sports/hiking,http://www.omnicalculator.com/sports/hiking,Hiking Calculator,3048,76
rapidtables.com,/convert/length/mile-to-yard.html,http://www.rapidtables.com/convert/length/mile-to-yard.html,Miles to Yards (yd) Converter,3045,22
omnicalculator.com,/chemistry/moles-to-atoms,http://www.omnicalculator.com/chemistry/moles-to-atoms,Moles to Atoms Converter,3026,3
omnicalculator.com,/math/ellipse-area,http://www.omnicalculator.com/math/ellipse-area,Ellipse Area Calculator,3026,8
omnicalculator.com,/math/modulo,http://www.omnicalculator.com/math/modulo,Modulo Calculator,3015,119
calculator.net,/fraction-calculator.html?c2d1=4.5&ctype=2&x=0&y=0,http://www.calculator.net/fraction-calculator.html?c2d1=4.5&ctype=2&x=0&y=0,Fraction Calculator,3014,7
gigacalculator.com,/converters/convert-nautical-miles-to-meters.php,http://www.gigacalculator.com/converters/convert-nautical-miles-to-meters.php,Nautical Miles to Meters Converter,3014,1
omnicalculator.com,/math/power-of-2,http://www.omnicalculator.com/math/power-of-2,Power of 2 Calculator,3012,18
calculatorsoup.com,/calculators/math/factors/15/,http://www.calculatorsoup.com/calculators/math/factors/15/,Factors of 15 | Factorization Calculator,3002,0
widgetly.co,/convert/celsius/minus-29-celsius-to-fahrenheit,http://www.widgetly.co/convert/celsius/minus-29-celsius-to-fahrenheit,−29°C to Fahrenheit — What is −29 Celsius in °F?,2998,0
calculator.net,/payback-period-calculator.html,http://www.calculator.net/payback-period-calculator.html,Payback Period Calculator,2988,159
rapidtables.com,/calc/electric/wh-to-mah-calculator.html,http://www.rapidtables.com/calc/electric/wh-to-mah-calculator.html,Watt-hours (Wh) to mAh conversion calculator,2987,89
omnicalculator.com,/everyday-life/rpm,http://www.omnicalculator.com/everyday-life/rpm,RPM Calculator - RPM to mph,2973,57
gigacalculator.com,/randomizers/randomizer.php,http://www.gigacalculator.com/randomizers/randomizer.php,Online Randomizer to Shuffle (Randomize) Any List,2968,533
gigacalculator.com,/converters/convert-cm-to-ft-centimeters-to-feet.php,http://www.gigacalculator.com/converters/convert-cm-to-ft-centimeters-to-feet.php,Centimeters to Feet Converter - Convert cm to ft,2961,23
calculatorsoup.com,/calculators/conversions/area.php,http://www.calculatorsoup.com/calculators/conversions/area.php,Area Conversion Calculator,2955,84
omnicalculator.com,/construction/cubic-yard,http://www.omnicalculator.com/construction/cubic-yard,Cubic Yard Calculator,2953,49
rapidtables.com,/convert/number/Percent_to_PPM.html,http://www.rapidtables.com/convert/number/Percent_to_PPM.html,Percent (%) to ppm conversion calculator,2948,109
omnicalculator.com,/construction/paver-sand,http://www.omnicalculator.com/construction/paver-sand,Paver Sand Calculator,2947,35
omnicalculator.com,/construction/gallons-per-minute,http://www.omnicalculator.com/construction/gallons-per-minute,Gallons Per Minute Calculator (GPM),2941,61
omnicalculator.com,/conversion/kelvin-converter,http://www.omnicalculator.com/conversion/kelvin-converter,Kelvin Converter,2926,9
omnicalculator.com,/sports/calories-burned-standing,http://www.omnicalculator.com/sports/calories-burned-standing,Calories Burned Standing Calculator,2923,6
thecalculatorsite.com,/finance/calculators/time-and-a-half.php,http://www.thecalculatorsite.com/finance/calculators/time-and-a-half.php,Time and a Half Calculator,2911,47
omnicalculator.com,/conversion/cc-to-grams-converter,http://www.omnicalculator.com/conversion/cc-to-grams-converter,cc to Grams Converter,2890,5
omnicalculator.com,/ecology/shannon-index,http://www.omnicalculator.com/ecology/shannon-index,Shannon Diversity Index Calculator,2886,43
rapidtables.com,/convert/length/meter-to-feet.html?x=45,http://www.rapidtables.com/convert/length/meter-to-feet.html?x=45,45 meters to feet - Convert,2882,1
omnicalculator.com,/math/lateral-area-trapezoidal-prism,http://www.omnicalculator.com/math/lateral-area-trapezoidal-prism,Lateral Area Trapezoidal Prism Calculator,2869,2
omnicalculator.com,/math/endpoint,http://www.omnicalculator.com/math/endpoint,Endpoint Calculator,2865,53
calculatorsoup.com,/calculators/financial/gross-pay-calculator.php,http://www.calculatorsoup.com/calculators/financial/gross-pay-calculator.php,Gross Pay Calculator,2864,187
omnicalculator.com,/physics/air-density,http://www.omnicalculator.com/physics/air-density,Air Density Calculator,2857,204
omnicalculator.com,/conversion/seconds-converter,http://www.omnicalculator.com/conversion/seconds-converter,Seconds Converter,2848,8
calculator.net,/factor-calculator.html?cvar=255&x=0&y=0,http://www.calculator.net/factor-calculator.html?cvar=255&x=0&y=0,Factor Calculator,2847,0
widgetly.co,/convert/fahrenheit/82-fahrenheit-to-celsius,http://www.widgetly.co/convert/fahrenheit/82-fahrenheit-to-celsius,82°F to Celsius — What is 82 Fahrenheit in °C?,2847,0
rapidtables.com,/web/color/purple-color.html,http://www.rapidtables.com/web/color/purple-color.html,Purple RGB color code,2844,98
calculatorsoup.com,/calculators/geometry-plane/squares.php,http://www.calculatorsoup.com/calculators/geometry-plane/squares.php,Square Calculator,2842,102
omnicalculator.com,/construction/glass-weight,http://www.omnicalculator.com/construction/glass-weight,Glass Weight Calculator,2838,97
rapidtables.com,/convert/length/meter-to-feet.html?x=1.90,http://www.rapidtables.com/convert/length/meter-to-feet.html?x=1.90,1.90 meters to feet - Convert,2818,0
omnicalculator.com,/health/navy-body-fat,http://www.omnicalculator.com/health/navy-body-fat,Navy Body Fat Calculator,2816,123
thecalculatorsite.com,/cooking/cooking-calculator.php,http://www.thecalculatorsite.com/cooking/cooking-calculator.php,Cooking Recipe Converter,2804,230
gigacalculator.com,/converters/convert-m-to-ft-meters-to-feet.php,http://www.gigacalculator.com/converters/convert-m-to-ft-meters-to-feet.php,Meters to Feet Converter - Convert m to ft,2802,20
rapidtables.com,/convert/length/mm-to-inch.html?x=1,http://www.rapidtables.com/convert/length/mm-to-inch.html?x=1,1 mm to inches conversion,2795,1
calculatorsoup.com,/calculators/math/fractionscalculators.php,http://www.calculatorsoup.com/calculators/math/fractionscalculators.php,Fractions Calculators,2793,172
omnicalculator.com,/math/gcf,http://www.omnicalculator.com/math/gcf,GCF Calculator | Greatest Common Factor,2788,52
omnicalculator.com,/everyday-life/birthday,http://www.omnicalculator.com/everyday-life/birthday,Birthday Calculator,2783,16
omnicalculator.com,/construction/roof-shingle,http://www.omnicalculator.com/construction/roof-shingle,Roof Shingle Calculator,2783,35
widgetly.co,/convert/6-cm-to-inches,http://www.widgetly.co/convert/6-cm-to-inches,How Many Inches is 6 cm? - Convert,2773,0
widgetly.co,/convert/fahrenheit/96-fahrenheit-to-celsius,http://www.widgetly.co/convert/fahrenheit/96-fahrenheit-to-celsius,96°F to Celsius — What is 96 Fahrenheit in °C?,2751,0
omnicalculator.com,/everyday-life/age-in-years,http://www.omnicalculator.com/everyday-life/age-in-years,Age in Years Calculator,2745,41
omnicalculator.com,/math/radius-of-cone,http://www.omnicalculator.com/math/radius-of-cone,Radius of a Cone Calculator,2744,2
gigacalculator.com,/calculators/percent-off-calculator.php,http://www.gigacalculator.com/calculators/percent-off-calculator.php,Percent Off Calculator,2734,322
omnicalculator.com,/math/trapezoid-perimeter,http://www.omnicalculator.com/math/trapezoid-perimeter,Trapezoid Perimeter Calculator,2728,5
thecalculatorsite.com,/energy/watts-lumens.php,http://www.thecalculatorsite.com/energy/watts-lumens.php,Watts to Lumens Converter,2721,45
omnicalculator.com,/math/cubic-feet-cylinder,http://www.omnicalculator.com/math/cubic-feet-cylinder,Cubic Feet of a Cylinder Calculator,2717,4
omnicalculator.com,/construction/framing,http://www.omnicalculator.com/construction/framing,Framing Calculator | Stud count,2715,122
omnicalculator.com,/chemistry/mixing-ratio,http://www.omnicalculator.com/chemistry/mixing-ratio,Mixing Ratio Calculator,2712,10
rapidtables.com,/convert/temperature/fahrenheit-to-celsius.html?x=32,http://www.rapidtables.com/convert/temperature/fahrenheit-to-celsius.html?x=32,Fahrenheit to Celsius Converter - Temperature,2692,2
gigacalculator.com,/converters/convert-mm-to-in-millimeters-to-inches.php,http://www.gigacalculator.com/converters/convert-mm-to-in-millimeters-to-inches.php,Millimeters to Inches Converter - Convert mm to in,2692,16
omnicalculator.com,/finance/cap-rate,http://www.omnicalculator.com/finance/cap-rate,Cap Rate Calculator,2686,583
calculator.net,/down-payment-calculator.html,http://www.calculator.net/down-payment-calculator.html,Down Payment Calculator,2673,788
omnicalculator.com,/conversion/liter-cc,http://www.omnicalculator.com/conversion/liter-cc,Liter to cc Converter,2672,9
omnicalculator.com,/math/cross-product,http://www.omnicalculator.com/math/cross-product,Cross Product Calculator,2669,26
omnicalculator.com,/statistics/relative-frequency,http://www.omnicalculator.com/statistics/relative-frequency,Relative Frequency Calculator,2668,19
widgetly.co,/convert/fahrenheit/83-fahrenheit-to-celsius,http://www.widgetly.co/convert/fahrenheit/83-fahrenheit-to-celsius,83°F to Celsius — What is 83 Fahrenheit in °C?,2661,0
widgetly.co,/convert/fahrenheit/minus-6-fahrenheit-to-celsius,http://www.widgetly.co/convert/fahrenheit/minus-6-fahrenheit-to-celsius,−6°F to Celsius — What is −6 Fahrenheit in °C?,2654,0
omnicalculator.com,/math/antilog,http://www.omnicalculator.com/math/antilog,Antilog Calculator,2653,94
omnicalculator.com,/conversion/newton-to-joules,http://www.omnicalculator.com/conversion/newton-to-joules,Nm to Joules Calculator,2648,23
omnicalculator.com,/physics/friction-coefficient,http://www.omnicalculator.com/physics/friction-coefficient,Friction Coefficient Calculator,2638,2
omnicalculator.com,/everyday-life/30-min,http://www.omnicalculator.com/everyday-life/30-min,30 Min Calculator,2637,7
omnicalculator.com,/health/rmr,http://www.omnicalculator.com/health/rmr,RMR Calculator | Resting Metabolic Rate,2634,210
widgetly.co,/convert/fahrenheit/52-fahrenheit-to-celsius,http://www.widgetly.co/convert/fahrenheit/52-fahrenheit-to-celsius,52°F to Celsius — What is 52 Fahrenheit in °C?,2634,0
omnicalculator.com,/math/log,http://www.omnicalculator.com/math/log,Log Calculator (Logarithm),2632,210
omnicalculator.com,/conversion/lbs-to-stone-converter,http://www.omnicalculator.com/conversion/lbs-to-stone-converter,lbs to Stone Converter,2623,4
omnicalculator.com,/math/sin-degrees,http://www.omnicalculator.com/math/sin-degrees,Sin Degrees Calculator,2618,3
gigacalculator.com,/converters/convert-in-to-ft-inches-to-feet.php,http://www.gigacalculator.com/converters/convert-in-to-ft-inches-to-feet.php,Inches to Feet Converter - Convert in to ft,2617,14
omnicalculator.com,/physics/parallel-resistor,http://www.omnicalculator.com/physics/parallel-resistor,Parallel Resistor Calculator,2614,97
calculator.net,/molecular-weight-calculator.html,http://www.calculator.net/molecular-weight-calculator.html,Molecular Weight Calculator (Molar Mass),2612,8
calculatorsoup.com,/calculators/physics/displacement_v_a_t.php,http://www.calculatorsoup.com/calculators/physics/displacement_v_a_t.php,Displacement Calculator s = ut + (1/2)at^2,2601,127
omnicalculator.com,/everyday-life/battery-charge-time,http://www.omnicalculator.com/everyday-life/battery-charge-time,Battery Charge Time Calculator,2598,6
widgetly.co,/convert/fahrenheit/70-fahrenheit-to-celsius,http://www.widgetly.co/convert/fahrenheit/70-fahrenheit-to-celsius,70°F to Celsius — What is 70 Fahrenheit in °C?,2595,1
omnicalculator.com,/math/perimeter-of-a-rectangle-with-given-area,http://www.omnicalculator.com/math/perimeter-of-a-rectangle-with-given-area,Perimeter of a Rectangle with Given Area Calculator,2584,7
gigacalculator.com,/converters/convert-kb-to-mb.php,http://www.gigacalculator.com/converters/convert-kb-to-mb.php,KB to MB Converter - Convert KiloBytes to MegaBytes,2583,50
rapidtables.com,/convert/length/meter-to-feet.html?x=55,http://www.rapidtables.com/convert/length/meter-to-feet.html?x=55,55 meters to feet - Convert,2582,0
thecalculatorsite.com,/misc/cubic-yards-calculator.php,http://www.thecalculatorsite.com/misc/cubic-yards-calculator.php,Cubic Yards Calculator and Price Estimator,2575,84
calculatorsoup.com,/calculators/algebra/absolute-value-calculator.php,http://www.calculatorsoup.com/calculators/algebra/absolute-value-calculator.php,Absolute Value - Explanation and Examples | CalculatorSoup,2569,103
rapidtables.com,/calc/math/Ln_Calc.html,http://www.rapidtables.com/calc/math/Ln_Calc.html,Natural logarithm calculator,2567,494
gigacalculator.com,/converters/convert-fathoms-to-feet.php,http://www.gigacalculator.com/converters/convert-fathoms-to-feet.php,Fathoms to Feet Converter,2567,1
rapidtables.com,/convert/length/meter-to-feet.html?x=47,http://www.rapidtables.com/convert/length/meter-to-feet.html?x=47,47 meters to feet - Convert,2563,0
rapidtables.com,/convert/length/km-to-inch.html,http://www.rapidtables.com/convert/length/km-to-inch.html,km to inches converter,2562,10
omnicalculator.com,/statistics/dice,http://www.omnicalculator.com/statistics/dice,Dice Probability Calculator,2557,381
gigacalculator.com,/converters/convert-micrometer-to-mm.php,http://www.gigacalculator.com/converters/convert-micrometer-to-mm.php,Micrometers to Millimeters Converter - Convert μm to mm,2556,14
omnicalculator.com,/other/days-until-christmas,http://www.omnicalculator.com/other/days-until-christmas,How Many Days Until Christmas Calculator,2553,49
omnicalculator.com,/math/perimeter-quadrilateral,http://www.omnicalculator.com/math/perimeter-quadrilateral,Perimeter of a Quadrilateral Calculator,2542,1
rapidtables.com,/convert/number/PPM_to_Percent.html,http://www.rapidtables.com/convert/number/PPM_to_Percent.html,"ppm to percent, number conversion calculator.",2541,158
omnicalculator.com,/health/navy-prt,http://www.omnicalculator.com/health/navy-prt,Navy PRT Calculator,2537,48
omnicalculator.com,/construction/cfm,http://www.omnicalculator.com/construction/cfm,CFM Calculator,2529,62
omnicalculator.com,/health/calorie-deficit,http://www.omnicalculator.com/health/calorie-deficit,Calorie Deficit Calculator,2527,219
gigacalculator.com,/converters/convert-km-to-m-kilometers-to-meters.php,http://www.gigacalculator.com/converters/convert-km-to-m-kilometers-to-meters.php,Kilometers to Meters Converter - Convert km to m,2523,17
rapidtables.com,/tools/flashlight.html,http://www.rapidtables.com/tools/flashlight.html,Flashlight Online 🔦,2513,1
omnicalculator.com,/finance/apy,http://www.omnicalculator.com/finance/apy,APY Calculator,2504,384
omnicalculator.com,/math/kite-area,http://www.omnicalculator.com/math/kite-area,Kite Area Calculator,2501,21
omnicalculator.com,/math/coterminal-angle,http://www.omnicalculator.com/math/coterminal-angle,Coterminal Angle Calculator,2491,73
thecalculatorsite.com,/conversions/length/nanometers-to-meters.php,http://www.thecalculatorsite.com/conversions/length/nanometers-to-meters.php,Nanometers and Meters Converter (nm and m),2490,55
widgetly.co,/convert/celsius/54-celsius-to-fahrenheit,http://www.widgetly.co/convert/celsius/54-celsius-to-fahrenheit,54°C to Fahrenheit — What is 54 Celsius in °F?,2490,0
omnicalculator.com,/statistics/pie-chart-angle,http://www.omnicalculator.com/statistics/pie-chart-angle,Pie Chart Angle Calculator,2484,2
omnicalculator.com,/other/aquarium-glass-thickness,http://www.omnicalculator.com/other/aquarium-glass-thickness,Aquarium Glass Thickness Calculator,2483,43
thecalculatorsite.com,/finance/calculators/price-per-sqft.php,http://www.thecalculatorsite.com/finance/calculators/price-per-sqft.php,Price Per Square Foot Calculator,2483,90
omnicalculator.com,/math/triangle-degree,http://www.omnicalculator.com/math/triangle-degree,Triangle Degree Calculator,2478,2
omnicalculator.com,/everyday-life/date-countdown,http://www.omnicalculator.com/everyday-life/date-countdown,Date Countdown Calculator,2476,8
omnicalculator.com,/physics/friction-loss,http://www.omnicalculator.com/physics/friction-loss,Friction Loss Calculator,2476,23
omnicalculator.com,/conversion/mm-to-atm-conversion,http://www.omnicalculator.com/conversion/mm-to-atm-conversion,mm to ATM Converter,2469,4
omnicalculator.com,/construction/gallons-per-square-foot,http://www.omnicalculator.com/construction/gallons-per-square-foot,Gallons per Square Foot Calculator,2465,18
omnicalculator.com,/es/matematicas/calculadora-raiz-cuadrada,http://www.omnicalculator.com/es/matematicas/calculadora-raiz-cuadrada,Calculadora de raíz cuadrada,2462,2
omnicalculator.com,/conversion/mm-millimeters,http://www.omnicalculator.com/conversion/mm-millimeters,mm Calculator,2439,9
calculatorsoup.com,/calculators/algebra/fifthroots.php,http://www.calculatorsoup.com/calculators/algebra/fifthroots.php,Fifth Roots Calculator,2429,36
rapidtables.com,/convert/length/cm-to-feet.html?x=177,http://www.rapidtables.com/convert/length/cm-to-feet.html?x=177,177 cm to feet conversion,2429,8
omnicalculator.com,/health/ldl,http://www.omnicalculator.com/health/ldl,LDL Calculator,2427,62
omnicalculator.com,/other/data-transfer,http://www.omnicalculator.com/other/data-transfer,Data Transfer Calculator,2421,134
calculatorsoup.com,/calculators/conversions/metricunits.php,http://www.calculatorsoup.com/calculators/conversions/metricunits.php,Metric Units Conversion Calculator,2395,178
gigacalculator.com,/calculators/month-counter.php,http://www.gigacalculator.com/calculators/month-counter.php,Month Calculator & Counter,2395,118
calculatorsoup.com,/calculators/geometry-plane/distance-two-points.php,http://www.calculatorsoup.com/calculators/geometry-plane/distance-two-points.php,Distance Calculator 2D,2390,108
omnicalculator.com,/pt/conversao/conversor-libras-para-kg,http://www.omnicalculator.com/pt/conversao/conversor-libras-para-kg,Conversor de libras para kg,2387,1
calculatorsoup.com,/calculators/conversions/weight.php,http://www.calculatorsoup.com/calculators/conversions/weight.php,Weight (Mass) Conversion Calculator,2382,126
omnicalculator.com,/physics/boyles-law,http://www.omnicalculator.com/physics/boyles-law,Boyle's Law Calculator,2376,95
omnicalculator.com,/physics/wire-resistance,http://www.omnicalculator.com/physics/wire-resistance,Wire Resistance Calculator,2367,130
omnicalculator.com,/other/aquarium-volume,http://www.omnicalculator.com/other/aquarium-volume,Aquarium Calculator,2365,65
rapidtables.com,/web/color/pink-color.html,http://www.rapidtables.com/web/color/pink-color.html,Pink color code - RGB pink color,2364,91
rapidtables.com,/convert/length/meter-to-yard.html,http://www.rapidtables.com/convert/length/meter-to-yard.html,Meters to Yards (yd) Converter,2362,38
omnicalculator.com,/health/bmi-men,http://www.omnicalculator.com/health/bmi-men,BMI Calculator for Men,2357,91
omnicalculator.com,/conversion/cc-to-liter-converter,http://www.omnicalculator.com/conversion/cc-to-liter-converter,cc to Liter Converter,2347,8
rapidtables.com,/calc/electric/va-to-amps-calculator.html,http://www.rapidtables.com/calc/electric/va-to-amps-calculator.html,Volt-amps (VA) to amps (A) conversion calculator,2346,95
omnicalculator.com,/chemistry/molality,http://www.omnicalculator.com/chemistry/molality,Molality Calculator,2342,43
gigacalculator.com,/converters/convert-mbps-to-kbps.php,http://www.gigacalculator.com/converters/convert-mbps-to-kbps.php,Mbps to Kbps Converter - convert MegaBits per Second ...,2333,25
calculatorsoup.com,/calculators/physics/displacement_v_t.php,http://www.calculatorsoup.com/calculators/physics/displacement_v_t.php,Displacement Calculator s = (1/2)( v + u )t,2332,63
calculator.net,/fraction-calculator.html?c2d1=3.5&ctype=2&x=0&y=0,http://www.calculator.net/fraction-calculator.html?c2d1=3.5&ctype=2&x=0&y=0,Fraction Calculator,2329,1
omnicalculator.com,/conversion/quarters-to-dollars,http://www.omnicalculator.com/conversion/quarters-to-dollars,Quarters to Dollars Calculator,2325,0
rapidtables.com,/convert/length/feet-to-mile.html?x=500,http://www.rapidtables.com/convert/length/feet-to-mile.html?x=500,500 feet to miles conversion,2323,0
rapidtables.com,/convert/length/cm-to-feet.html?x=124,http://www.rapidtables.com/convert/length/cm-to-feet.html?x=124,124 cm to feet conversion,2322,0
omnicalculator.com,/physics/volume-to-mass,http://www.omnicalculator.com/physics/volume-to-mass,Volume to Mass Calculator,2316,35
omnicalculator.com,/chemistry/freezing-point-depression,http://www.omnicalculator.com/chemistry/freezing-point-depression,Freezing Point Depression Calculator,2314,19
omnicalculator.com,/physics/free-fall,http://www.omnicalculator.com/physics/free-fall,Free Fall Calculator,2307,323
widgetly.co,/convert/182-cm-to-inches,http://www.widgetly.co/convert/182-cm-to-inches,How Many Inches is 182 cm? - Convert,2307,0
omnicalculator.com,/everyday-life/add-time,http://www.omnicalculator.com/everyday-life/add-time,Add Time Calculator,2294,25
calculatorsoup.com,/calculators/math/long-addition-calculator.php,http://www.calculatorsoup.com/calculators/math/long-addition-calculator.php,Long Addition Calculator,2294,108
rapidtables.com,/convert/length/cm-to-feet.html?x=141,http://www.rapidtables.com/convert/length/cm-to-feet.html?x=141,141 cm to feet conversion,2291,0
omnicalculator.com,/sports/bike-pace,http://www.omnicalculator.com/sports/bike-pace,Bike Pace Calculator,2283,5
omnicalculator.com,/conversion/seconds-to-hours-converter,http://www.omnicalculator.com/conversion/seconds-to-hours-converter,Seconds to Hours Converter,2263,9
calculator.net,/fitness-and-health-calculator.html,http://www.calculator.net/fitness-and-health-calculator.html,Fitness and Health Calculators,2261,266
omnicalculator.com,/math/reciprocal,http://www.omnicalculator.com/math/reciprocal,Reciprocal Calculator,2250,63
omnicalculator.com,/math/decimal-to-percent,http://www.omnicalculator.com/math/decimal-to-percent,Decimal to Percent Converter,2250,20
omnicalculator.com,/sports/bike-size,http://www.omnicalculator.com/sports/bike-size,Bike Size Calculator,2246,105
omnicalculator.com,/physics/projectile-motion,http://www.omnicalculator.com/physics/projectile-motion,Projectile Motion Calculator,2233,194
rapidtables.com,/convert/length/cm-to-feet.html?x=126,http://www.rapidtables.com/convert/length/cm-to-feet.html?x=126,126 cm to feet conversion,2228,0
thecalculatorsite.com,/time/days/15,http://www.thecalculatorsite.com/time/days/15,What is 15 Days From Today?,2226,0
rapidtables.com,/convert/length/km-to-mile.html?x=1,http://www.rapidtables.com/convert/length/km-to-mile.html?x=1,1 km to miles conversion,2218,8
omnicalculator.com,/finance/continuous-compound,http://www.omnicalculator.com/finance/continuous-compound,Continuous Compound Interest Calculator,2217,22
calculatorsoup.com,/calculators/math/factors/20/,http://www.calculatorsoup.com/calculators/math/factors/20/,Factors of 20 | Factorization Calculator,2216,0
omnicalculator.com,/finance/margin-2-sets,http://www.omnicalculator.com/finance/margin-2-sets,Margin and Markup Calculator,2214,32
omnicalculator.com,/finance/deadweight-loss,http://www.omnicalculator.com/finance/deadweight-loss,Deadweight Loss Calculator,2213,9
rapidtables.com,/calc/math/log-calculator.html,http://www.rapidtables.com/calc/math/log-calculator.html,Log Calculator | Logarithm Calculator,2212,2
rapidtables.com,/calc/math/exponential-growth-calculator.html,http://www.rapidtables.com/calc/math/exponential-growth-calculator.html,Exponential Growth Calculator,2211,152
omnicalculator.com,/conversion/crore-to-million,http://www.omnicalculator.com/conversion/crore-to-million,Crore to Million Converter,2205,29
omnicalculator.com,/finance/turnover-rate,http://www.omnicalculator.com/finance/turnover-rate,Turnover Rate Calculator,2192,64
omnicalculator.com,/math/line-equation-from-two-points,http://www.omnicalculator.com/math/line-equation-from-two-points,Line Equation from Two Points Calculator,2192,10
calculatorsoup.com,/calculators/health/bmi-calculator.php,http://www.calculatorsoup.com/calculators/health/bmi-calculator.php,BMI Calculator Body Mass Index,2188,308
calculatorsoup.com,/calculators/financial/markup-calculator.php,http://www.calculatorsoup.com/calculators/financial/markup-calculator.php,Markup Calculator,2188,172
omnicalculator.com,/everyday-life/garbage-bag-size,http://www.omnicalculator.com/everyday-life/garbage-bag-size,Garbage Bag Size Calculator,2187,9
gigacalculator.com,/converters/convert-mph-to-fps.php,http://www.gigacalculator.com/converters/convert-mph-to-fps.php,Mph to Ft/s Converter (convert mph to fps),2186,29
calculatorsoup.com,/calculators/algebra/percent-error-calculator.php,http://www.calculatorsoup.com/calculators/algebra/percent-error-calculator.php,Percent Error Calculator,2183,125
gigacalculator.com,/converters/convert-ft-to-yd-feet-to-yards.php,http://www.gigacalculator.com/converters/convert-ft-to-yd-feet-to-yards.php,Feet to Yards Converter - Convert ft to yd,2179,10
omnicalculator.com,/conversion/metric-to-imperial-conversion,http://www.omnicalculator.com/conversion/metric-to-imperial-conversion,Metric to Imperial Converter,2160,13
omnicalculator.com,/es/comida/gramos-a-tazas,http://www.omnicalculator.com/es/comida/gramos-a-tazas,Calculadora para convertir gramos a tazas,2158,0
omnicalculator.com,/physics/relative-humidity,http://www.omnicalculator.com/physics/relative-humidity,Relative Humidity Calculator,2156,49
omnicalculator.com,/food/pizza-comparison,http://www.omnicalculator.com/food/pizza-comparison,Pizza Comparison Calculator,2156,134
omnicalculator.com,/everyday-life/drive-time,http://www.omnicalculator.com/everyday-life/drive-time,Drive Time Calculator - Travel Time ...,2146,86
calculatorsoup.com,/calculators/conversions/power.php,http://www.calculatorsoup.com/calculators/conversions/power.php,Power Conversion Calculator,2142,41
gigacalculator.com,/converters/convert-mbit-to-mb.php,http://www.gigacalculator.com/converters/convert-mbit-to-mb.php,Mbit to MB Converter - Convert MegaBits to MegaBytes,2136,25
rapidtables.com,/convert/length/yard-to-inch.html?x=5,http://www.rapidtables.com/convert/length/yard-to-inch.html?x=5,5 yards to inches conversion,2135,0
omnicalculator.com,/chemistry/vapour-pressure-of-water,http://www.omnicalculator.com/chemistry/vapour-pressure-of-water,Vapor Pressure of Water Calculator,2128,102
rapidtables.com,/calc/time/hours-in-year.html,http://www.rapidtables.com/calc/time/hours-in-year.html,How many hours are in a year?,2127,100
rapidtables.com,/convert/temperature/325-fahrenheit-to-celsius.html,http://www.rapidtables.com/convert/temperature/325-fahrenheit-to-celsius.html,325° Fahrenheit to Celsius conversion,2126,29
rapidtables.com,/convert/temperature/425-fahrenheit-to-celsius.html,http://www.rapidtables.com/convert/temperature/425-fahrenheit-to-celsius.html,425° Fahrenheit to Celsius conversion,2119,29
rapidtables.com,/convert/length/inch-to-mm.html?fracsel=u&insel=u&x=.75,http://www.rapidtables.com/convert/length/inch-to-mm.html?fracsel=u&insel=u&x=.75,.75 inches to mm conversion,2117,0
omnicalculator.com,/math/engineering-notation,http://www.omnicalculator.com/math/engineering-notation,Engineering Notation Calculator,2114,4
omnicalculator.com,/math/reference-angle,http://www.omnicalculator.com/math/reference-angle,Reference Angle Calculator,2111,123
gigacalculator.com,/converters/convert-kilometers-to-miles.php,http://www.gigacalculator.com/converters/convert-kilometers-to-miles.php,Kilometers to Miles Converter - km,2110,38
omnicalculator.com,/physics/efficiency,http://www.omnicalculator.com/physics/efficiency,Efficiency Calculator,2106,48
rapidtables.com,/convert/length/cm-to-feet.html?x=136,http://www.rapidtables.com/convert/length/cm-to-feet.html?x=136,136 cm to feet conversion,2104,0
rapidtables.com,/convert/length/cm-to-feet.html?x=127,http://www.rapidtables.com/convert/length/cm-to-feet.html?x=127,127 cm to feet conversion,2099,0
gigacalculator.com,/converters/convert-tsp-to-grams.php,http://www.gigacalculator.com/converters/convert-tsp-to-grams.php,Teaspoons to Grams Converter - Convert Tsp to Grams,2095,11
calculatorsoup.com,/calculators/geometry-plane/polygon.php,http://www.calculatorsoup.com/calculators/geometry-plane/polygon.php,Regular Polygon Calculator,2093,232
omnicalculator.com,/finance/ctr,http://www.omnicalculator.com/finance/ctr,CTR Calculator,2085,17
omnicalculator.com,/everyday-life/mpg,http://www.omnicalculator.com/everyday-life/mpg,MPG Calculator,2073,64
rapidtables.com,/convert/weight/kg-to-pound.html?x=2.3,http://www.rapidtables.com/convert/weight/kg-to-pound.html?x=2.3,2.3 kg to lbs conversion,2070,0
widgetly.co,/convert/fahrenheit/minus-51-fahrenheit-to-celsius,http://www.widgetly.co/convert/fahrenheit/minus-51-fahrenheit-to-celsius,−51°F to Celsius — What is −51 Fahrenheit in °C?,2070,0
rapidtables.com,/convert/charge/coulomb-to-nanocoulomb.html,http://www.rapidtables.com/convert/charge/coulomb-to-nanocoulomb.html,Coulombs (C) to nanocoulombs (nC) conversion calculator,2068,5
widgetly.co,/convert/64-cm-to-inches,http://www.widgetly.co/convert/64-cm-to-inches,How Many Inches is 64 cm? - Convert,2068,0
gigacalculator.com,/converters/convert-mm-to-cm-millimeters-to-centimeters.php,http://www.gigacalculator.com/converters/convert-mm-to-cm-millimeters-to-centimeters.php,Millimeters to Centimeters Converter - Convert mm to cm,2064,19
rapidtables.com,/convert/length/cm-to-feet.html?x=155,http://www.rapidtables.com/convert/length/cm-to-feet.html?x=155,155 cm to feet conversion,2059,0
omnicalculator.com,/everyday-life/time-adder,http://www.omnicalculator.com/everyday-life/time-adder,Time Adder Calculator,2058,6
rapidtables.com,/convert/length/meter-to-feet.html?x=175,http://www.rapidtables.com/convert/length/meter-to-feet.html?x=175,175 meters to feet - Convert,2054,0
omnicalculator.com,/conversion/cups-to-gallons-converter,http://www.omnicalculator.com/conversion/cups-to-gallons-converter,Cups to Gallons Converter,2053,5
omnicalculator.com,/math/segment-area,http://www.omnicalculator.com/math/segment-area,Segment Area Calculator,2052,62
rapidtables.com,/convert/length/meter-to-mile.html?x=150,http://www.rapidtables.com/convert/length/meter-to-mile.html?x=150,150 meters to miles conversion,2047,0
rapidtables.com,/convert/length/cm-to-feet.html?x=128,http://www.rapidtables.com/convert/length/cm-to-feet.html?x=128,128 cm to feet conversion,2046,0
omnicalculator.com,/other/minecraft-stack,http://www.omnicalculator.com/other/minecraft-stack,Minecraft Stack Calculator,2040,202
rapidtables.com,/convert/length/km-to-mile.html?x=2024411/1000,http://www.rapidtables.com/convert/length/km-to-mile.html?x=2024411/1000,2024411/1000 km to miles conversion,2040,0
rapidtables.com,/calc/electric/index.html,http://www.rapidtables.com/calc/electric/index.html,Online Electrical Calculators,2040,108
thecalculatorsite.com,/health/kj-calories.php,http://www.thecalculatorsite.com/health/kj-calories.php,Kilojoules to Calories Converter,2039,30
calculatorsoup.com,/calculators/math/factors/18/,http://www.calculatorsoup.com/calculators/math/factors/18/,Factors of 18 | Factorization Calculator,2037,0
omnicalculator.com,/math/base-of-a-triangle,http://www.omnicalculator.com/math/base-of-a-triangle,Base of a Triangle Calculator,2036,4
omnicalculator.com,/finance/price-elasticity-supply,http://www.omnicalculator.com/finance/price-elasticity-supply,Price Elasticity of Supply Calculator,2034,9
rapidtables.com,/calc/math/Sin_Calculator.html,http://www.rapidtables.com/calc/math/Sin_Calculator.html,Sine calculator | sin(x) calculator,2034,195
rapidtables.com,/convert/length/km-to-feet.html?x=10,http://www.rapidtables.com/convert/length/km-to-feet.html?x=10,10 km to feet conversion,2026,0
omnicalculator.com,/math/round-to-the-nearest-hundredth,http://www.omnicalculator.com/math/round-to-the-nearest-hundredth,Round to the Nearest Hundredth Calculator,2023,4
widgetly.co,/convert/celsius/83-celsius-to-fahrenheit,http://www.widgetly.co/convert/celsius/83-celsius-to-fahrenheit,83°C to Fahrenheit — What is 83 Celsius in °F?,2023,0
rapidtables.com,/convert/frequency/ghz-to-hz.html,http://www.rapidtables.com/convert/frequency/ghz-to-hz.html,Gigahertz (GHz) to hertz (Hz) conversion calculator,2022,59
rapidtables.com,/convert/length/meter-to-mile.html?x=3200,http://www.rapidtables.com/convert/length/meter-to-mile.html?x=3200,3200 meters to miles conversion,2021,0
gigacalculator.com,/randomizers/random-state-generator.php,http://www.gigacalculator.com/randomizers/random-state-generator.php,Random State Generator - Pick a US State at Random,2021,12
rapidtables.com,/convert/length/inch-to-km.html,http://www.rapidtables.com/convert/length/inch-to-km.html,Inches to km converter,2019,4
omnicalculator.com,/statistics/greatest-to-least,http://www.omnicalculator.com/statistics/greatest-to-least,Greatest To Least Calculator,2016,2
omnicalculator.com,/physics/coulombs-law,http://www.omnicalculator.com/physics/coulombs-law,Coulomb's Law Calculator,2015,51
rapidtables.com,/convert/length/meter-to-mile.html?x=2400,http://www.rapidtables.com/convert/length/meter-to-mile.html?x=2400,2400 meters to miles conversion,2015,0
widgetly.co,/convert/23-cm-to-inches,http://www.widgetly.co/convert/23-cm-to-inches,How Many Inches is 23 cm? - Convert,2010,0
omnicalculator.com,/other/resolution-scale,http://www.omnicalculator.com/other/resolution-scale,Resolution Scale Calculator,2006,60
rapidtables.com,/web/color/html-color-codes.html,http://www.rapidtables.com/web/color/html-color-codes.html,HTML Color Codes Chart 🎨,2004,451
omnicalculator.com,/conversion/torque-to-horsepower,http://www.omnicalculator.com/conversion/torque-to-horsepower,Torque to hp Calculator,2003,40
omnicalculator.com,/math/length-of-a-rectangle,http://www.omnicalculator.com/math/length-of-a-rectangle,Length Of A Rectangle Calculator,1986,37
widgetly.co,/convert/fahrenheit/108-fahrenheit-to-celsius,http://www.widgetly.co/convert/fahrenheit/108-fahrenheit-to-celsius,108°F to Celsius — What is 108 Fahrenheit in °C?,1977,0
omnicalculator.com,/math/slant-height-of-cone,http://www.omnicalculator.com/math/slant-height-of-cone,Slant Height of a Cone Calculator,1976,2
rapidtables.com,/convert/power/hp-to-watt.html,http://www.rapidtables.com/convert/power/hp-to-watt.html,Horsepower to watts conversion calculator,1975,88
omnicalculator.com,/conversion/million-to-lakh,http://www.omnicalculator.com/conversion/million-to-lakh,Million to Lakh Converter,1972,23
calculatorsoup.com,/calculators/conversions/density.php,http://www.calculatorsoup.com/calculators/conversions/density.php,Density Conversion Calculator,1968,93
calculatorsoup.com,/calculators/statistics/coin-flipper.php,http://www.calculatorsoup.com/calculators/statistics/coin-flipper.php,Coin Flipper,1967,320
omnicalculator.com,/math/trapezoid,http://www.omnicalculator.com/math/trapezoid,Trapezoid Calculator,1964,65
omnicalculator.com,/physics/enthalpy,http://www.omnicalculator.com/physics/enthalpy,Enthalpy Calculator,1961,50
rapidtables.com,/convert/length/yard-to-inch.html?x=3,http://www.rapidtables.com/convert/length/yard-to-inch.html?x=3,3 yards to inches conversion,1958,0
omnicalculator.com,/construction/furnace-size,http://www.omnicalculator.com/construction/furnace-size,Furnace Size Calculator,1951,12
widgetly.co,/convert/172-cm-to-inches,http://www.widgetly.co/convert/172-cm-to-inches,How Many Inches is 172 cm? - Convert,1951,0
thecalculatorsite.com,/conversions/datastorage/terabytes-kilobytes.php,http://www.thecalculatorsite.com/conversions/datastorage/terabytes-kilobytes.php,Terabytes and Kilobytes Converter (TB and kB),1950,18
rapidtables.com,/convert/length/cm-to-feet.html?x=10,http://www.rapidtables.com/convert/length/cm-to-feet.html?x=10,10 cm to feet conversion,1947,0
omnicalculator.com,/everyday-life/how-old-was-i,http://www.omnicalculator.com/everyday-life/how-old-was-i,How Old Was I Calculator,1942,5
omnicalculator.com,/everyday-life/bc-to-ad,http://www.omnicalculator.com/everyday-life/bc-to-ad,BC to AD Calculator,1934,65
calculatorsoup.com,/calculators/physics/displacement-calculator-svt.php,http://www.calculatorsoup.com/calculators/physics/displacement-calculator-svt.php,Displacement Calculator s = vt,1933,41
calculatorsoup.com,/calculators/geometry-plane/parallelogram.php,http://www.calculatorsoup.com/calculators/geometry-plane/parallelogram.php,Parallelogram Calculator,1932,113
omnicalculator.com,/chemistry/theoretical-yield,http://www.omnicalculator.com/chemistry/theoretical-yield,Theoretical Yield Calculator,1920,64
widgetly.co,/convert/fahrenheit/110-fahrenheit-to-celsius,http://www.widgetly.co/convert/fahrenheit/110-fahrenheit-to-celsius,110°F to Celsius — What is 110 Fahrenheit in °C?,1920,0
rapidtables.com,/convert/temperature/kelvin-to-fahrenheit.html,http://www.rapidtables.com/convert/temperature/kelvin-to-fahrenheit.html,Kelvin to Fahrenheit (K to °F) Conversion,1914,67
omnicalculator.com,/finance/missouri-sales-tax,http://www.omnicalculator.com/finance/missouri-sales-tax,Missouri Sales Tax Calculator,1913,10
gigacalculator.com,/converters/convert-km-to-ft-kilometers-to-feet.php,http://www.gigacalculator.com/converters/convert-km-to-ft-kilometers-to-feet.php,Kilometers to Feet Converter - Convert km to feet,1913,13
rapidtables.com,/math/symbols/Algebra_Symbols.html,http://www.rapidtables.com/math/symbols/Algebra_Symbols.html,Algebra symbols list,1912,137
rapidtables.com,/calc/time/days-in-year.html,http://www.rapidtables.com/calc/time/days-in-year.html,How many days are in a year?,1911,104
omnicalculator.com,/chemistry/henderson-hasselbalch,http://www.omnicalculator.com/chemistry/henderson-hasselbalch,Henderson-Hasselbalch Calculator,1908,13
omnicalculator.com,/es/conversion/convertidor-de-horas-a-minutos,http://www.omnicalculator.com/es/conversion/convertidor-de-horas-a-minutos,Convertidor de horas a minutos,1894,0
rapidtables.com,/math/symbols/Calculus_Symbols.html,http://www.rapidtables.com/math/symbols/Calculus_Symbols.html,"Calculus symbols list (ε, y', d/dx , ∫)",1893,108
calculator.net,/fraction-calculator.html?c2d1=0.5&ctype=2&x=0&y=0,http://www.calculator.net/fraction-calculator.html?c2d1=0.5&ctype=2&x=0&y=0,Fraction Calculator,1891,1
gigacalculator.com,/converters/convert-ft-to-cm-feet-to-centimeters.php,http://www.gigacalculator.com/converters/convert-ft-to-cm-feet-to-centimeters.php,Feet to Centimeters Converter - Convert ft to cm,1886,15
calculatorsoup.com,/calculators/math/ratio-to-fraction-calculator.php,http://www.calculatorsoup.com/calculators/math/ratio-to-fraction-calculator.php,Ratio to Fraction Calculator,1873,83
calculator.net,/common-factor-calculator.html,http://www.calculator.net/common-factor-calculator.html,Common Factor Calculator,1868,103
omnicalculator.com,/math/right-trapezoid,http://www.omnicalculator.com/math/right-trapezoid,Right Trapezoid Calculator,1868,12
widgetly.co,/convert/90-cm-to-inches,http://www.widgetly.co/convert/90-cm-to-inches,How Many Inches is 90 cm? - Convert,1866,0
calculatorsoup.com,/calculators/financial/sales-tax-calculator.php,http://www.calculatorsoup.com/calculators/financial/sales-tax-calculator.php,Sales Tax Calculator,1864,309
calculator.net,/golf-handicap-calculator.html,http://www.calculator.net/golf-handicap-calculator.html,Golf Handicap Calculator,1863,150
widgetly.co,/convert/celsius/97-celsius-to-fahrenheit,http://www.widgetly.co/convert/celsius/97-celsius-to-fahrenheit,97°C to Fahrenheit — What is 97 Celsius in °F?,1863,0
calculatorsoup.com,/calculators/physics/impulse-momentum.php,http://www.calculatorsoup.com/calculators/physics/impulse-momentum.php,Impulse-Momentum Calculator F Δt = m Δv,1852,38
gigacalculator.com,/converters/convert-cups-to-ml.php,http://www.gigacalculator.com/converters/convert-cups-to-ml.php,Cups to Milliliters Converter - Convert Cups to ml,1851,3
omnicalculator.com,/es/conversion/convertidor-de-medidas-longitud,http://www.omnicalculator.com/es/conversion/convertidor-de-medidas-longitud,Convertidor de medidas de longitud,1848,1
omnicalculator.com,/physics/acceleration-using-force-and-mass,http://www.omnicalculator.com/physics/acceleration-using-force-and-mass,Acceleration using Force and Mass Calculator,1832,34
rapidtables.com,/convert/length/meter-to-feet.html?x=180,http://www.rapidtables.com/convert/length/meter-to-feet.html?x=180,180 meters to feet - Convert,1832,0
rapidtables.com,/convert/length/cm-to-feet.html?x=137,http://www.rapidtables.com/convert/length/cm-to-feet.html?x=137,137 cm to feet conversion,1827,0
rapidtables.com,/convert/length/meter-to-mile.html,http://www.rapidtables.com/convert/length/meter-to-mile.html,Meters to Miles (m to mi) Converter,1825,37
widgetly.co,/convert/35-cm-to-inches,http://www.widgetly.co/convert/35-cm-to-inches,How Many Inches is 35 cm? - Convert,1806,0
widgetly.co,/convert/celsius/88-celsius-to-fahrenheit,http://www.widgetly.co/convert/celsius/88-celsius-to-fahrenheit,88°C to Fahrenheit — What is 88 Celsius in °F?,1805,0
omnicalculator.com,/math/complementary-angles,http://www.omnicalculator.com/math/complementary-angles,Complementary Angles Calculator,1801,2
calculatorsoup.com,/calculators/discretemathematics/fibonacci-calculator.php,http://www.calculatorsoup.com/calculators/discretemathematics/fibonacci-calculator.php,Fibonacci Calculator,1796,370
gigacalculator.com,/converters/convert-m-to-yd-meters-to-yards.php,http://www.gigacalculator.com/converters/convert-m-to-yd-meters-to-yards.php,Meters to Yards Converter - Convert m to yd online,1792,5
calculatorsoup.com,/calculators/algebra/exponent-fractions.php,http://www.calculatorsoup.com/calculators/algebra/exponent-fractions.php,Fraction Exponents Calculator,1791,109
widgetly.co,/convert/celsius/minus-33-celsius-to-fahrenheit,http://www.widgetly.co/convert/celsius/minus-33-celsius-to-fahrenheit,−33°C to Fahrenheit — What is −33 Celsius in °F?,1790,0
calculatorsoup.com,/calculators/geometry-plane/triangles-equilateral.php,http://www.calculatorsoup.com/calculators/geometry-plane/triangles-equilateral.php,Equilateral Triangles Calculator,1785,88
calculatorsoup.com,/calculators/chemistry/molecular-weight.php,http://www.calculatorsoup.com/calculators/chemistry/molecular-weight.php,Molecular Weight Calculator,1785,59
thecalculatorsite.com,/math/percentage-calculator.php,http://www.thecalculatorsite.com/math/percentage-calculator.php,Percentage Calculator,1783,152
omnicalculator.com,/everyday-life/engine-hours-to-miles-converter,http://www.omnicalculator.com/everyday-life/engine-hours-to-miles-converter,Engine Hours to Miles Converter,1782,7
omnicalculator.com,/physics/wavelength,http://www.omnicalculator.com/physics/wavelength,Wavelength Calculator,1775,150
calculator.net,/fat-intake-calculator.html,http://www.calculator.net/fat-intake-calculator.html,Fat Intake Calculator,1774,160
calculator.net,/molarity-calculator.html,http://www.calculator.net/molarity-calculator.html,Molarity Calculator,1773,4
gigacalculator.com,/converters/convert-yd-to-ft-yards-to-feet.php,http://www.gigacalculator.com/converters/convert-yd-to-ft-yards-to-feet.php,Yards to Feet Converter - Convert yd to ft,1773,8
omnicalculator.com,/positive-slope-vs-negative-slope,http://www.omnicalculator.com/positive-slope-vs-negative-slope,Positive Slope vs. Negative Slope: How to Tell the Difference,1766,0
omnicalculator.com,/everyday-life/day-counter,http://www.omnicalculator.com/everyday-life/day-counter,Day Counter,1746,85
omnicalculator.com,/chemistry/ppm-to-molarity,http://www.omnicalculator.com/chemistry/ppm-to-molarity,PPM to Molarity Calculator,1745,61
calculator.net,/fraction-calculator.html?c2d1=1.5&ctype=2&x=0&y=0,http://www.calculator.net/fraction-calculator.html?c2d1=1.5&ctype=2&x=0&y=0,Fraction Calculator,1744,57
omnicalculator.com,/math/standard-form-to-slope-intercept-form,http://www.omnicalculator.com/math/standard-form-to-slope-intercept-form,Standard Form to Slope Intercept Form Calculator,1741,4
widgetly.co,/convert/3-cm-to-inches,http://www.widgetly.co/convert/3-cm-to-inches,How Many Inches is 3 cm? - Convert,1737,0
calculator.net,/fraction-calculator.html?c2d1=2.5&ctype=2&x=0&y=0,http://www.calculator.net/fraction-calculator.html?c2d1=2.5&ctype=2&x=0&y=0,Fraction Calculator,1734,13
omnicalculator.com,/math/rectangular-prism,http://www.omnicalculator.com/math/rectangular-prism,Rectangular Prism Calculator,1734,49
omnicalculator.com,/math/isosceles-right-triangle-hypotenuse,http://www.omnicalculator.com/math/isosceles-right-triangle-hypotenuse,Isosceles Right Triangle Hypotenuse Calculator,1733,3
omnicalculator.com,/es/matematicas/area-de-triangulo,http://www.omnicalculator.com/es/matematicas/area-de-triangulo,Calculadora del área de un triángulo,1720,1
omnicalculator.com,/physics/heat-capacity,http://www.omnicalculator.com/physics/heat-capacity,Heat Capacity Calculator,1718,6
omnicalculator.com,/other/semester-grade,http://www.omnicalculator.com/other/semester-grade,Semester Grade Calculator,1715,28
omnicalculator.com,/math/parallelogram-area,http://www.omnicalculator.com/math/parallelogram-area,Parallelogram Area Calculator,1713,71
widgetly.co,/convert/15-cm-to-inches,http://www.widgetly.co/convert/15-cm-to-inches,How Many Inches is 15 cm? - Convert,1707,0
omnicalculator.com,/math/moment-of-inertia,http://www.omnicalculator.com/math/moment-of-inertia,Moment of Inertia Calculator,1706,23
calculator.net,/mutual-fund-calculator.html,http://www.calculator.net/mutual-fund-calculator.html,Mutual Fund Calculator,1686,2
omnicalculator.com,/finance/california-sales-tax,http://www.omnicalculator.com/finance/california-sales-tax,California Sales Tax Calculator,1678,10
omnicalculator.com,/biology/cat-benadryl-dosage,http://www.omnicalculator.com/biology/cat-benadryl-dosage,Cat Benadryl Dosage Calculator,1678,25
omnicalculator.com,/construction/rolling-offset,http://www.omnicalculator.com/construction/rolling-offset,Rolling Offset Calculator,1673,9
omnicalculator.com,/physics/friction,http://www.omnicalculator.com/physics/friction,Friction Calculator,1670,39
omnicalculator.com,/biology/tree-value,http://www.omnicalculator.com/biology/tree-value,Tree Value Calculator,1668,57
omnicalculator.com,/sports/steps-to-km,http://www.omnicalculator.com/sports/steps-to-km,Steps to km Calculator,1668,33
omnicalculator.com,/math/surface-area-of-a-rectangle,http://www.omnicalculator.com/math/surface-area-of-a-rectangle,Surface Area of a Rectangle Calculator,1667,17
omnicalculator.com,/statistics/t-statistic,http://www.omnicalculator.com/statistics/t-statistic,t-statistic Calculator,1663,25
omnicalculator.com,/conversion/scale-conversion,http://www.omnicalculator.com/conversion/scale-conversion,Scale Calculator,1655,45
calculatorsoup.com,/calculators/financial/present-value-calculator.php,http://www.calculatorsoup.com/calculators/financial/present-value-calculator.php,Present Value Calculator,1653,223
thecalculatorsite.com,/conversions/common/weight-converter.php,http://www.thecalculatorsite.com/conversions/common/weight-converter.php,Weight Converter - Convert Between Different Units of Weight,1649,139
omnicalculator.com,/es/matematicas/calculadora-rectangulo,http://www.omnicalculator.com/es/matematicas/calculadora-rectangulo,Calculador del área de un rectángulo,1641,0
thecalculatorsite.com,/finance/pay/20-dollars-per-hour.php,http://www.thecalculatorsite.com/finance/pay/20-dollars-per-hour.php,Convert $20 an Hour to Yearly and Monthly Salary,1639,59
omnicalculator.com,/conversion/weight-converter,http://www.omnicalculator.com/conversion/weight-converter,Weight Converter,1637,113
omnicalculator.com,/finance/cpc-cpm,http://www.omnicalculator.com/finance/cpc-cpm,CPC and CPM Calculator,1637,59
omnicalculator.com,/conversion/gallon-to-tons,http://www.omnicalculator.com/conversion/gallon-to-tons,Gallons to Tons Converter,1625,4
omnicalculator.com,/health/vital-capacity,http://www.omnicalculator.com/health/vital-capacity,Vital Capacity Calculator,1625,19
gigacalculator.com,/converters/convert-kilojoules-to-joules-kj-to-j.php,http://www.gigacalculator.com/converters/convert-kilojoules-to-joules-kj-to-j.php,KiloJoules to Joules Converter - Convert KJ to J,1625,2
omnicalculator.com,/statistics/empirical-rule,http://www.omnicalculator.com/statistics/empirical-rule,Empirical Rule Calculator,1612,129
omnicalculator.com,/physics/hp-to-amps,http://www.omnicalculator.com/physics/hp-to-amps,hp to amps Calculator,1588,55
gigacalculator.com,/converters/convert-yd-to-m-yards-to-meters.php,http://www.gigacalculator.com/converters/convert-yd-to-m-yards-to-meters.php,Yards to Meters Converter - Convert yd to m,1581,5
omnicalculator.com,/statistics/quadratic-regression,http://www.omnicalculator.com/statistics/quadratic-regression,Quadratic Regression Calculator,1578,11
calculatorsoup.com,/calculators/financial/simple-interest-calculator.php,http://www.calculatorsoup.com/calculators/financial/simple-interest-calculator.php,Simple Interest Calculator I = Prt | Interest Only,1578,268
omnicalculator.com,/construction/stone,http://www.omnicalculator.com/construction/stone,Stone Weight Calculator,1577,6
omnicalculator.com,/conversion/angstrom-to-nm-conversion,http://www.omnicalculator.com/conversion/angstrom-to-nm-conversion,Angstrom to nm converter,1577,5
omnicalculator.com,/conversion/lot-size-to-acres,http://www.omnicalculator.com/conversion/lot-size-to-acres,Lot Size to Acres Calculator,1576,5
omnicalculator.com,/conversion/mil-conversion,http://www.omnicalculator.com/conversion/mil-conversion,mil Conversion,1562,4
omnicalculator.com,/physics/sound-wavelength,http://www.omnicalculator.com/physics/sound-wavelength,Sound Wavelength Calculator,1554,67
gigacalculator.com,/converters/convert-in-to-m-inches-to-meters.php,http://www.gigacalculator.com/converters/convert-in-to-m-inches-to-meters.php,Inches to Meters Converter - Convert in to m,1553,9
gigacalculator.com,/converters/convert-tsp-to-cups.php,http://www.gigacalculator.com/converters/convert-tsp-to-cups.php,Teaspoons to Cups Converter - Convert Tsp to Cups,1545,2
omnicalculator.com,/physics/magnitude-of-acceleration,http://www.omnicalculator.com/physics/magnitude-of-acceleration,Magnitude of Acceleration Calculator,1540,25
calculatorsoup.com,/calculators/math/scientificnotation.php,http://www.calculatorsoup.com/calculators/math/scientificnotation.php,Scientific Notation Calculator,1537,181
omnicalculator.com,/other/dpmo,http://www.omnicalculator.com/other/dpmo,DPMO Calculator,1532,40
widgetly.co,/convert/celsius/89-celsius-to-fahrenheit,http://www.widgetly.co/convert/celsius/89-celsius-to-fahrenheit,89°C to Fahrenheit — What is 89 Celsius in °F?,1529,0
omnicalculator.com,/math/truncated-cone-volume,http://www.omnicalculator.com/math/truncated-cone-volume,Truncated Cone Volume Calculator,1527,8
calculatorsoup.com,/calculators/conversions/pressure.php,http://www.calculatorsoup.com/calculators/conversions/pressure.php,Pressure Conversion Calculator,1526,140
omnicalculator.com,/math/ratio-of-2-numbers,http://www.omnicalculator.com/math/ratio-of-2-numbers,Ratio of 2 Numbers Calculator,1523,6
omnicalculator.com,/statistics/roulette-payout,http://www.omnicalculator.com/statistics/roulette-payout,Roulette Payout Calculator,1521,172
gigacalculator.com,/converters/convert-tsp-to-ml.php,http://www.gigacalculator.com/converters/convert-tsp-to-ml.php,Teaspoons to Milliliters Converter - Convert tsp to ml,1521,3
gigacalculator.com,/randomizers/random-name-picker.php,http://www.gigacalculator.com/randomizers/random-name-picker.php,Random Name Picker (Random name draw from a list),1516,522
gigacalculator.com,/calculators/hexagon-calculator.php,http://www.gigacalculator.com/calculators/hexagon-calculator.php,Hexagon Calculator,1509,7
omnicalculator.com,/sports/calories-burned-biking,http://www.omnicalculator.com/sports/calories-burned-biking,Calories Burned Biking Calculator,1508,105
omnicalculator.com,/math/decagon-area,http://www.omnicalculator.com/math/decagon-area,Decagon Area calculator,1506,2
omnicalculator.com,/math/inverse-modulo,http://www.omnicalculator.com/math/inverse-modulo,Inverse Modulo Calculator,1505,19
omnicalculator.com,/math/hollow-cylinder-volume,http://www.omnicalculator.com/math/hollow-cylinder-volume,Hollow Cylinder Volume Calculator,1502,7
widgetly.co,/convert/fahrenheit/74-fahrenheit-to-celsius,http://www.widgetly.co/convert/fahrenheit/74-fahrenheit-to-celsius,74°F to Celsius — What is 74 Fahrenheit in °C?,1501,0
calculatorsoup.com,/calculators/financial/time-card-calculator.php,http://www.calculatorsoup.com/calculators/financial/time-card-calculator.php,Time Card Calculator,1497,137
gigacalculator.com,/converters/convert-fps-to-mph.php,http://www.gigacalculator.com/converters/convert-fps-to-mph.php,Feet per second to Miles per hour Converter - Convert fps ...,1497,17
omnicalculator.com,/conversion/cm-height-conversion,http://www.omnicalculator.com/conversion/cm-height-conversion,cm Height Conversion Calculator,1492,10
omnicalculator.com,/math/inverse-tangent,http://www.omnicalculator.com/math/inverse-tangent,Inverse Tangent Calculator,1480,2
omnicalculator.com,/math/unit-circle,http://www.omnicalculator.com/math/unit-circle,Unit Circle Calculator,1480,59
gigacalculator.com,/converters/convert-cm-to-m-centimeters-to-meters.php,http://www.gigacalculator.com/converters/convert-cm-to-m-centimeters-to-meters.php,Centimeters to Meters Converter - Convert cm to m,1480,5
gigacalculator.com,/calculators/percent-increase-calculator.php,http://www.gigacalculator.com/calculators/percent-increase-calculator.php,Percentage Increase Calculator,1479,217
omnicalculator.com,/finance/break-even,http://www.omnicalculator.com/finance/break-even,Break-even Calculator,1474,32
omnicalculator.com,/biology/potting-soil-calculator,http://www.omnicalculator.com/biology/potting-soil-calculator,Potting Soil Calculator,1473,49
calculatorsoup.com,/calculators/conversions/roman-numeral-calculator.php,http://www.calculatorsoup.com/calculators/conversions/roman-numeral-calculator.php,Roman Numeral Calculator,1472,76
omnicalculator.com,/math/3-sides-triangle-area,http://www.omnicalculator.com/math/3-sides-triangle-area,3 Sides Triangle Area Calculator,1465,47
omnicalculator.com,/math/golden-rectangle,http://www.omnicalculator.com/math/golden-rectangle,Golden Rectangle Calculator,1457,62
gigacalculator.com,/calculators/age-difference-calculator.php,http://www.gigacalculator.com/calculators/age-difference-calculator.php,Age Difference Calculator 📅 (Age Gap Calculator),1456,111
omnicalculator.com,/math/vector-addition,http://www.omnicalculator.com/math/vector-addition,Vector Addition Calculator,1455,60
omnicalculator.com,/physics/stopping-distance,http://www.omnicalculator.com/physics/stopping-distance,Stopping Distance Calculator,1448,172
omnicalculator.com,/health/face-shape,http://www.omnicalculator.com/health/face-shape,Face Shape Calculator — What Shape Is Mine?,1443,58
omnicalculator.com,/statistics/dice-average,http://www.omnicalculator.com/statistics/dice-average,Dice Average Calculator,1439,6
omnicalculator.com,/construction/fence,http://www.omnicalculator.com/construction/fence,Fence Calculator,1432,121
calculatorsoup.com,/calculators/financial/selling-price-calculator.php,http://www.calculatorsoup.com/calculators/financial/selling-price-calculator.php,Selling Price Calculator,1432,91
omnicalculator.com,/construction/tank-volume,http://www.omnicalculator.com/construction/tank-volume,Tank Volume Calculator,1431,85
omnicalculator.com,/math/round-to-the-nearest-thousandth,http://www.omnicalculator.com/math/round-to-the-nearest-thousandth,Round to the Nearest Thousandth Calculator,1427,5
gigacalculator.com,/calculators/volume-calculator.php,http://www.gigacalculator.com/calculators/volume-calculator.php,Volume Calculator,1422,136
omnicalculator.com,/health/mortality-rate,http://www.omnicalculator.com/health/mortality-rate,Mortality Rate Calculator,1417,57
calculator.net,/prime-factorization-calculator.html,http://www.calculator.net/prime-factorization-calculator.html,Prime Factorization Calculator,1413,107
omnicalculator.com,/conversion/light-year-conversion,http://www.omnicalculator.com/conversion/light-year-conversion,Light Year Conversion,1407,5
omnicalculator.com,/health/acr,http://www.omnicalculator.com/health/acr,Albumin Creatinine Ratio Calculator,1403,45
omnicalculator.com,/math/height-of-a-square-pyramid,http://www.omnicalculator.com/math/height-of-a-square-pyramid,Height of a Square Pyramid Calculator,1401,9
omnicalculator.com,/math/fifth-root,http://www.omnicalculator.com/math/fifth-root,Fifth Root Calculator,1400,2
widgetly.co,/convert/fahrenheit/93-fahrenheit-to-celsius,http://www.widgetly.co/convert/fahrenheit/93-fahrenheit-to-celsius,93°F to Celsius — What is 93 Fahrenheit in °C?,1397,0
omnicalculator.com,/finance/net-profit-margin,http://www.omnicalculator.com/finance/net-profit-margin,Net Profit Margin Calculator,1393,104
omnicalculator.com,/es/conversion/convertidor-de-cucharadas-a-gramos,http://www.omnicalculator.com/es/conversion/convertidor-de-cucharadas-a-gramos,Convertidor de cucharadas a gramos,1390,0
omnicalculator.com,/physics/impact-energy,http://www.omnicalculator.com/physics/impact-energy,Impact Energy Calculator | Impact Force,1389,9
omnicalculator.com,/math/average-rate-of-change,http://www.omnicalculator.com/math/average-rate-of-change,Average Rate of Change Calculator,1388,15
omnicalculator.com,/physics/young-modulus,http://www.omnicalculator.com/physics/young-modulus,Young's Modulus Calculator,1387,51
omnicalculator.com,/sports/burpee-calorie,http://www.omnicalculator.com/sports/burpee-calorie,Burpee Calorie Calculator,1385,11
omnicalculator.com,/health/drug-half-life,http://www.omnicalculator.com/health/drug-half-life,Drug Half-Life Calculator,1385,225
omnicalculator.com,/construction/concrete-driveway-cost,http://www.omnicalculator.com/construction/concrete-driveway-cost,Concrete Driveway Cost Calculator,1384,15
omnicalculator.com,/sports/stairs-calorie,http://www.omnicalculator.com/sports/stairs-calorie,Calories Burned Climbing Stairs Calculator,1383,18
omnicalculator.com,/physics/elastic-potential-energy,http://www.omnicalculator.com/physics/elastic-potential-energy,Elastic Potential Energy Calculator,1376,41
widgetly.co,/convert/fahrenheit/80-fahrenheit-to-celsius,http://www.widgetly.co/convert/fahrenheit/80-fahrenheit-to-celsius,80°F to Celsius — What is 80 Fahrenheit in °C?,1372,2
gigacalculator.com,/converters/convert-mbps-to-gbps.php,http://www.gigacalculator.com/converters/convert-mbps-to-gbps.php,Mbps to Gbps Converter - Convert MegaBits per Second to ...,1369,60
omnicalculator.com,/math/square-area,http://www.omnicalculator.com/math/square-area,Area of a Square. Calculator,1352,32
gigacalculator.com,/converters/convert-gbps-to-mbps.php,http://www.gigacalculator.com/converters/convert-gbps-to-mbps.php,Gbps to Mbps Converter - Convert GigaBits per Second ...,1344,28
omnicalculator.com,/physics/kva,http://www.omnicalculator.com/physics/kva,kVA Calculator,1342,14
widgetly.co,/convert/37-cm-to-inches,http://www.widgetly.co/convert/37-cm-to-inches,How Many Inches is 37 cm? - Convert,1340,0
omnicalculator.com,/construction/elevation-grade,http://www.omnicalculator.com/construction/elevation-grade,Elevation Grade Calculator,1338,156
omnicalculator.com,/math/volume-hexagonal-pyramid,http://www.omnicalculator.com/math/volume-hexagonal-pyramid,Volume of a Hexagonal Pyramid Calculator,1330,2
omnicalculator.com,/physics/g-force,http://www.omnicalculator.com/physics/g-force,G Force Calculator,1328,42
omnicalculator.com,/math/isosceles-triangle-side,http://www.omnicalculator.com/math/isosceles-triangle-side,Isosceles Triangle Side Calculator,1327,6
omnicalculator.com,/math/rhombus-area,http://www.omnicalculator.com/math/rhombus-area,Rhombus Area Calculator,1324,39
calculator.net,/financial-calculator.html,http://www.calculator.net/financial-calculator.html,Financial Calculators,1322,421
omnicalculator.com,/math/triangle-angle,http://www.omnicalculator.com/math/triangle-angle,Triangle Angle. Calculator | Formula,1320,177
gigacalculator.com,/calculators/marks-percentage-calculator.php,http://www.gigacalculator.com/calculators/marks-percentage-calculator.php,Marks Percentage Calculator,1315,103
thecalculatorsite.com,/finance/pay/15-dollars-per-hour.php,http://www.thecalculatorsite.com/finance/pay/15-dollars-per-hour.php,Convert $15 an Hour to Yearly and Monthly Salary,1314,41
thecalculatorsite.com,/conversions/height/5ft-11in,http://www.thecalculatorsite.com/conversions/height/5ft-11in,"What is 5' 11"" in Centimeters?",1312,33
omnicalculator.com,/math/golden-ratio,http://www.omnicalculator.com/math/golden-ratio,Golden Ratio Calculator,1310,170
omnicalculator.com,/other/tv-mounting-height,http://www.omnicalculator.com/other/tv-mounting-height,TV Mounting Height Calculator,1310,80
gigacalculator.com,/calculators/lucky-number-generator.php,http://www.gigacalculator.com/calculators/lucky-number-generator.php,Lucky Number Generator,1310,562
calculatorsoup.com,/calculators/geometry-plane/rhombus.php,http://www.calculatorsoup.com/calculators/geometry-plane/rhombus.php,Rhombus Calculator,1301,42
omnicalculator.com,/es/comida/ml-a-gramos,http://www.omnicalculator.com/es/comida/ml-a-gramos,"Calculadora de ml a gramos: agua, alcohol, etc",1299,0
gigacalculator.com,/converters/convert-miles-to-feet-ft.php,http://www.gigacalculator.com/converters/convert-miles-to-feet-ft.php,Miles to Feet Converter - Convert miles to ft,1296,10
omnicalculator.com,/health/body-water,http://www.omnicalculator.com/health/body-water,Total Body Water Calculator,1290,69
omnicalculator.com,/construction/beam-deflection,http://www.omnicalculator.com/construction/beam-deflection,Beam Deflection Calculator,1287,150
omnicalculator.com,/statistics/coin-flip-probability,http://www.omnicalculator.com/statistics/coin-flip-probability,Coin Flip Probability Calculator,1286,456
thecalculatorsite.com,/articles/units/convert-mg-to-ml.php,http://www.thecalculatorsite.com/articles/units/convert-mg-to-ml.php,How to Convert mg to ml (Milligrams to Milliliters),1283,125
thecalculatorsite.com,/conversions/area/square-kilometers-to-acres.php,http://www.thecalculatorsite.com/conversions/area/square-kilometers-to-acres.php,Square Kilometers and Acres Converter (km² and ac),1282,21
calculatorsoup.com,/calculators/geometry-solids/tube.php,http://www.calculatorsoup.com/calculators/geometry-solids/tube.php,Tube Calculator,1281,64
calculatorsoup.com,/calculators/algebra/dot-product-calculator.php,http://www.calculatorsoup.com/calculators/algebra/dot-product-calculator.php,Dot Product Calculator,1279,68
gigacalculator.com,/converters/convert-grams-to-tsp.php,http://www.gigacalculator.com/converters/convert-grams-to-tsp.php,Grams to Teaspoons Converter - Convert Grams to Tsp,1279,12
widgetly.co,/convert/9-cm-to-inches,http://www.widgetly.co/convert/9-cm-to-inches,How Many Inches is 9 cm? - Convert,1273,0
omnicalculator.com,/conversion/yard-to-meter-conversion,http://www.omnicalculator.com/conversion/yard-to-meter-conversion,Yard to Meter Converter,1269,5
thecalculatorsite.com,/finance/calculators/savings-calculators.php,http://www.thecalculatorsite.com/finance/calculators/savings-calculators.php,Savings Calculator With Regular Deposits/Withdrawals,1268,184
omnicalculator.com,/health/lean-body-mass,http://www.omnicalculator.com/health/lean-body-mass,Lean Body Mass Calculator,1267,106
thecalculatorsite.com,/conversions/area/square-yards-to-square-meters.php,http://www.thecalculatorsite.com/conversions/area/square-yards-to-square-meters.php,Square Yards and Square Meters Converter (yd² and m²),1267,26
omnicalculator.com,/finance/net-to-gross,http://www.omnicalculator.com/finance/net-to-gross,Net to Gross Calculator,1261,187
omnicalculator.com,/health/karvonen-formula,http://www.omnicalculator.com/health/karvonen-formula,Karvonen Formula Calculator,1255,25
omnicalculator.com,/statistics/90-confidence-interval,http://www.omnicalculator.com/statistics/90-confidence-interval,90% Confidence Interval Calculator,1253,9
omnicalculator.com,/math/natural-log,http://www.omnicalculator.com/math/natural-log,Natural Log Calculator,1247,17
calculatorsoup.com,/calculators/health/target-heart-rate-zone-calculator.php,http://www.calculatorsoup.com/calculators/health/target-heart-rate-zone-calculator.php,Target Heart Rate Calculator,1242,293
omnicalculator.com,/physics/mechanical-advantage,http://www.omnicalculator.com/physics/mechanical-advantage,Mechanical Advantage Calculator,1241,38
omnicalculator.com,/math/scalene-triangle-area,http://www.omnicalculator.com/math/scalene-triangle-area,Scalene Triangle Area Calculator,1238,3
omnicalculator.com,/sports/slugging-percentage,http://www.omnicalculator.com/sports/slugging-percentage,Slugging Percentage Calculator,1236,11
omnicalculator.com,/conversion/kilometer,http://www.omnicalculator.com/conversion/kilometer,Kilometer Calculator,1234,16
omnicalculator.com,/sports/fat-burning-zone,http://www.omnicalculator.com/sports/fat-burning-zone,Fat Burning Zone Calculator,1232,50
widgetly.co,/convert/34-cm-to-inches,http://www.widgetly.co/convert/34-cm-to-inches,How Many Inches is 34 cm? - Convert,1230,0
omnicalculator.com,/statistics/simpsons-diversity-index,http://www.omnicalculator.com/statistics/simpsons-diversity-index,Simpson's Diversity Index Calculator,1226,37
omnicalculator.com,/finance/revenue,http://www.omnicalculator.com/finance/revenue,Revenue Calculator,1223,17
omnicalculator.com,/physics/ideal-gas-law,http://www.omnicalculator.com/physics/ideal-gas-law,Ideal Gas Law Calculator,1222,111
omnicalculator.com,/finance/ohio-sales-tax,http://www.omnicalculator.com/finance/ohio-sales-tax,Ohio Sales Tax Calculator,1220,11
gigacalculator.com,/converters/time-zone-converter.php,http://www.gigacalculator.com/converters/time-zone-converter.php,Time Zone Converter & Calculator,1216,10
omnicalculator.com,/math/relative-change,http://www.omnicalculator.com/math/relative-change,Relative Change Calculator,1208,2
omnicalculator.com,/math/e-power-x,http://www.omnicalculator.com/math/e-power-x,e Calculator | eˣ | e Raised to Power of x,1205,29
gigacalculator.com,/converters/convert-square-feet-to-acres-sqft-ac.php,http://www.gigacalculator.com/converters/convert-square-feet-to-acres-sqft-ac.php,Square Feet to Acres Converter - Convert sq ft to ac,1202,25
widgetly.co,/convert/fahrenheit/125-fahrenheit-to-celsius,http://www.widgetly.co/convert/fahrenheit/125-fahrenheit-to-celsius,125°F to Celsius — What is 125 Fahrenheit in °C?,1194,0
omnicalculator.com,/other/pixels-per-inch,http://www.omnicalculator.com/other/pixels-per-inch,PPI Calculator (Pixels Per Inch),1192,239
omnicalculator.com,/physics/electrical-power,http://www.omnicalculator.com/physics/electrical-power,Electrical Power Calculator,1191,12
thecalculatorsite.com,/education/uni-grade-calculator.php,http://www.thecalculatorsite.com/education/uni-grade-calculator.php,University Grade Calculator,1191,109
omnicalculator.com,/physics/mass-moment-of-inertia,http://www.omnicalculator.com/physics/mass-moment-of-inertia,Mass Moment of Inertia Calculator,1190,34
thecalculatorsite.com,/articles/units/how-many-weeks-in-a-year.php,http://www.thecalculatorsite.com/articles/units/how-many-weeks-in-a-year.php,How Many Weeks Are In a Year?,1189,107
gigacalculator.com,/converters/convert-square-feet-to-meters-sqft-sqm.php,http://www.gigacalculator.com/converters/convert-square-feet-to-meters-sqft-sqm.php,Square Feet to Square Meters Converter - Convert sq ft to ...,1181,12
calculator.net,/bandwidth-calculator.html,http://www.calculator.net/bandwidth-calculator.html,Bandwidth Calculator,1179,252
omnicalculator.com,/health/mean-arterial-pressure,http://www.omnicalculator.com/health/mean-arterial-pressure,MAP Calculator (Mean Arterial Pressure),1179,162
omnicalculator.com,/physics/angular-acceleration,http://www.omnicalculator.com/physics/angular-acceleration,Angular Acceleration Calculator,1178,15
omnicalculator.com,/math/cube-root,http://www.omnicalculator.com/math/cube-root,Cube Root Calculator,1176,32
omnicalculator.com,/math/interior-and-exterior-triangle-angles,http://www.omnicalculator.com/math/interior-and-exterior-triangle-angles,Interior and Exterior Triangle Angles Calculator,1173,3
omnicalculator.com,/es/conversion/convertidor-onzas-a-tazas,http://www.omnicalculator.com/es/conversion/convertidor-onzas-a-tazas,Convertidor de onzas a tazas | Oz a tazas,1170,1
widgetly.co,/convert/fahrenheit/175-fahrenheit-to-celsius,http://www.widgetly.co/convert/fahrenheit/175-fahrenheit-to-celsius,175°F to Celsius — What is 175 Fahrenheit in °C?,1169,0
gigacalculator.com,/converters/convert-m-to-km-meters-to-kilometers.php,http://www.gigacalculator.com/converters/convert-m-to-km-meters-to-kilometers.php,Meters to Kilometers Converter - Convert m to km,1155,7
gigacalculator.com,/converters/convert-mb-to-bytes.php,http://www.gigacalculator.com/converters/convert-mb-to-bytes.php,MB to Bytes Converter - Convert MegaBytes to Bytes,1155,27
gigacalculator.com,/calculators/anniversary-calculator.php,http://www.gigacalculator.com/calculators/anniversary-calculator.php,Anniversary Calculator 📅 (Wedding / Marriage ...,1151,8
omnicalculator.com,/math/binomial-coefficient,http://www.omnicalculator.com/math/binomial-coefficient,Binomial Coefficient Calculator,1150,45
calculatorsoup.com,/calculators/financial/future-value-annuity-calculator.php,http://www.calculatorsoup.com/calculators/financial/future-value-annuity-calculator.php,Future Value of Annuity Calculator,1145,144
omnicalculator.com,/es/conversion/convertidor-de-fahrenheit-a-celsius,http://www.omnicalculator.com/es/conversion/convertidor-de-fahrenheit-a-celsius,Convertidor de Fahrenheit a Celsius,1144,0
omnicalculator.com,/food/fresh-to-dry-herb-conversion,http://www.omnicalculator.com/food/fresh-to-dry-herb-conversion,Fresh to Dry Herb Conversion Calculator,1144,3
calculatorsoup.com,/calculators/financial/adding-machine-calculator.php,http://www.calculatorsoup.com/calculators/financial/adding-machine-calculator.php,Adding Machine Calculator,1139,134
omnicalculator.com,/conversion/mile-conversion,http://www.omnicalculator.com/conversion/mile-conversion,Mile Conversion Calculator,1134,8
omnicalculator.com,/physics/acceleration-due-to-gravity,http://www.omnicalculator.com/physics/acceleration-due-to-gravity,Acceleration due to Gravity Calculator,1132,7
thecalculatorsite.com,/conversions/length/micrometers-to-meters.php,http://www.thecalculatorsite.com/conversions/length/micrometers-to-meters.php,Micrometers and Meters Converter (µm and m),1130,26
omnicalculator.com,/other/new-years-countdown,http://www.omnicalculator.com/other/new-years-countdown,New Year Countdown Calculator,1129,1
omnicalculator.com,/chemistry/partial-pressure,http://www.omnicalculator.com/chemistry/partial-pressure,Partial Pressure Calculator,1121,45
omnicalculator.com,/es/construccion/calculadora-pies-cuadrados,http://www.omnicalculator.com/es/construccion/calculadora-pies-cuadrados,Calculadora de pies cuadrados,1117,1
gigacalculator.com,/articles/weighs-five-pounds/,http://www.gigacalculator.com/articles/weighs-five-pounds/,What Weighs Five Pounds?,1114,15
omnicalculator.com,/biology/trihybrid-cross-punnett-square,http://www.omnicalculator.com/biology/trihybrid-cross-punnett-square,Trihybrid Cross Calculator - Punnett Square,1103,11
gigacalculator.com,/converters/convert-m-to-cm-meters-to-centimeters.php,http://www.gigacalculator.com/converters/convert-m-to-cm-meters-to-centimeters.php,Meters to Centimeters Converter - Convert m to cm,1102,22
widgetly.co,/convert/celsius/minus-39-celsius-to-fahrenheit,http://www.widgetly.co/convert/celsius/minus-39-celsius-to-fahrenheit,−39°C to Fahrenheit — What is −39 Celsius in °F?,1100,1
omnicalculator.com,/physics/grams-cc,http://www.omnicalculator.com/physics/grams-cc,Grams to cc Converter,1098,2
omnicalculator.com,/math/right-trapezoid-area,http://www.omnicalculator.com/math/right-trapezoid-area,Right Trapezoid Area Calculator,1097,10
omnicalculator.com,/finance/semi-monthly-pay,http://www.omnicalculator.com/finance/semi-monthly-pay,Semi-Monthly Pay Calculator,1092,26
omnicalculator.com,/health/transferrin,http://www.omnicalculator.com/health/transferrin,Transferrin Saturation Calculator,1092,43
omnicalculator.com,/statistics/standard-deviation,http://www.omnicalculator.com/statistics/standard-deviation,Standard Deviation Calculator,1091,45
omnicalculator.com,/math/special-right-triangles,http://www.omnicalculator.com/math/special-right-triangles,Special Right Triangles Calculator,1090,63
thecalculatorsite.com,/cooking/pints-cups.php,http://www.thecalculatorsite.com/cooking/pints-cups.php,Pints to Cups Converter,1086,12
omnicalculator.com,/es/vida-cotidiana/ano-de-nacimiento,http://www.omnicalculator.com/es/vida-cotidiana/ano-de-nacimiento,Calculadora del año de nacimiento,1085,1
omnicalculator.com,/de/umrechnungen/lbs-in-kg-umrechner,http://www.omnicalculator.com/de/umrechnungen/lbs-in-kg-umrechner,Lbs Umrechner in kg,1077,7
omnicalculator.com,/everyday-life/helium-balloons,http://www.omnicalculator.com/everyday-life/helium-balloons,Helium Balloons Calculator,1076,134
omnicalculator.com,/everyday-life/birth-from-death-date,http://www.omnicalculator.com/everyday-life/birth-from-death-date,Birth From Death Date Calculator,1075,43
omnicalculator.com,/finance/stock-average,http://www.omnicalculator.com/finance/stock-average,Stock Average Calculator,1074,45
omnicalculator.com,/finance/labor-force-participation-rate,http://www.omnicalculator.com/finance/labor-force-participation-rate,Labor Force Participation Rate Calculator,1070,22
omnicalculator.com,/finance/roa,http://www.omnicalculator.com/finance/roa,Return on Assets Calculator,1069,15
omnicalculator.com,/physics/sphere-density,http://www.omnicalculator.com/physics/sphere-density,Sphere Density Calculator,1063,13
thecalculatorsite.com,/articles/units/how-many-feet-in-a-mile.php,http://www.thecalculatorsite.com/articles/units/how-many-feet-in-a-mile.php,How Many Feet Are in a Mile?,1061,113
omnicalculator.com,/finance/real-interest-rate,http://www.omnicalculator.com/finance/real-interest-rate,Real Interest Rate Calculator,1053,17
calculator.net,/compound-interest-calculator.html,http://www.calculator.net/compound-interest-calculator.html,Compound Interest Calculator,1052,554
gigacalculator.com,/calculators/add-days-calculator.php,http://www.gigacalculator.com/calculators/add-days-calculator.php,Add Days Calculator - Date & Time,1041,73
omnicalculator.com,/conversion/square-miles-to-square-km-converter,http://www.omnicalculator.com/conversion/square-miles-to-square-km-converter,Square Miles to Square km Converter,1034,6
thecalculatorsite.com,/articles/cooking/cups-in-one-pound-of-sugar.php,http://www.thecalculatorsite.com/articles/cooking/cups-in-one-pound-of-sugar.php,How Many Cups in One Pound of Sugar?,1032,45
calculatorsoup.com,/calculators/math/factors/35/,http://www.calculatorsoup.com/calculators/math/factors/35/,Factors of 35,1030,0
calculatorsoup.com,/calculators/time/index.php,http://www.calculatorsoup.com/calculators/time/index.php,Time & Date Calculators,1030,126
calculatorsoup.com,/calculators/physics/work.php,http://www.calculatorsoup.com/calculators/physics/work.php,Work Calculator W = Fs - Physics,1029,34
omnicalculator.com,/construction/air-changes-per-hour,http://www.omnicalculator.com/construction/air-changes-per-hour,Air Changes per Hour Calculator,1026,11
thecalculatorsite.com,/conversions/area/square-miles-to-acres.php,http://www.thecalculatorsite.com/conversions/area/square-miles-to-acres.php,Square Miles and Acres Converter (mi² and ac),1026,111
omnicalculator.com,/statistics/t-test,http://www.omnicalculator.com/statistics/t-test,t-test Calculator | Formula | p-value,1025,140
omnicalculator.com,/everyday-life/uk-us-shoe-size,http://www.omnicalculator.com/everyday-life/uk-us-shoe-size,UK to US Shoe Size Converter,1025,10
calculatorsoup.com,/calculators/statistics/descriptivestatistics.php,http://www.calculatorsoup.com/calculators/statistics/descriptivestatistics.php,Descriptive Statistics Calculator,1024,345
widgetly.co,/convert/fahrenheit/260-fahrenheit-to-celsius,http://www.widgetly.co/convert/fahrenheit/260-fahrenheit-to-celsius,260°F to Celsius — What is 260 Fahrenheit in °C?,1011,0
omnicalculator.com,/conversion/celsius-converter,http://www.omnicalculator.com/conversion/celsius-converter,Celsius Converter,1009,11
omnicalculator.com,/everyday-life/date,http://www.omnicalculator.com/everyday-life/date,Date Calculator,1007,66
omnicalculator.com,/health/body-frame-size,http://www.omnicalculator.com/health/body-frame-size,Body Frame Size Calculator,1005,88
omnicalculator.com,/math/hexagonal-pyramid-surface-area,http://www.omnicalculator.com/math/hexagonal-pyramid-surface-area,Hexagonal Pyramid Surface Area Calculator,1001,5
omnicalculator.com,/es/vida-cotidiana/calcualdora-numero-dias,http://www.omnicalculator.com/es/vida-cotidiana/calcualdora-numero-dias,Calculadora de días | Cuántos días,1000,2
omnicalculator.com,/physics/inductive-reactance,http://www.omnicalculator.com/physics/inductive-reactance,Inductive Reactance Calculator,997,16
omnicalculator.com,/everyday-life/eu-us-shoe-size,http://www.omnicalculator.com/everyday-life/eu-us-shoe-size,EU to US Shoe Size Calculator,996,23
gigacalculator.com,/converters/convert-miles-to-meters.php,http://www.gigacalculator.com/converters/convert-miles-to-meters.php,Miles to Meters Converter - Convert miles to m,992,4
omnicalculator.com,/conversion/hectares-to-acres-converter,http://www.omnicalculator.com/conversion/hectares-to-acres-converter,Hectares to Acres Converter,985,6
widgetly.co,/convert/fahrenheit/84-fahrenheit-to-celsius,http://www.widgetly.co/convert/fahrenheit/84-fahrenheit-to-celsius,84°F to Celsius — What is 84 Fahrenheit in °C?,985,0
omnicalculator.com,/physics/pounds-per-square-inch,http://www.omnicalculator.com/physics/pounds-per-square-inch,Pounds per Square Inch Calculator,984,1
omnicalculator.com,/sports/ape-index,http://www.omnicalculator.com/sports/ape-index,"Ape Index Calculator (Arm Span to Height Ratio, Wingspan)",984,34
gigacalculator.com,/calculators/percentage-calculator.php,http://www.gigacalculator.com/calculators/percentage-calculator.php,Percentage Calculator ％ - Percent Change & ...,984,138
omnicalculator.com,/finance/roi,http://www.omnicalculator.com/finance/roi,ROI Calculator - Return on Investment,982,200
omnicalculator.com,/conversion/volume-conversion,http://www.omnicalculator.com/conversion/volume-conversion,Volume Conversion,982,18
gigacalculator.com,/converters/24-hour-to-12-hour-converter.php,http://www.gigacalculator.com/converters/24-hour-to-12-hour-converter.php,24 Hour to 12 Hour Converter and Conversion Chart,982,2
omnicalculator.com,/other/screen-size,http://www.omnicalculator.com/other/screen-size,Screen Size Calculator,976,192
gigacalculator.com,/randomizers/random-choice-generator.php,http://www.gigacalculator.com/randomizers/random-choice-generator.php,Random Choice Generator 🎲 - Choice Picker,976,66
omnicalculator.com,/statistics/standard-deviation-sample-mean,http://www.omnicalculator.com/statistics/standard-deviation-sample-mean,Standard Deviation of Sample Mean Calculator,975,14
omnicalculator.com,/statistics/z-test,http://www.omnicalculator.com/statistics/z-test,Z-test Calculator,972,65
omnicalculator.com,/statistics/p-hat,http://www.omnicalculator.com/statistics/p-hat,P-Hat Calculator,971,2
omnicalculator.com,/health/stroke-volume,http://www.omnicalculator.com/health/stroke-volume,Stroke Volume Calculator,970,28
omnicalculator.com,/physics/dc-wire-size,http://www.omnicalculator.com/physics/dc-wire-size,DC Wire Size Calculator,967,51
omnicalculator.com,/physics/capacitor-energy,http://www.omnicalculator.com/physics/capacitor-energy,Capacitor Energy Calculator,962,32
omnicalculator.com,/conversion/cubic-meter,http://www.omnicalculator.com/conversion/cubic-meter,Cubic Meter Calculator,956,6
omnicalculator.com,/conversion/gr-to-ml-converter,http://www.omnicalculator.com/conversion/gr-to-ml-converter,gr to ml Converter,954,3
omnicalculator.com,/biology/cat-pregnancy,http://www.omnicalculator.com/biology/cat-pregnancy,Cat Pregnancy Calculator,949,17
omnicalculator.com,/biology/cat-age,http://www.omnicalculator.com/biology/cat-age,Cat Age Calculator,946,59
omnicalculator.com,/conversion/millimeter,http://www.omnicalculator.com/conversion/millimeter,Millimeter Calculator,943,15
widgetly.co,/convert/80-cm-to-inches,http://www.widgetly.co/convert/80-cm-to-inches,How Many Inches is 80 cm? - Convert,943,1
thecalculatorsite.com,/conversions/area/hectares-to-acres.php,http://www.thecalculatorsite.com/conversions/area/hectares-to-acres.php,Hectares and Acres Converter (ha and ac),942,59
omnicalculator.com,/math/center-of-mass,http://www.omnicalculator.com/math/center-of-mass,Center of Mass Calculator,938,19
gigacalculator.com,/calculators/cot-calculator.php,http://www.gigacalculator.com/calculators/cot-calculator.php,Cotangent Calculator 📐 - calculates cot(x) for degrees or ...,934,62
omnicalculator.com,/math/centroid-of-a-triangle,http://www.omnicalculator.com/math/centroid-of-a-triangle,Centroid of a Triangle Calculator,926,2
omnicalculator.com,/conversion/metric-to-standard-converter,http://www.omnicalculator.com/conversion/metric-to-standard-converter,Metric to Standard Converter,925,10
gigacalculator.com,/converters/convert-nm-to-micrometer.php,http://www.gigacalculator.com/converters/convert-nm-to-micrometer.php,Nanometers to Micrometers Converter - Convert nm to μm,925,4
omnicalculator.com,/statistics/least-to-greatest,http://www.omnicalculator.com/statistics/least-to-greatest,Least to Greatest Calculator,922,16
omnicalculator.com,/math/circumcenter-of-a-triangle,http://www.omnicalculator.com/math/circumcenter-of-a-triangle,Circumcenter Calculator,921,2
omnicalculator.com,/construction/taper,http://www.omnicalculator.com/construction/taper,Taper Calculator,921,35
omnicalculator.com,/statistics/99-confidence-interval,http://www.omnicalculator.com/statistics/99-confidence-interval,99% Confidence Interval Calculator,919,22
omnicalculator.com,/math/common-denominator,http://www.omnicalculator.com/math/common-denominator,Common Denominator Calculator,912,1
omnicalculator.com,/conversion/million-to-thousand-converter,http://www.omnicalculator.com/conversion/million-to-thousand-converter,Million to Thousand Converter,912,37
thecalculatorsite.com,/conversions/area/square-millimeters-to-square-meters.php,http://www.thecalculatorsite.com/conversions/area/square-millimeters-to-square-meters.php,Square Millimeters and Square Meters Converter,912,26
thecalculatorsite.com,/conversions/common/ounces-to-troy-ounces.php,http://www.thecalculatorsite.com/conversions/common/ounces-to-troy-ounces.php,Ounces (oz) to Troy Ounces Conversion,911,70
calculatorsoup.com,/calculators/physics/hookes-law.php,http://www.calculatorsoup.com/calculators/physics/hookes-law.php,Hooke's Law Calculator F = -kx,910,33
widgetly.co,/convert/fahrenheit/101-fahrenheit-to-celsius,http://www.widgetly.co/convert/fahrenheit/101-fahrenheit-to-celsius,101°F to Celsius — What is 101 Fahrenheit in °C?,908,0
omnicalculator.com,/everyday-life/anniversary,http://www.omnicalculator.com/everyday-life/anniversary,Anniversary Calculator,905,23
omnicalculator.com,/physics/belt-length,http://www.omnicalculator.com/physics/belt-length,Belt Length Calculator,904,60
widgetly.co,/convert/fahrenheit/minus-52-fahrenheit-to-celsius,http://www.widgetly.co/convert/fahrenheit/minus-52-fahrenheit-to-celsius,−52°F to Celsius — What is −52 Fahrenheit in °C?,903,0
gigacalculator.com,/converters/convert-mm-to-m-millimeters-to-meters.php,http://www.gigacalculator.com/converters/convert-mm-to-m-millimeters-to-meters.php,Millimeters to Meters Converter - Convert mm to m,896,6
omnicalculator.com,/math/trapezoid-midsegment,http://www.omnicalculator.com/math/trapezoid-midsegment,Midsegment of a Trapezoid Calculator,895,1
omnicalculator.com,/math/complex-number-to-polar-form,http://www.omnicalculator.com/math/complex-number-to-polar-form,Complex Number to Polar Form Calculator,891,1
widgetly.co,/convert/115-cm-to-inches,http://www.widgetly.co/convert/115-cm-to-inches,How Many Inches is 115 cm? - Convert,891,0
gigacalculator.com,/calculators/speed-calculator.php,http://www.gigacalculator.com/calculators/speed-calculator.php,"Speed, Distance & Time Calculator",890,223
omnicalculator.com,/physics/dipole,http://www.omnicalculator.com/physics/dipole,Dipole Calculator | Antenna Length Calculator,885,101
gigacalculator.com,/converters/convert-ft-to-miles-feet.php,http://www.gigacalculator.com/converters/convert-ft-to-miles-feet.php,Feet to Miles Converter - Convert ft to miles,883,38
calculatorsoup.com,/calculators/time/date-calendar.php,http://www.calculatorsoup.com/calculators/time/date-calendar.php,Date ± Calendar Units Calculator,882,89
widgetly.co,/convert/fahrenheit/109-fahrenheit-to-celsius,http://www.widgetly.co/convert/fahrenheit/109-fahrenheit-to-celsius,109°F to Celsius — What is 109 Fahrenheit in °C?,878,0
omnicalculator.com,/physics/work,http://www.omnicalculator.com/physics/work,Work Calculator | W=F×d,877,46
widgetly.co,/convert/fahrenheit/minus-37-fahrenheit-to-celsius,http://www.widgetly.co/convert/fahrenheit/minus-37-fahrenheit-to-celsius,−37°F to Celsius — What is −37 Fahrenheit in °C?,877,0
omnicalculator.com,/statistics/class-width,http://www.omnicalculator.com/statistics/class-width,Class Width Calculator,876,10
gigacalculator.com,/calculators/area-of-sector-calculator.php,http://www.gigacalculator.com/calculators/area-of-sector-calculator.php,Area of a Sector Calculator,875,68
omnicalculator.com,/physics/moisture-content,http://www.omnicalculator.com/physics/moisture-content,Moisture Content Calculator,874,1
omnicalculator.com,/construction/stair-carpet,http://www.omnicalculator.com/construction/stair-carpet,Stair Carpet Calculator,871,23
omnicalculator.com,/statistics/95-confidence-interval,http://www.omnicalculator.com/statistics/95-confidence-interval,95% Confidence Interval Calculator,869,4
omnicalculator.com,/math/fourth-root,http://www.omnicalculator.com/math/fourth-root,Fourth Root Calculator,868,2
omnicalculator.com,/chemistry/atom,http://www.omnicalculator.com/chemistry/atom,Atom Calculator,865,39
thecalculatorsite.com,/cooking/cups-tablespoons.php,http://www.thecalculatorsite.com/cooking/cups-tablespoons.php,How Many Tablespoons in a Cup? (1/3 1/2 2/3),863,151
omnicalculator.com,/everyday-life/expiration-date,http://www.omnicalculator.com/everyday-life/expiration-date,Expiration Date Calculator,862,103
omnicalculator.com,/conversion/meter-conversion,http://www.omnicalculator.com/conversion/meter-conversion,Meter Converter,862,4
omnicalculator.com,/other/grade,http://www.omnicalculator.com/other/grade,Grade Calculator,851,35
widgetly.co,/convert/168-cm-to-inches,http://www.widgetly.co/convert/168-cm-to-inches,How Many Inches is 168 cm?,851,0
omnicalculator.com,/physics/trajectory-projectile-motion,http://www.omnicalculator.com/physics/trajectory-projectile-motion,Trajectory Calculator,850,50
widgetly.co,/convert/fahrenheit/102-fahrenheit-to-celsius,http://www.widgetly.co/convert/fahrenheit/102-fahrenheit-to-celsius,102°F to Celsius — What is 102 Fahrenheit in °C?,849,0
omnicalculator.com,/conversion/distance-converter,http://www.omnicalculator.com/conversion/distance-converter,Distance Converter,848,8
widgetly.co,/convert/164-cm-to-inches,http://www.widgetly.co/convert/164-cm-to-inches,How Many Inches is 164 cm? - Convert,847,0
omnicalculator.com,/physics/evaporation-rate,http://www.omnicalculator.com/physics/evaporation-rate,Evaporation Rate Calculator,846,14
omnicalculator.com,/physics/angular-frequency,http://www.omnicalculator.com/physics/angular-frequency,Angular Frequency Calculator,845,13
omnicalculator.com,/math/scalene-triangle,http://www.omnicalculator.com/math/scalene-triangle,Scalene Triangle Calculator,844,5
thecalculatorsite.com,/conversions/datastorage/megabytes-gigabytes.php,http://www.thecalculatorsite.com/conversions/datastorage/megabytes-gigabytes.php,Megabytes and Gigabytes Converter (MB and GB),843,73
omnicalculator.com,/conversion/force-conversion,http://www.omnicalculator.com/conversion/force-conversion,Force Converter,841,16
omnicalculator.com,/physics/electric-potential,http://www.omnicalculator.com/physics/electric-potential,Electric Potential Calculator,841,10
omnicalculator.com,/construction/french-drain,http://www.omnicalculator.com/construction/french-drain,French Drain Calculator,837,34
omnicalculator.com,/physics/drag-equation,http://www.omnicalculator.com/physics/drag-equation,Drag Equation Calculator,836,27
gigacalculator.com,/,http://www.gigacalculator.com/,GIGACalculator.com: Online Calculators and Converters,835,1093
omnicalculator.com,/finance/price-per-share,http://www.omnicalculator.com/finance/price-per-share,Price Per Share Calculator,833,7
thecalculatorsite.com,/finance/pay/17-dollars-per-hour.php,http://www.thecalculatorsite.com/finance/pay/17-dollars-per-hour.php,Convert $17 an Hour to Yearly and Monthly Salary,832,68
omnicalculator.com,/math/perfect-square,http://www.omnicalculator.com/math/perfect-square,Perfect Square Calculator,830,24
widgetly.co,/convert/105-cm-to-inches,http://www.widgetly.co/convert/105-cm-to-inches,How Many Inches is 105 cm? - Convert,829,0
omnicalculator.com,/sports/elliptical-calorie,http://www.omnicalculator.com/sports/elliptical-calorie,Elliptical Calorie Calculator,827,12
calculator.net,/lease-calculator.html,http://www.calculator.net/lease-calculator.html,Lease Calculator,823,231
omnicalculator.com,/finance/roas,http://www.omnicalculator.com/finance/roas,ROAS Calculator | Return On Ad Spend,816,51
calculatorsoup.com,/calculators/math/adding-fractions-calculator.php,http://www.calculatorsoup.com/calculators/math/adding-fractions-calculator.php,Adding and Subtracting Fractions Step by Step,813,166
omnicalculator.com,/math/polygon-angle,http://www.omnicalculator.com/math/polygon-angle,Polygon Angle Calculator,811,7
widgetly.co,/convert/fahrenheit/11-fahrenheit-to-celsius,http://www.widgetly.co/convert/fahrenheit/11-fahrenheit-to-celsius,11°F to Celsius — What is 11 Fahrenheit in °C?,811,0
gigacalculator.com,/converters/convert-square-meters-to-feet-sqm-sqft.php,http://www.gigacalculator.com/converters/convert-square-meters-to-feet-sqm-sqft.php,Square Meters to Square Feet Converter - Convert m2 to sq ft,810,18
omnicalculator.com,/biology/soil,http://www.omnicalculator.com/biology/soil,Soil Calculator,808,131
omnicalculator.com,/conversion/joules-to-volts,http://www.omnicalculator.com/conversion/joules-to-volts,Joules to Volts Calculator,807,5
omnicalculator.com,/health/eer-estimated-energy-requirement,http://www.omnicalculator.com/health/eer-estimated-energy-requirement,EER Calculator - Estimated Energy Requirement,802,37
omnicalculator.com,/physics/engine-displacement,http://www.omnicalculator.com/physics/engine-displacement,Engine Displacement Calculator,800,15
omnicalculator.com,/physics/speed-of-light,http://www.omnicalculator.com/physics/speed-of-light,Speed of Light Calculator,798,7
widgetly.co,/convert/8-cm-to-inches,http://www.widgetly.co/convert/8-cm-to-inches,How Many Inches is 8 cm? - Convert,796,0
gigacalculator.com,/converters/convert-nautical-miles-to-kilometers.php,http://www.gigacalculator.com/converters/convert-nautical-miles-to-kilometers.php,Nautical Miles to Kilometers Converter,795,10
widgetly.co,/convert/20-cm-to-inches,http://www.widgetly.co/convert/20-cm-to-inches,How Many Inches is 20 cm? - Convert,792,1
gigacalculator.com,/converters/convert-mm-to-micrometer.php,http://www.gigacalculator.com/converters/convert-mm-to-micrometer.php,Millimeters to Micrometers Converter - Convert mm to μm,791,6
omnicalculator.com,/finance/man-hours,http://www.omnicalculator.com/finance/man-hours,Man-Hours Calculator,785,5
gigacalculator.com,/converters/convert-ft-to-in-feet-to-inches.php,http://www.gigacalculator.com/converters/convert-ft-to-in-feet-to-inches.php,Feet to Inches Converter - Convert ft to in,782,4
omnicalculator.com,/finance/month-over-month,http://www.omnicalculator.com/finance/month-over-month,Month-Over-Month Calculator,779,6
omnicalculator.com,/math/arithmetic-sequence,http://www.omnicalculator.com/math/arithmetic-sequence,Arithmetic Sequence Calculator,779,43
calculatorsoup.com,/calculators/conversions/force.php,http://www.calculatorsoup.com/calculators/conversions/force.php,Force Conversion Calculator,778,54
omnicalculator.com,/other/battery-capacity,http://www.omnicalculator.com/other/battery-capacity,Battery Capacity Calculator,777,172
gigacalculator.com,/converters/dimensions/,http://www.gigacalculator.com/converters/dimensions/,Dimensions Converters,777,3
omnicalculator.com,/physics/charles-law,http://www.omnicalculator.com/physics/charles-law,Charles' Law Calculator,776,43
omnicalculator.com,/physics/rotational-kinetic-energy,http://www.omnicalculator.com/physics/rotational-kinetic-energy,Rotational Kinetic Energy Calculator,772,32
omnicalculator.com,/everyday-life/keystrokes-per-hour,http://www.omnicalculator.com/everyday-life/keystrokes-per-hour,Keystrokes per Hour Calculator,764,7
omnicalculator.com,/conversion/fahrenheit,http://www.omnicalculator.com/conversion/fahrenheit,Fahrenheit Converter,760,5
thecalculatorsite.com,/conversions/velocity.php,http://www.thecalculatorsite.com/conversions/velocity.php,Velocity & Speed Converter,756,53
gigacalculator.com,/converters/convert-kmph-to-mps.php,http://www.gigacalculator.com/converters/convert-kmph-to-mps.php,Kilometers per hour to Meters per second Converter,752,20
widgetly.co,/convert/fahrenheit/95-fahrenheit-to-celsius,http://www.widgetly.co/convert/fahrenheit/95-fahrenheit-to-celsius,95°F to Celsius — What is 95 Fahrenheit in °C?,752,0
omnicalculator.com,/math/triangle-vertices,http://www.omnicalculator.com/math/triangle-vertices,Triangle Vertices Calculator,751,3
thecalculatorsite.com,/articles/units/cubic-feet-in-a-yard.php,http://www.thecalculatorsite.com/articles/units/cubic-feet-in-a-yard.php,How Many Cubic Feet Are in a Yard?,750,43
omnicalculator.com,/chemistry/electronegativity,http://www.omnicalculator.com/chemistry/electronegativity,Electronegativity Calculator,748,71
calculatorsoup.com,/calculators/financial/depreciation-straight-line.php,http://www.calculatorsoup.com/calculators/financial/depreciation-straight-line.php,Straight Line Depreciation Calculator,740,93
widgetly.co,/convert/173-cm-to-inches,http://www.widgetly.co/convert/173-cm-to-inches,How Many Inches is 173 cm? - Convert,737,0
widgetly.co,/convert/50-cm-to-inches,http://www.widgetly.co/convert/50-cm-to-inches,How Many Inches is 50 cm? - Convert,736,0
omnicalculator.com,/health/geriatric-bmi,http://www.omnicalculator.com/health/geriatric-bmi,Geriatric BMI Calculator,735,88
omnicalculator.com,/health/dosage,http://www.omnicalculator.com/health/dosage,Dosage Calculator,734,239
omnicalculator.com,/math/sss-triangle,http://www.omnicalculator.com/math/sss-triangle,SSS Triangle Calculator,733,9
omnicalculator.com,/everyday-life/cm-to-mm-ring-size-converter,http://www.omnicalculator.com/everyday-life/cm-to-mm-ring-size-converter,cm to mm Ring Size Converter,730,6
omnicalculator.com,/health/weight-gain,http://www.omnicalculator.com/health/weight-gain,Weight Gain Calculator,730,151
gigacalculator.com,/calculators/download-time-calculator.php,http://www.gigacalculator.com/calculators/download-time-calculator.php,Download Time Calculator,722,39
omnicalculator.com,/other/angle-of-impact,http://www.omnicalculator.com/other/angle-of-impact,Angle of Impact Calculator,720,10
omnicalculator.com,/other/latitude-longitude-distance,http://www.omnicalculator.com/other/latitude-longitude-distance,Latitude Longitude Distance Calculator,718,81
omnicalculator.com,/chemistry/avogadro,http://www.omnicalculator.com/chemistry/avogadro,Avogadro's Number Calculator,718,45
gigacalculator.com,/calculators/area-calculator.php,http://www.gigacalculator.com/calculators/area-calculator.php,Area Calculator,717,155
gigacalculator.com,/calculators/volume-of-cylinder-calculator.php,http://www.gigacalculator.com/calculators/volume-of-cylinder-calculator.php,Volume of a Cylinder Calculator,717,92
omnicalculator.com,/es/vida-cotidiana/calculadora-de-semanas,http://www.omnicalculator.com/es/vida-cotidiana/calculadora-de-semanas,Calculadora de semanas,715,2
omnicalculator.com,/physics/stress,http://www.omnicalculator.com/physics/stress,Stress Calculator,714,42
omnicalculator.com,/health/inr,http://www.omnicalculator.com/health/inr,INR Calculator | Standardized PT Calc,706,75
omnicalculator.com,/food/taco-bar,http://www.omnicalculator.com/food/taco-bar,Taco Bar Calculator,705,114
thecalculatorsite.com,/conversions/common/watts-amps.php,http://www.thecalculatorsite.com/conversions/common/watts-amps.php,Watts to Amps Conversion Calculator,705,195
calculatorsoup.com,/calculators/financial/present-value-annuity-calculator.php,http://www.calculatorsoup.com/calculators/financial/present-value-annuity-calculator.php,Present Value of Annuity Calculator,704,116
omnicalculator.com,/statistics/binomial-distribution,http://www.omnicalculator.com/statistics/binomial-distribution,Binomial Distribution Calculator,701,131
omnicalculator.com,/math/pyramid-angle,http://www.omnicalculator.com/math/pyramid-angle,Pyramid Angle Calculator,700,4
omnicalculator.com,/biology/acres-per-hour,http://www.omnicalculator.com/biology/acres-per-hour,Acres Per Hour Calculator,700,4
omnicalculator.com,/es/conversion/calculadora-acres-superficie,http://www.omnicalculator.com/es/conversion/calculadora-acres-superficie,"Convertidor de acres a hectáreas, metros cuadrados...",700,1
calculator.net,/debt-consolidation-calculator.html,http://www.calculator.net/debt-consolidation-calculator.html,Debt Consolidation Calculator,696,131
calculatorsoup.com,/calculators/financial/present-value-cash-flows-calculator.php,http://www.calculatorsoup.com/calculators/financial/present-value-cash-flows-calculator.php,Present Value of Cash Flows Calculator,693,151
omnicalculator.com,/es/construccion/calculadora-de-metros-cuadrados,http://www.omnicalculator.com/es/construccion/calculadora-de-metros-cuadrados,Calculadora de metros cuadrados,692,1
omnicalculator.com,/construction/angle-of-depression,http://www.omnicalculator.com/construction/angle-of-depression,Angle of Depression Calculator,691,19
thecalculatorsite.com,/finance/calculators/million-billion,http://www.thecalculatorsite.com/finance/calculators/million-billion,Million to Billion Converter,691,115
gigacalculator.com,/calculators/area-of-circle-calculator.php,http://www.gigacalculator.com/calculators/area-of-circle-calculator.php,Area of a Circle Calculator,691,91
omnicalculator.com,/construction/flooring,http://www.omnicalculator.com/construction/flooring,Flooring Calculator,689,74
omnicalculator.com,/math/dodecagon-area,http://www.omnicalculator.com/math/dodecagon-area,Dodecagon Area Calculator,688,2
omnicalculator.com,/math/circle-equation,http://www.omnicalculator.com/math/circle-equation,Equation of a Circle Calculator,685,70
widgetly.co,/convert/celsius/minus-49-celsius-to-fahrenheit,http://www.widgetly.co/convert/celsius/minus-49-celsius-to-fahrenheit,−49°C to Fahrenheit — What is −49 Celsius in °F?,680,0
omnicalculator.com,/physics/wavelength-to-frequency,http://www.omnicalculator.com/physics/wavelength-to-frequency,Wavelength to Frequency Calculator,677,23
omnicalculator.com,/math/similar-triangles,http://www.omnicalculator.com/math/similar-triangles,Similar Triangles Calculator,675,12
widgetly.co,/convert/63-cm-to-inches,http://www.widgetly.co/convert/63-cm-to-inches,How Many Inches is 63 cm?,675,0
omnicalculator.com,/physics/capacitance,http://www.omnicalculator.com/physics/capacitance,Capacitance Calculator,674,21
widgetly.co,/convert/74-cm-to-inches,http://www.widgetly.co/convert/74-cm-to-inches,How Many Inches is 74 cm? - Convert,673,0
omnicalculator.com,/physics/btu-to-tons-converter,http://www.omnicalculator.com/physics/btu-to-tons-converter,BTU to Tons Converter,671,11
calculator.net,/overweight-calculator.html,http://www.calculator.net/overweight-calculator.html,Overweight Calculator,669,126
omnicalculator.com,/construction/drywall,http://www.omnicalculator.com/construction/drywall,Drywall Calculator,667,127
omnicalculator.com,/physics/lc-filter,http://www.omnicalculator.com/physics/lc-filter,LC Filter Calculator,665,8
widgetly.co,/convert/190-cm-to-inches,http://www.widgetly.co/convert/190-cm-to-inches,How Many Inches is 190 cm? - Convert,664,0
omnicalculator.com,/math/surface-area-of-a-rectangular-pyramid,http://www.omnicalculator.com/math/surface-area-of-a-rectangular-pyramid,Surface Area of a Rectangular Pyramid Calculator,661,5
widgetly.co,/convert/fahrenheit/76-fahrenheit-to-celsius,http://www.widgetly.co/convert/fahrenheit/76-fahrenheit-to-celsius,76°F to Celsius — What is 76 Fahrenheit in °C?,661,0
omnicalculator.com,/physics/simple-pendulum,http://www.omnicalculator.com/physics/simple-pendulum,Simple Pendulum Calculator,660,40
omnicalculator.com,/construction/snow-load,http://www.omnicalculator.com/construction/snow-load,Snow Load Calculator,658,113
gigacalculator.com,/calculators/army-body-fat-calculator.php,http://www.gigacalculator.com/calculators/army-body-fat-calculator.php,Army Body Fat Calculator (New Tape Test),655,71
widgetly.co,/convert/celsius/66-celsius-to-fahrenheit,http://www.widgetly.co/convert/celsius/66-celsius-to-fahrenheit,66°C to Fahrenheit — What is 66 Celsius in °F?,652,0
omnicalculator.com,/construction/fence-picket,http://www.omnicalculator.com/construction/fence-picket,Fence Picket Calculator,650,12
omnicalculator.com,/other/dimensional-weight,http://www.omnicalculator.com/other/dimensional-weight,Dimensional Weight Calculator,647,76
calculator.net,/estate-tax-calculator.html,http://www.calculator.net/estate-tax-calculator.html,Estate Tax Calculator,646,167
widgetly.co,/convert/fahrenheit/155-fahrenheit-to-celsius,http://www.widgetly.co/convert/fahrenheit/155-fahrenheit-to-celsius,155°F to Celsius — What is 155 Fahrenheit in °C?,646,0
omnicalculator.com,/math/centroid,http://www.omnicalculator.com/math/centroid,Centroid Calculator,637,31
gigacalculator.com,/converters/convert-m-to-in-meters-to-inches.php,http://www.gigacalculator.com/converters/convert-m-to-in-meters-to-inches.php,Meters to Inches Converter - Convert m to in,636,11
widgetly.co,/convert/fahrenheit/71-fahrenheit-to-celsius,http://www.widgetly.co/convert/fahrenheit/71-fahrenheit-to-celsius,71°F to Celsius — What is 71 Fahrenheit in °C?,634,0
omnicalculator.com,/finance/attrition-rate,http://www.omnicalculator.com/finance/attrition-rate,Attrition Rate Calculator,633,6
omnicalculator.com,/conversion/angle-converter,http://www.omnicalculator.com/conversion/angle-converter,Angle Conversion Calculator,632,33
omnicalculator.com,/conversion/yard-conversion,http://www.omnicalculator.com/conversion/yard-conversion,Yard Conversion,632,5
omnicalculator.com,/math/volume-of-a-parallelepiped,http://www.omnicalculator.com/math/volume-of-a-parallelepiped,Volume of a Parallelepiped Calculator,631,7
widgetly.co,/convert/69-cm-to-inches,http://www.widgetly.co/convert/69-cm-to-inches,How Many Inches is 69 cm? - Convert,630,0
omnicalculator.com,/physics/density-to-mass,http://www.omnicalculator.com/physics/density-to-mass,Density To Mass Calculator,626,1
omnicalculator.com,/finance/weekly-pay,http://www.omnicalculator.com/finance/weekly-pay,Weekly Pay Calculator,626,24
gigacalculator.com,/randomizers/random-team-generator.php,http://www.gigacalculator.com/randomizers/random-team-generator.php,Random Team Generator,626,147
omnicalculator.com,/statistics/least-to-greatest-decimals,http://www.omnicalculator.com/statistics/least-to-greatest-decimals,Least to Greatest Decimals Calculator,625,2
gigacalculator.com,/randomizers/random-dice-roller.php,http://www.gigacalculator.com/randomizers/random-dice-roller.php,Dice Roller 🎲 Random Dice Roll Generator,624,125
omnicalculator.com,/chemistry/molarity,http://www.omnicalculator.com/chemistry/molarity,Molarity Calculator,622,203
widgetly.co,/convert/180-cm-to-inches,http://www.widgetly.co/convert/180-cm-to-inches,How Many Inches is 180 cm? - Convert,621,0
omnicalculator.com,/es/matematicas/area-de-un-circulo,http://www.omnicalculator.com/es/matematicas/area-de-un-circulo,Calculadora del área de un círculo,618,1
omnicalculator.com,/chemistry/beer-lambert-law,http://www.omnicalculator.com/chemistry/beer-lambert-law,Beer Lambert Law Calculator,618,21
omnicalculator.com,/math/power-of-10,http://www.omnicalculator.com/math/power-of-10,Power of 10 Calculator,616,7
widgetly.co,/convert/177-cm-to-inches,http://www.widgetly.co/convert/177-cm-to-inches,How Many Inches is 177 cm? - Convert,612,0
gigacalculator.com,/converters/mins-to-hours-converter.php,http://www.gigacalculator.com/converters/mins-to-hours-converter.php,Min to Hours Conversion - Converters,611,0
widgetly.co,/convert/fahrenheit/minus-48-fahrenheit-to-celsius,http://www.widgetly.co/convert/fahrenheit/minus-48-fahrenheit-to-celsius,−48°F to Celsius — What is −48 Fahrenheit in °C?,606,0
omnicalculator.com,/health/bmr-katch-mcardle,http://www.omnicalculator.com/health/bmr-katch-mcardle,Katch-McArdle Calculator,599,53
omnicalculator.com,/math/right-triangle,http://www.omnicalculator.com/math/right-triangle,Right Triangle Calculator,599,143
gigacalculator.com,/calculators/arccot-calculator.php,http://www.gigacalculator.com/calculators/arccot-calculator.php,Arccot Calculator,599,36
omnicalculator.com,/other/gpa,http://www.omnicalculator.com/other/gpa,GPA Calculator,597,32
omnicalculator.com,/everyday-life/words-per-minute,http://www.omnicalculator.com/everyday-life/words-per-minute,Words per Minute Calculator,595,57
widgetly.co,/convert/celsius/105-celsius-to-fahrenheit,http://www.widgetly.co/convert/celsius/105-celsius-to-fahrenheit,105°C to Fahrenheit — What is 105 Celsius in °F?,592,0
widgetly.co,/convert/12-cm-to-inches,http://www.widgetly.co/convert/12-cm-to-inches,How Many Inches is 12 cm? - Convert,589,0
calculatorsoup.com,/calculators/algebra/exponentsolve.php,http://www.calculatorsoup.com/calculators/algebra/exponentsolve.php,Solve for Exponents Calculator,584,75
omnicalculator.com,/chemistry/equilibrium-constant,http://www.omnicalculator.com/chemistry/equilibrium-constant,Equilibrium Constant Calculator,583,17
omnicalculator.com,/math/triangle-inequality,http://www.omnicalculator.com/math/triangle-inequality,Triangle Inequality Theorem Calculator,582,6
omnicalculator.com,/math/ellipsoid-volume,http://www.omnicalculator.com/math/ellipsoid-volume,Ellipsoid Volume Calculator,582,24
omnicalculator.com,/everyday-life/audiobook-speed,http://www.omnicalculator.com/everyday-life/audiobook-speed,Audiobook Speed Calculator,579,13
thecalculatorsite.com,/finance/calculators/money-counter.php,http://www.thecalculatorsite.com/finance/calculators/money-counter.php,Money Counter - Online Cash Counter,578,2
omnicalculator.com,/biology/hamster-age,http://www.omnicalculator.com/biology/hamster-age,Hamster Age Calculator,577,34
omnicalculator.com,/chemistry/percent-ionic-character,http://www.omnicalculator.com/chemistry/percent-ionic-character,Percent Ionic Character Calculator,576,5
gigacalculator.com,/converters/convert-cups-to-oz.php,http://www.gigacalculator.com/converters/convert-cups-to-oz.php,Cups to Ounces Converter - Convert Cups to Oz,576,14
omnicalculator.com,/other/wind-chill,http://www.omnicalculator.com/other/wind-chill,Wind Chill Calculator,575,5
omnicalculator.com,/math/cofunction,http://www.omnicalculator.com/math/cofunction,Cofunction Calculator,575,55
omnicalculator.com,/everyday-life/upside-down-text,http://www.omnicalculator.com/everyday-life/upside-down-text,Upside-Down Text Generator,569,1
gigacalculator.com,/converters/convert-acre-to-square-feet-sqft-ac.php,http://www.gigacalculator.com/converters/convert-acre-to-square-feet-sqft-ac.php,Acres to Square Feet Converter - Convert ac to sq ft,568,12
omnicalculator.com,/finance/cogs,http://www.omnicalculator.com/finance/cogs,Cost of Goods Sold Calculator | COGS,566,6
calculatorsoup.com,/calculators/math/fractions-average.php,http://www.calculatorsoup.com/calculators/math/fractions-average.php,Fractions Average Calculator,564,60
widgetly.co,/convert/174-cm-to-inches,http://www.widgetly.co/convert/174-cm-to-inches,How Many Inches is 174 cm? - Convert,564,0
omnicalculator.com,/math/acute-triangle,http://www.omnicalculator.com/math/acute-triangle,Acute Triangle Calculator,563,17
omnicalculator.com,/physics/wire-size,http://www.omnicalculator.com/physics/wire-size,Wire Size Calculator,563,79
calculatorsoup.com,/calculators/math/place-value-calculator.php,http://www.calculatorsoup.com/calculators/math/place-value-calculator.php,Place Value Calculator,563,114
omnicalculator.com,/es/matematicas/volumen-de-cilindro,http://www.omnicalculator.com/es/matematicas/volumen-de-cilindro,Calculadora del volumen de un cilindro,559,3
gigacalculator.com,/converters/convert-in-to-yd-inches-to-yards.php,http://www.gigacalculator.com/converters/convert-in-to-yd-inches-to-yards.php,Inches to Yards Converter - Convert in to yd,558,8
omnicalculator.com,/other/numbers-to-letters,http://www.omnicalculator.com/other/numbers-to-letters,Numbers to Letters Converter,557,1
omnicalculator.com,/es/conversion/conversor-de-segundos-a-minutos,http://www.omnicalculator.com/es/conversion/conversor-de-segundos-a-minutos,Convertidor de segundos a minutos,552,0
widgetly.co,/convert/25-cm-to-inches,http://www.widgetly.co/convert/25-cm-to-inches,How Many Inches is 25 cm? - Convert,550,0
omnicalculator.com,/sports/nrr,http://www.omnicalculator.com/sports/nrr,Net Run Rate Calculator,548,17
omnicalculator.com,/physics/mach-number,http://www.omnicalculator.com/physics/mach-number,Mach Number Calculator,546,9
widgetly.co,/convert/46-cm-to-inches,http://www.widgetly.co/convert/46-cm-to-inches,How Many Inches is 46 cm? - Convert,545,0
omnicalculator.com,/finance/money-multiplier,http://www.omnicalculator.com/finance/money-multiplier,Money Multiplier Calculator,543,14
omnicalculator.com,/other/azimuth,http://www.omnicalculator.com/other/azimuth,Azimuth Calculator,543,68
calculatorsoup.com,/calculators/physics/emc2.php,http://www.calculatorsoup.com/calculators/physics/emc2.php,E = mc² Calculator,542,33
widgetly.co,/convert/fahrenheit/132-fahrenheit-to-celsius,http://www.widgetly.co/convert/fahrenheit/132-fahrenheit-to-celsius,132°F to Celsius — What is 132 Fahrenheit in °C?,542,0
omnicalculator.com,/physics/rms-speed,http://www.omnicalculator.com/physics/rms-speed,Root Mean Square Speed Calculator for Ideal Gas,541,2
thecalculatorsite.com,/articles/units/history-of-the-calculator.php,http://www.thecalculatorsite.com/articles/units/history-of-the-calculator.php,The History Of The Calculator,539,204
omnicalculator.com,/physics/contact-lens-vertex,http://www.omnicalculator.com/physics/contact-lens-vertex,Contact Lens Vertex Calculator,537,5
gigacalculator.com,/converters/convert-cups-to-tsp.php,http://www.gigacalculator.com/converters/convert-cups-to-tsp.php,Cups to Teaspoons Converter - Convert Cups to Tsp,535,8
omnicalculator.com,/math/midpoint,http://www.omnicalculator.com/math/midpoint,Midpoint Calculator (+Formula to Find Halfway Point),534,109
gigacalculator.com,/converters/convert-miles-to-yards-yd.php,http://www.gigacalculator.com/converters/convert-miles-to-yards-yd.php,Miles to Yards Converter - Convert miles to yd,532,9
widgetly.co,/convert/176-cm-to-inches,http://www.widgetly.co/convert/176-cm-to-inches,How Many Inches is 176 cm? - Convert,532,0
widgetly.co,/convert/30-cm-to-inches,http://www.widgetly.co/convert/30-cm-to-inches,How Many Inches is 30 cm? - Convert,529,0
widgetly.co,/convert/79-cm-to-inches,http://www.widgetly.co/convert/79-cm-to-inches,How Many Inches is 79 cm? - Convert,525,0
omnicalculator.com,/chemistry/rate-constant,http://www.omnicalculator.com/chemistry/rate-constant,Rate Constant Calculator,524,18
widgetly.co,/convert/fahrenheit/45-fahrenheit-to-celsius,http://www.widgetly.co/convert/fahrenheit/45-fahrenheit-to-celsius,45°F to Celsius — What is 45 Fahrenheit in °C?,519,0
omnicalculator.com,/everyday-life/belt-size,http://www.omnicalculator.com/everyday-life/belt-size,Belt Size Calculator,517,11
omnicalculator.com,/chemistry/effective-charge,http://www.omnicalculator.com/chemistry/effective-charge,Effective Nuclear Charge Calculator,517,19
omnicalculator.com,/conversion/ms-to-kmh,http://www.omnicalculator.com/conversion/ms-to-kmh,m/s to km/h Converter,515,5
omnicalculator.com,/other/hex-to-text,http://www.omnicalculator.com/other/hex-to-text,Hex-to-Text Converter,514,0
omnicalculator.com,/everyday-life/lunar-age,http://www.omnicalculator.com/everyday-life/lunar-age,Lunar Age Calculator,513,22
widgetly.co,/convert/94-cm-to-inches,http://www.widgetly.co/convert/94-cm-to-inches,How Many Inches is 94 cm? - Convert,509,0
gigacalculator.com,/converters/convert-m-to-mm-meters-to-millimeters.php,http://www.gigacalculator.com/converters/convert-m-to-mm-meters-to-millimeters.php,Meters to Millimeters Converter - Convert m to mm,508,11
thecalculatorsite.com,/conversions/length/30cm,http://www.thecalculatorsite.com/conversions/length/30cm,What is 30 Centimeters in Inches?,507,6
omnicalculator.com,/construction/crushed-stone,http://www.omnicalculator.com/construction/crushed-stone,Crushed Stone Calculator,506,26
calculatorsoup.com,/calculators/geometry-plane/annulus.php,http://www.calculatorsoup.com/calculators/geometry-plane/annulus.php,Annulus Calculator,506,26
omnicalculator.com,/everyday-life/time-between-dates,http://www.omnicalculator.com/everyday-life/time-between-dates,Time Between Dates Calculator,501,48
omnicalculator.com,/biology/dog-heat-cycle,http://www.omnicalculator.com/biology/dog-heat-cycle,Dog Heat Cycle Calculator,500,22
omnicalculator.com,/sports/fishing-reel-line-capacity,http://www.omnicalculator.com/sports/fishing-reel-line-capacity,Fishing Reel Line Capacity Calculator,499,13
thecalculatorsite.com,/articles/units/how-big-is-a-hectare.php,http://www.thecalculatorsite.com/articles/units/how-big-is-a-hectare.php,How Big Is A Hectare?,499,78
calculatorsoup.com,/calculators/financial/depreciation-declining-double.php,http://www.calculatorsoup.com/calculators/financial/depreciation-declining-double.php,Double Declining Balance Depreciation Calculator,498,53
widgetly.co,/convert/52-cm-to-inches,http://www.widgetly.co/convert/52-cm-to-inches,How Many Inches is 52 cm? - Convert,498,0
widgetly.co,/convert/fahrenheit/120-fahrenheit-to-celsius,http://www.widgetly.co/convert/fahrenheit/120-fahrenheit-to-celsius,120°F to Celsius — What is 120 Fahrenheit in °C?,497,0
omnicalculator.com,/physics/escape-velocity,http://www.omnicalculator.com/physics/escape-velocity,Escape Velocity Calculator,496,62
thecalculatorsite.com,/cooking/tablespoons-teaspoons.php,http://www.thecalculatorsite.com/cooking/tablespoons-teaspoons.php,How Many Teaspoons in a Tablespoon?,496,22
widgetly.co,/convert/170-cm-to-inches,http://www.widgetly.co/convert/170-cm-to-inches,How Many Inches is 170 cm?,496,0
thecalculatorsite.com,/conversions/fuelconsumption.php,http://www.thecalculatorsite.com/conversions/fuelconsumption.php,Fuel Consumption Converter,491,105
omnicalculator.com,/health/army-body-fat,http://www.omnicalculator.com/health/army-body-fat,"Army Body Fat Calculator (Height, Weight, Tape)",490,71
calculatorsoup.com,/calculators/financial/rule-of-72-calculator.php,http://www.calculatorsoup.com/calculators/financial/rule-of-72-calculator.php,Rule of 72 Calculator,488,187
omnicalculator.com,/health/ideal-weight,http://www.omnicalculator.com/health/ideal-weight,Ideal Weight Calculator,484,244
omnicalculator.com,/math/diamond-problem,http://www.omnicalculator.com/math/diamond-problem,Diamond Problem Calculator,483,58
omnicalculator.com,/physics/shear-stress,http://www.omnicalculator.com/physics/shear-stress,Shear Stress Calculator,482,16
omnicalculator.com,/physics/index-of-refraction,http://www.omnicalculator.com/physics/index-of-refraction,Index of Refraction Calculator,480,29
omnicalculator.com,/statistics/exponential-regression,http://www.omnicalculator.com/statistics/exponential-regression,Exponential Regression Calculator,479,35
calculatorsoup.com,/calculators/conversions/computerstorage.php,http://www.calculatorsoup.com/calculators/conversions/computerstorage.php,Computer (Digital) Storage Units Converter,478,79
omnicalculator.com,/everyday-life/balloon-arch,http://www.omnicalculator.com/everyday-life/balloon-arch,Balloon Arch Calculator,477,10
omnicalculator.com,/math/exponential-form,http://www.omnicalculator.com/math/exponential-form,Exponential Form Calculator,476,3
widgetly.co,/convert/fahrenheit/112-fahrenheit-to-celsius,http://www.widgetly.co/convert/fahrenheit/112-fahrenheit-to-celsius,112°F to Celsius — What is 112 Fahrenheit in °C?,474,1
omnicalculator.com,/finance/natural-rate-of-unemployment,http://www.omnicalculator.com/finance/natural-rate-of-unemployment,Natural Rate of Unemployment Calculator,473,4
widgetly.co,/convert/fahrenheit/64-fahrenheit-to-celsius,http://www.widgetly.co/convert/fahrenheit/64-fahrenheit-to-celsius,64°F to Celsius — What is 64 Fahrenheit in °C?,471,0
widgetly.co,/convert/70-cm-to-inches,http://www.widgetly.co/convert/70-cm-to-inches,How Many Inches is 70 cm? - Convert,469,0
omnicalculator.com,/construction/log-weight,http://www.omnicalculator.com/construction/log-weight,Log Weight Calculator,468,31
widgetly.co,/convert/celsius/minus-14-celsius-to-fahrenheit,http://www.widgetly.co/convert/celsius/minus-14-celsius-to-fahrenheit,−14°C to Fahrenheit — What is −14 Celsius in °F?,467,0
omnicalculator.com,/statistics/ordering-decimals,http://www.omnicalculator.com/statistics/ordering-decimals,Ordering Decimals Calculator,466,1
omnicalculator.com,/physics/conductivity-to-resistivity,http://www.omnicalculator.com/physics/conductivity-to-resistivity,Conductivity to Resistivity Calculator,457,12
omnicalculator.com,/conversion/length-converter,http://www.omnicalculator.com/conversion/length-converter,Length Converter,456,188
omnicalculator.com,/everyday-life/gas,http://www.omnicalculator.com/everyday-life/gas,Gas Calculator,455,147
omnicalculator.com,/math/parallelogram-perimeter,http://www.omnicalculator.com/math/parallelogram-perimeter,Parallelogram Perimeter Calculator,454,17
omnicalculator.com,/physics/energy-to-wavelength,http://www.omnicalculator.com/physics/energy-to-wavelength,Energy to Wavelength Calculator,454,46
widgetly.co,/convert/67-cm-to-inches,http://www.widgetly.co/convert/67-cm-to-inches,How Many Inches is 67 cm? - Convert,454,0
omnicalculator.com,/math/decagon,http://www.omnicalculator.com/math/decagon,Decagon Calculator,452,3
omnicalculator.com,/math/midsegment-of-a-triangle,http://www.omnicalculator.com/math/midsegment-of-a-triangle,Midsegment of a Triangle Calculator,452,1
thecalculatorsite.com,/misc/cubic-meters-calculator.php,http://www.thecalculatorsite.com/misc/cubic-meters-calculator.php,CBM Calculator for Shipping,452,81
omnicalculator.com,/sports/elo,http://www.omnicalculator.com/sports/elo,Elo Calculator,451,75
calculatorsoup.com,/calculators/math/simplifying-complex-fractions-calculator.php,http://www.calculatorsoup.com/calculators/math/simplifying-complex-fractions-calculator.php,Simplifying Complex Fractions Calculator,450,76
gigacalculator.com,/converters/convert-cm-to-yd-centimeter-to-yard.php,http://www.gigacalculator.com/converters/convert-cm-to-yd-centimeter-to-yard.php,Centimeters to Yards Converter - Convert cm to yd,448,6
gigacalculator.com,/calculators/tangent-calculator.php,http://www.gigacalculator.com/calculators/tangent-calculator.php,Tangent Calculator - calculates tan(x) for degrees or radians,444,53
omnicalculator.com,/physics/momentum,http://www.omnicalculator.com/physics/momentum,Momentum Calculator,443,17
omnicalculator.com,/construction/spindle-spacing,http://www.omnicalculator.com/construction/spindle-spacing,Spindle Spacing Calculator,442,9
thecalculatorsite.com,/conversions/liquidvolume/cubic-yards-to-cubic-feet.php,http://www.thecalculatorsite.com/conversions/liquidvolume/cubic-yards-to-cubic-feet.php,Cubic Feet and Cubic Yards Converter (ft³ and yd³),439,15
omnicalculator.com,/physics/gear-ratio,http://www.omnicalculator.com/physics/gear-ratio,Gear Ratio Calculator,437,117
gigacalculator.com,/calculators/height-calculator.php,http://www.gigacalculator.com/calculators/height-calculator.php,Height Calculator & Height Predictor,436,211
omnicalculator.com,/physics/cutoff-frequency,http://www.omnicalculator.com/physics/cutoff-frequency,Cutoff Frequency Calculator,432,22
omnicalculator.com,/es/vida-cotidiana/contador-de-meses,http://www.omnicalculator.com/es/vida-cotidiana/contador-de-meses,Calculadora de Meses | Contador de Meses,430,1
gigacalculator.com,/calculators/surface-area-calculator.php,http://www.gigacalculator.com/calculators/surface-area-calculator.php,Surface Area Calculator 📐,430,117
widgetly.co,/convert/47-cm-to-inches,http://www.widgetly.co/convert/47-cm-to-inches,How Many Inches is 47 cm? - Convert,430,0
widgetly.co,/convert/184-cm-to-inches,http://www.widgetly.co/convert/184-cm-to-inches,How Many Inches is 184 cm? - Convert,426,0
widgetly.co,/convert/77-cm-to-inches,http://www.widgetly.co/convert/77-cm-to-inches,How Many Inches is 77 cm? - Convert,425,0
omnicalculator.com,/health/net-carbs,http://www.omnicalculator.com/health/net-carbs,Net Carbs Calculator,424,72
omnicalculator.com,/why-balance-chemical-equations,http://www.omnicalculator.com/why-balance-chemical-equations,Why do we balance chemical equations​? Understanding ...,422,0
omnicalculator.com,/es/matematicas/circunferencia,http://www.omnicalculator.com/es/matematicas/circunferencia,Calculadora de circunferencias,422,1
omnicalculator.com,/physics/luminosity,http://www.omnicalculator.com/physics/luminosity,Luminosity Calculator,422,73
omnicalculator.com,/physics/pipe-flow,http://www.omnicalculator.com/physics/pipe-flow,Pipe Flow Calculator,420,115
omnicalculator.com,/conversion/bar-to-atm-conversion,http://www.omnicalculator.com/conversion/bar-to-atm-conversion,Bar To Atm Conversion,416,4
omnicalculator.com,/es/comida/convertidor-de-gramos-a-cucharadas,http://www.omnicalculator.com/es/comida/convertidor-de-gramos-a-cucharadas,Convertidor de gramos a cucharadas,416,0
thecalculatorsite.com,/misc/age-calculator.php,http://www.thecalculatorsite.com/misc/age-calculator.php,Age Calculator 📅 (How Old Am I?),416,266
omnicalculator.com,/construction/asphalt,http://www.omnicalculator.com/construction/asphalt,Asphalt Calculator,414,36
omnicalculator.com,/health/cholesterol-ratio,http://www.omnicalculator.com/health/cholesterol-ratio,Cholesterol Ratio Calculator,414,132
widgetly.co,/convert/98-cm-to-inches,http://www.widgetly.co/convert/98-cm-to-inches,How Many Inches is 98 cm? - Convert,414,0
omnicalculator.com,/math/trapezoid-side,http://www.omnicalculator.com/math/trapezoid-side,Trapezoid Side Calculator,410,3
widgetly.co,/convert/75-cm-to-inches,http://www.widgetly.co/convert/75-cm-to-inches,How Many Inches is 75 cm? - Convert,410,0
widgetly.co,/convert/fahrenheit/minus-57-fahrenheit-to-celsius,http://www.widgetly.co/convert/fahrenheit/minus-57-fahrenheit-to-celsius,−57°F to Celsius — What is −57 Fahrenheit in °C?,409,0
widgetly.co,/convert/fahrenheit/114-fahrenheit-to-celsius,http://www.widgetly.co/convert/fahrenheit/114-fahrenheit-to-celsius,114°F to Celsius — What is 114 Fahrenheit in °C?,409,0
gigacalculator.com,/converters/convert-dm-to-cm-decimeters-to-centimeters.php,http://www.gigacalculator.com/converters/convert-dm-to-cm-decimeters-to-centimeters.php,Decimeters to Centimeters Converter - Convert dm to cm,408,5
widgetly.co,/convert/181-cm-to-inches,http://www.widgetly.co/convert/181-cm-to-inches,How Many Inches is 181 cm? - Convert,408,0
widgetly.co,/convert/71-cm-to-inches,http://www.widgetly.co/convert/71-cm-to-inches,How Many Inches is 71 cm? - Convert,407,0
thecalculatorsite.com,/conversions/time/minutes-days.php,http://www.thecalculatorsite.com/conversions/time/minutes-days.php,Minutes and Days Converter,406,29
gigacalculator.com,/calculators/impact-force-calculator.php,http://www.gigacalculator.com/calculators/impact-force-calculator.php,Calculate the impact force in a collision,406,127
gigacalculator.com,/converters/convert-yd-to-cm-yards-to-centimeters.php,http://www.gigacalculator.com/converters/convert-yd-to-cm-yards-to-centimeters.php,Yards to Centimeters Converter - Convert yd to cm,405,16
omnicalculator.com,/conversion/dimensional-analysis,http://www.omnicalculator.com/conversion/dimensional-analysis,Dimensional Analysis Calculator,403,10
widgetly.co,/convert/165-cm-to-inches,http://www.widgetly.co/convert/165-cm-to-inches,How Many Inches is 165 cm? - Convert,402,0
widgetly.co,/convert/fahrenheit/46-fahrenheit-to-celsius,http://www.widgetly.co/convert/fahrenheit/46-fahrenheit-to-celsius,46°F to Celsius — What is 46 Fahrenheit in °C?,400,0
widgetly.co,/convert/fahrenheit/165-fahrenheit-to-celsius,http://www.widgetly.co/convert/fahrenheit/165-fahrenheit-to-celsius,165°F to Celsius — What is 165 Fahrenheit in °C?,400,0
gigacalculator.com,/calculators/cosine-calculator.php,http://www.gigacalculator.com/calculators/cosine-calculator.php,Cosine Calculator 📐 - calculates cos(x) for degrees or ...,399,88
omnicalculator.com,/physics/air-pressure-at-altitude,http://www.omnicalculator.com/physics/air-pressure-at-altitude,Air Pressure at Altitude Calculator,398,59
omnicalculator.com,/everyday-life/leap-year,http://www.omnicalculator.com/everyday-life/leap-year,Leap Year Calculator,398,42
omnicalculator.com,/everyday-life/price-per-acre,http://www.omnicalculator.com/everyday-life/price-per-acre,Price per Acre Calculator,396,8
gigacalculator.com,/converters/convert-leagues-to-miles.php,http://www.gigacalculator.com/converters/convert-leagues-to-miles.php,Leagues to Miles Converter - Convert lea to miles,396,14
omnicalculator.com,/math/root-mean-square,http://www.omnicalculator.com/math/root-mean-square,Root Mean Square Calculator,393,8
omnicalculator.com,/construction/concrete-weight,http://www.omnicalculator.com/construction/concrete-weight,Concrete Weight Calculator,393,51
omnicalculator.com,/everyday-life/age-in-days,http://www.omnicalculator.com/everyday-life/age-in-days,Age in Days Calculator,388,14
omnicalculator.com,/es/matematicas/volumen,http://www.omnicalculator.com/es/matematicas/volumen,Calculadora de volumen,387,2
omnicalculator.com,/conversion/kpa-conversion,http://www.omnicalculator.com/conversion/kpa-conversion,kPa Converter,385,3
gigacalculator.com,/converters/convert-micrometer-to-nanometer.php,http://www.gigacalculator.com/converters/convert-micrometer-to-nanometer.php,Micrometers to Nanometers Converter - Convert μm to nm,384,4
omnicalculator.com,/finance/private-savings,http://www.omnicalculator.com/finance/private-savings,Private Savings Calculator,383,4
omnicalculator.com,/math/triangle-side,http://www.omnicalculator.com/math/triangle-side,Triangle Side Calculator,383,4
omnicalculator.com,/food/alcohol-by-volume,http://www.omnicalculator.com/food/alcohol-by-volume,ABV Calculator (Alcohol by Volume),383,68
omnicalculator.com,/other/binary-to-text,http://www.omnicalculator.com/other/binary-to-text,Binary to Text Converter,380,1
calculatorsoup.com,/calculators/statistics/gpa-calculator.php,http://www.calculatorsoup.com/calculators/statistics/gpa-calculator.php,GPA Calculator,380,111
calculator.net,/vat-calculator.html,http://www.calculator.net/vat-calculator.html,VAT Calculator,379,65
gigacalculator.com,/calculators/area-of-trapezoid-calculator.php,http://www.gigacalculator.com/calculators/area-of-trapezoid-calculator.php,Area of a Trapezoid Calculator,379,50
omnicalculator.com,/physics/surface-tension,http://www.omnicalculator.com/physics/surface-tension,Surface Tension Calculator,378,3
thecalculatorsite.com,/math/percentage-change.php,http://www.thecalculatorsite.com/math/percentage-change.php,Percentage Change Calculator,377,34
widgetly.co,/convert/155-cm-to-inches,http://www.widgetly.co/convert/155-cm-to-inches,How Many Inches is 155 cm? - Convert,377,0
omnicalculator.com,/construction/vinyl-siding,http://www.omnicalculator.com/construction/vinyl-siding,Vinyl Siding Calculator,376,19
omnicalculator.com,/health/bmr,http://www.omnicalculator.com/health/bmr,BMR Calculator,375,223
widgetly.co,/convert/191-cm-to-inches,http://www.widgetly.co/convert/191-cm-to-inches,How Many Inches is 191 cm?,375,0
gigacalculator.com,/randomizers/random-letter-generator.php,http://www.gigacalculator.com/randomizers/random-letter-generator.php,Random Letter Generator 🄰,373,42
omnicalculator.com,/construction,http://www.omnicalculator.com/construction,Construction Calculators,372,75
omnicalculator.com,/everyday-life/age-in-weeks,http://www.omnicalculator.com/everyday-life/age-in-weeks,Age in Weeks Calculator,371,23
widgetly.co,/convert/81-cm-to-inches,http://www.widgetly.co/convert/81-cm-to-inches,How Many Inches is 81 cm? - Convert,371,0
widgetly.co,/convert/32-cm-to-inches,http://www.widgetly.co/convert/32-cm-to-inches,How Many Inches is 32 cm? - Convert,371,1
gigacalculator.com,/converters/speed-converter.php,http://www.gigacalculator.com/converters/speed-converter.php,Speed Converter,370,6
widgetly.co,/convert/118-cm-to-inches,http://www.widgetly.co/convert/118-cm-to-inches,How Many Inches is 118 cm? - Convert,369,0
gigacalculator.com,/calculators/arctan-calculator.php,http://www.gigacalculator.com/calculators/arctan-calculator.php,Arctan Calculator,368,75
gigacalculator.com,/calculators/tank-volume-calculator.php,http://www.gigacalculator.com/calculators/tank-volume-calculator.php,Tank Volume Calculator,367,96
gigacalculator.com,/converters/convert-cm-to-in-centimeters-to-inches.php,http://www.gigacalculator.com/converters/convert-cm-to-in-centimeters-to-inches.php,Centimeters to Inches Converter - Convert cm to in,367,36
omnicalculator.com,/physics/sun-angle,http://www.omnicalculator.com/physics/sun-angle,Sun Angle Calculator,365,20
omnicalculator.com,/es/conversion/convertidor-de-minutos-a-horas,http://www.omnicalculator.com/es/conversion/convertidor-de-minutos-a-horas,Convertidor de minutos a horas,364,3
gigacalculator.com,/calculators/grade-calculator.php,http://www.gigacalculator.com/calculators/grade-calculator.php,Grade Calculator & Weighted Grade Calculator,364,107
calculatorsoup.com,/calculators/conversions/acceleration.php,http://www.calculatorsoup.com/calculators/conversions/acceleration.php,Acceleration Conversion Calculator,363,41
calculatorsoup.com,/calculators/geometry-calculators.php,http://www.calculatorsoup.com/calculators/geometry-calculators.php,Geometry Calculators,363,76
omnicalculator.com,/everyday-life/price-per-weight,http://www.omnicalculator.com/everyday-life/price-per-weight,Price per Weight Calculator,362,5
widgetly.co,/convert/43-cm-to-inches,http://www.widgetly.co/convert/43-cm-to-inches,How Many Inches is 43 cm? - Convert,362,0
widgetly.co,/convert/68-cm-to-inches,http://www.widgetly.co/convert/68-cm-to-inches,How Many Inches is 68 cm? - Convert,361,0
omnicalculator.com,/physics/kepler-third-law,http://www.omnicalculator.com/physics/kepler-third-law,Kepler's Third Law Calculator,359,16
widgetly.co,/convert/fahrenheit/87-fahrenheit-to-celsius,http://www.widgetly.co/convert/fahrenheit/87-fahrenheit-to-celsius,87°F to Celsius — What is 87 Fahrenheit in °C?,359,0
omnicalculator.com,/math/consecutive-integers,http://www.omnicalculator.com/math/consecutive-integers,Consecutive Integers Calculator,358,34
omnicalculator.com,/math/irregular-trapezoid-area,http://www.omnicalculator.com/math/irregular-trapezoid-area,Irregular Trapezoid Area Calculator,356,4
widgetly.co,/convert/171-cm-to-inches,http://www.widgetly.co/convert/171-cm-to-inches,How Many Inches is 171 cm?,355,0
widgetly.co,/convert/fahrenheit/200-fahrenheit-to-celsius,http://www.widgetly.co/convert/fahrenheit/200-fahrenheit-to-celsius,200°F to Celsius — What is 200 Fahrenheit in °C?,355,0
omnicalculator.com,/physics/hookes-law,http://www.omnicalculator.com/physics/hookes-law,Hooke's Law Calculator,354,53
thecalculatorsite.com,/finance/calculators/forex-compound-calculator.php,http://www.thecalculatorsite.com/finance/calculators/forex-compound-calculator.php,Forex Compounding Calculator,354,91
gigacalculator.com,/calculators/median-calculator.php,http://www.gigacalculator.com/calculators/median-calculator.php,Calculate the median of a set of numbers,354,321
thecalculatorsite.com,/conversions/length/points-to-inches.php,http://www.thecalculatorsite.com/conversions/length/points-to-inches.php,Points and Inches Converter,353,87
widgetly.co,/convert/158-cm-to-inches,http://www.widgetly.co/convert/158-cm-to-inches,How Many Inches is 158 cm?,350,0
widgetly.co,/convert/104-cm-to-inches,http://www.widgetly.co/convert/104-cm-to-inches,How Many Inches is 104 cm? - Convert,349,0
gigacalculator.com,/converters/convert-mm-to-nm-millimeter-to-nanometer.php,http://www.gigacalculator.com/converters/convert-mm-to-nm-millimeter-to-nanometer.php,Millimeters to Nanometers Converter - Convert mm to nm,347,5
omnicalculator.com,/food/garlic-converter,http://www.omnicalculator.com/food/garlic-converter,Garlic Clove to Powder Converter,346,8
omnicalculator.com,/finance/gross-margin,http://www.omnicalculator.com/finance/gross-margin,Gross Margin Calculator,346,5
omnicalculator.com,/finance/discount-rate,http://www.omnicalculator.com/finance/discount-rate,Discount Rate Calculator,345,46
calculatorsoup.com,/calculators/statistics/pin-generator.php,http://www.calculatorsoup.com/calculators/statistics/pin-generator.php,PIN Generator,345,8
omnicalculator.com,/physics/fulcrum,http://www.omnicalculator.com/physics/fulcrum,Fulcrum Calculator,344,7
widgetly.co,/convert/21-cm-to-inches,http://www.widgetly.co/convert/21-cm-to-inches,How Many Inches is 21 cm? - Convert,343,0
widgetly.co,/convert/celsius/minus-47-celsius-to-fahrenheit,http://www.widgetly.co/convert/celsius/minus-47-celsius-to-fahrenheit,−47°C to Fahrenheit — What is −47 Celsius in °F?,343,0
widgetly.co,/convert/89-cm-to-inches,http://www.widgetly.co/convert/89-cm-to-inches,How Many Inches is 89 cm? - Convert,342,0
omnicalculator.com,/other/impact-factor,http://www.omnicalculator.com/other/impact-factor,Impact Factor Calculator,341,7
gigacalculator.com,/calculators/dice-probability-calculator.php,http://www.gigacalculator.com/calculators/dice-probability-calculator.php,Dice Probability Calculator,340,121
widgetly.co,/convert/16-cm-to-inches,http://www.widgetly.co/convert/16-cm-to-inches,How Many Inches is 16 cm? - Convert,340,0
omnicalculator.com,/finance/florida-sales-tax,http://www.omnicalculator.com/finance/florida-sales-tax,Florida Sales Tax Calculator,339,8
omnicalculator.com,/physics/orbital-velocity,http://www.omnicalculator.com/physics/orbital-velocity,Orbital Velocity Calculator,338,49
gigacalculator.com,/calculators/binary-calculator.php,http://www.gigacalculator.com/calculators/binary-calculator.php,Binary Calculator & Converter,338,77
widgetly.co,/convert/103-cm-to-inches,http://www.widgetly.co/convert/103-cm-to-inches,How Many Inches is 103 cm?,337,0
omnicalculator.com,/health/blood-volume,http://www.omnicalculator.com/health/blood-volume,Blood Volume Calculator,336,23
calculatorsoup.com,/calculators/math/money-math-calculator.php,http://www.calculatorsoup.com/calculators/math/money-math-calculator.php,"Money Math | How to Add, Subtract, Multiply, Divide Money",336,3
widgetly.co,/convert/celsius/85-celsius-to-fahrenheit,http://www.widgetly.co/convert/celsius/85-celsius-to-fahrenheit,85°C to Fahrenheit — What is 85 Celsius in °F?,336,0
omnicalculator.com,/health/caffeine,http://www.omnicalculator.com/health/caffeine,Caffeine Calculator,335,51
omnicalculator.com,/math/phase-shift,http://www.omnicalculator.com/math/phase-shift,Phase Shift Calculator,332,62
omnicalculator.com,/physics/density-cylinder,http://www.omnicalculator.com/physics/density-cylinder,Density of a Cylinder Calculator,330,7
widgetly.co,/convert/161-cm-to-inches,http://www.widgetly.co/convert/161-cm-to-inches,How Many Inches is 161 cm?,330,0
widgetly.co,/convert/fahrenheit/26-fahrenheit-to-celsius,http://www.widgetly.co/convert/fahrenheit/26-fahrenheit-to-celsius,26°F to Celsius — What is 26 Fahrenheit in °C?,330,0
omnicalculator.com,/math/perimeter-of-a-triangle-with-vertices,http://www.omnicalculator.com/math/perimeter-of-a-triangle-with-vertices,Perimeter of a Triangle with Vertices Calculator,329,2
thecalculatorsite.com,/finance/calculators/pay-raise.php,http://www.thecalculatorsite.com/finance/calculators/pay-raise.php,"Pay Raise Calculator (Hourly, Weekly, Monthly, Yearly)",329,2
widgetly.co,/convert/fahrenheit/75-fahrenheit-to-celsius,http://www.widgetly.co/convert/fahrenheit/75-fahrenheit-to-celsius,75°F to Celsius — What is 75 Fahrenheit in °C?,329,0
gigacalculator.com,/converters/convert-nm-to-mm-nanometer-to-millimeter.php,http://www.gigacalculator.com/converters/convert-nm-to-mm-nanometer-to-millimeter.php,Nanometers to Millimeters Converter - Convert nm to mm,326,13
gigacalculator.com,/calculators/discount-calculator.php,http://www.gigacalculator.com/calculators/discount-calculator.php,Discount Calculator,326,188
omnicalculator.com,/other/16-9-aspect-ratio,http://www.omnicalculator.com/other/16-9-aspect-ratio,16:9 Aspect Ratio Calculator,324,8
omnicalculator.com,/es/comida/convertidor-de-gramos-a-cucharaditas,http://www.omnicalculator.com/es/comida/convertidor-de-gramos-a-cucharaditas,Convertidor de gramos a cucharaditas,324,1
widgetly.co,/convert/celsius/72-celsius-to-fahrenheit,http://www.widgetly.co/convert/celsius/72-celsius-to-fahrenheit,72°C to Fahrenheit — What is 72 Celsius in °F?,322,0
widgetly.co,/convert/156-cm-to-inches,http://www.widgetly.co/convert/156-cm-to-inches,How Many Inches is 156 cm?,322,0
calculatorsoup.com,/calculators/games/bingo-card-generator.php,http://www.calculatorsoup.com/calculators/games/bingo-card-generator.php,Bingo Card Generator,320,36
gigacalculator.com,/calculators/midpoint-calculator.php,http://www.gigacalculator.com/calculators/midpoint-calculator.php,Midpoint Calculator - Find the Midpoint of a Line Segment,319,38
gigacalculator.com,/randomizers/random-month-generator.php,http://www.gigacalculator.com/randomizers/random-month-generator.php,Random Month Generator 📅 - Pick a Month at Random,318,7
widgetly.co,/convert/celsius/48-celsius-to-fahrenheit,http://www.widgetly.co/convert/celsius/48-celsius-to-fahrenheit,48°C to Fahrenheit — What is 48 Celsius in °F?,315,0
widgetly.co,/convert/fahrenheit/37-fahrenheit-to-celsius,http://www.widgetly.co/convert/fahrenheit/37-fahrenheit-to-celsius,37°F to Celsius — What is 37 Fahrenheit in °C?,314,0
widgetly.co,/convert/154-cm-to-inches,http://www.widgetly.co/convert/154-cm-to-inches,How Many Inches is 154 cm?,313,0
widgetly.co,/convert/fahrenheit/90-fahrenheit-to-celsius,http://www.widgetly.co/convert/fahrenheit/90-fahrenheit-to-celsius,90°F to Celsius — What is 90 Fahrenheit in °C?,312,0
widgetly.co,/convert/139-cm-to-inches,http://www.widgetly.co/convert/139-cm-to-inches,How Many Inches is 139 cm? - Convert,311,0
widgetly.co,/convert/87-cm-to-inches,http://www.widgetly.co/convert/87-cm-to-inches,How Many Inches is 87 cm?,308,0
widgetly.co,/convert/126-cm-to-inches,http://www.widgetly.co/convert/126-cm-to-inches,How Many Inches is 126 cm? - Convert,307,0
gigacalculator.com,/converters/convert-in-to-cm-inches-to-centimeters.php,http://www.gigacalculator.com/converters/convert-in-to-cm-inches-to-centimeters.php,Inches to Centimeters Converter - Convert in to cm,306,44
widgetly.co,/convert/88-cm-to-inches,http://www.widgetly.co/convert/88-cm-to-inches,How Many Inches is 88 cm? - Convert,305,0
widgetly.co,/convert/56-cm-to-inches,http://www.widgetly.co/convert/56-cm-to-inches,How Many Inches is 56 cm? - Convert,305,0
calculatorsoup.com,/calculators/games/draft-pick-value.php,http://www.calculatorsoup.com/calculators/games/draft-pick-value.php,NFL Draft Pick Value Calculator,304,145
widgetly.co,/convert/195-cm-to-inches,http://www.widgetly.co/convert/195-cm-to-inches,How Many Inches is 195 cm?,302,0
gigacalculator.com,/converters/convert-in-to-mm-inches-to-millimeters.php,http://www.gigacalculator.com/converters/convert-in-to-mm-inches-to-millimeters.php,Inches to Millimeters Converter - Convert in to mm,301,15
widgetly.co,/convert/fahrenheit/33-fahrenheit-to-celsius,http://www.widgetly.co/convert/fahrenheit/33-fahrenheit-to-celsius,33°F to Celsius — What is 33 Fahrenheit in °C?,300,0
widgetly.co,/convert/celsius/80-celsius-to-fahrenheit,http://www.widgetly.co/convert/celsius/80-celsius-to-fahrenheit,80°C to Fahrenheit — What is 80 Celsius in °F?,300,0
widgetly.co,/convert/196-cm-to-inches,http://www.widgetly.co/convert/196-cm-to-inches,How Many Inches is 196 cm? - Convert,299,0
gigacalculator.com,/calculators/rice-calculator.php,http://www.gigacalculator.com/calculators/rice-calculator.php,Rice Calculator for How Much Rice to Cook,297,6
gigacalculator.com,/converters/convert-joules-to-watts.php,http://www.gigacalculator.com/converters/convert-joules-to-watts.php,"Convert Joules or KJ to Watts, KW and MW",296,28
gigacalculator.com,/converters/height-converter.php,http://www.gigacalculator.com/converters/height-converter.php,"Height Converter (cm to ft, m to ft etc.)",295,37
widgetly.co,/convert/celsius/minus-31-celsius-to-fahrenheit,http://www.widgetly.co/convert/celsius/minus-31-celsius-to-fahrenheit,−31°C to Fahrenheit — What is −31 Celsius in °F?,295,0
gigacalculator.com,/randomizers/random-alphanumeric-generator.php,http://www.gigacalculator.com/randomizers/random-alphanumeric-generator.php,Random Alphanumeric Generator,294,88
widgetly.co,/convert/fahrenheit/49-fahrenheit-to-celsius,http://www.widgetly.co/convert/fahrenheit/49-fahrenheit-to-celsius,49°F to Celsius — What is 49 Fahrenheit in °C?,289,0
widgetly.co,/convert/82-cm-to-inches,http://www.widgetly.co/convert/82-cm-to-inches,How Many Inches is 82 cm? - Convert,287,1
widgetly.co,/convert/186-cm-to-inches,http://www.widgetly.co/convert/186-cm-to-inches,How Many Inches is 186 cm?,287,0
widgetly.co,/convert/102-cm-to-inches,http://www.widgetly.co/convert/102-cm-to-inches,How Many Inches is 102 cm? - Convert,284,0
widgetly.co,/convert/162-cm-to-inches,http://www.widgetly.co/convert/162-cm-to-inches,How Many Inches is 162 cm? - Convert,281,0
widgetly.co,/convert/124-cm-to-inches,http://www.widgetly.co/convert/124-cm-to-inches,How Many Inches is 124 cm? - Convert,280,0
thecalculatorsite.com,/conversions/datastorage.php,http://www.thecalculatorsite.com/conversions/datastorage.php,Data Storage Converter,278,65
widgetly.co,/convert/91-cm-to-inches,http://www.widgetly.co/convert/91-cm-to-inches,How Many Inches is 91 cm? - Convert,276,1
thecalculatorsite.com,/cooking/cups-pounds.php,http://www.thecalculatorsite.com/cooking/cups-pounds.php,Cups to Pounds Converter for Ingredients,274,0
thecalculatorsite.com,/health/bmicalculator.php,http://www.thecalculatorsite.com/health/bmicalculator.php,BMI Calculator - Metric and Imperial,273,275
widgetly.co,/convert/97-cm-to-inches,http://www.widgetly.co/convert/97-cm-to-inches,How Many Inches is 97 cm? - Convert,273,1
gigacalculator.com,/calculators/perimeter-calculator.php,http://www.gigacalculator.com/calculators/perimeter-calculator.php,Perimeter Calculator,272,104
widgetly.co,/convert/150-cm-to-inches,http://www.widgetly.co/convert/150-cm-to-inches,How Many Inches is 150 cm? - Convert,271,0
widgetly.co,/convert/144-cm-to-inches,http://www.widgetly.co/convert/144-cm-to-inches,How Many Inches is 144 cm?,268,0
widgetly.co,/convert/celsius/71-celsius-to-fahrenheit,http://www.widgetly.co/convert/celsius/71-celsius-to-fahrenheit,71°C to Fahrenheit — What is 71 Celsius in °F?,263,0
widgetly.co,/convert/fahrenheit/56-fahrenheit-to-celsius,http://www.widgetly.co/convert/fahrenheit/56-fahrenheit-to-celsius,56°F to Celsius — What is 56 Fahrenheit in °C?,262,0
calculatorsoup.com,/calculators/algebra/absolute-difference-calculator.php,http://www.calculatorsoup.com/calculators/algebra/absolute-difference-calculator.php,Absolute Difference Calculator,258,46
thecalculatorsite.com,/conversions/area/square-meters-to-hectares.php,http://www.thecalculatorsite.com/conversions/area/square-meters-to-hectares.php,Square Meters and Hectares Converter (m² and ha),255,50
widgetly.co,/convert/fahrenheit/minus-55-fahrenheit-to-celsius,http://www.widgetly.co/convert/fahrenheit/minus-55-fahrenheit-to-celsius,−55°F to Celsius — What is −55 Fahrenheit in °C?,255,0
widgetly.co,/convert/celsius/minus-28-celsius-to-fahrenheit,http://www.widgetly.co/convert/celsius/minus-28-celsius-to-fahrenheit,−28°C to Fahrenheit — What is −28 Celsius in °F?,252,0
thecalculatorsite.com,/conversions/weighttovolume.php,http://www.thecalculatorsite.com/conversions/weighttovolume.php,Weight to Volume Converter,251,161
widgetly.co,/convert/49-cm-to-inches,http://www.widgetly.co/convert/49-cm-to-inches,How Many Inches is 49 cm? - Convert,251,0
calculatorsoup.com,/calculators/statistics/five-number-summary-calculator.php,http://www.calculatorsoup.com/calculators/statistics/five-number-summary-calculator.php,Five Number Summary Calculator,249,1
widgetly.co,/convert/fahrenheit/100-fahrenheit-to-celsius,http://www.widgetly.co/convert/fahrenheit/100-fahrenheit-to-celsius,100°F to Celsius — What is 100 Fahrenheit in °C?,247,1
widgetly.co,/convert/160-cm-to-inches,http://www.widgetly.co/convert/160-cm-to-inches,How Many Inches is 160 cm? - Convert,247,0
widgetly.co,/time-weeks/100-weeks-from-today,http://www.widgetly.co/time-weeks/100-weeks-from-today,What is 100 Weeks From Today?,246,1
gigacalculator.com,/calculators/terminal-velocity-calculator.php,http://www.gigacalculator.com/calculators/terminal-velocity-calculator.php,Terminal Velocity Calculator,243,74
widgetly.co,/convert/fahrenheit/minus-50-fahrenheit-to-celsius,http://www.widgetly.co/convert/fahrenheit/minus-50-fahrenheit-to-celsius,−50°F to Celsius — What is −50 Fahrenheit in °C?,243,0
gigacalculator.com,/calculators/weapon-dps-calculator.php,http://www.gigacalculator.com/calculators/weapon-dps-calculator.php,DPS Calculator for Damage Per Second math,242,47
widgetly.co,/convert/76-cm-to-inches,http://www.widgetly.co/convert/76-cm-to-inches,How Many Inches is 76 cm? - Convert,239,0
widgetly.co,/convert/99-cm-to-inches,http://www.widgetly.co/convert/99-cm-to-inches,How Many Inches is 99 cm? - Convert,237,0
widgetly.co,/convert/130-cm-to-inches,http://www.widgetly.co/convert/130-cm-to-inches,How Many Inches is 130 cm? - Convert,233,0
widgetly.co,/convert/169-cm-to-inches,http://www.widgetly.co/convert/169-cm-to-inches,How Many Inches is 169 cm? - Convert,233,0
widgetly.co,/convert/100-cm-to-inches,http://www.widgetly.co/convert/100-cm-to-inches,How Many Inches is 100 cm? - Convert,232,0
widgetly.co,/convert/fahrenheit/185-fahrenheit-to-celsius,http://www.widgetly.co/convert/fahrenheit/185-fahrenheit-to-celsius,185°F to Celsius — What is 185 Fahrenheit in °C?,229,0
widgetly.co,/convert/122-cm-to-inches,http://www.widgetly.co/convert/122-cm-to-inches,How Many Inches is 122 cm? - Convert,229,0
gigacalculator.com,/converters/convert-cups-to-grams.php,http://www.gigacalculator.com/converters/convert-cups-to-grams.php,Cups to Grams Converter,227,12
widgetly.co,/convert/fahrenheit/88-fahrenheit-to-celsius,http://www.widgetly.co/convert/fahrenheit/88-fahrenheit-to-celsius,88°F to Celsius — What is 88 Fahrenheit in °C?,226,0
gigacalculator.com,/calculators/volume-of-triangular-prism-calculator.php,http://www.gigacalculator.com/calculators/volume-of-triangular-prism-calculator.php,Volume of a Triangular Prism Calculator,224,54
widgetly.co,/convert/194-cm-to-inches,http://www.widgetly.co/convert/194-cm-to-inches,How Many Inches is 194 cm?,224,0
widgetly.co,/convert/189-cm-to-inches,http://www.widgetly.co/convert/189-cm-to-inches,How Many Inches is 189 cm? - Convert,223,0
widgetly.co,/convert/78-cm-to-inches,http://www.widgetly.co/convert/78-cm-to-inches,How Many Inches is 78 cm? - Convert,222,0
calculatorsoup.com,/calculators/construction/concrete-calculator.php,http://www.calculatorsoup.com/calculators/construction/concrete-calculator.php,Concrete Calculator,219,223
calculatorsoup.com,/calculators/financial/net-present-value-calculator.php,http://www.calculatorsoup.com/calculators/financial/net-present-value-calculator.php,Net Present Value Calculator,219,202
gigacalculator.com,/converters/volume-converter.php,http://www.gigacalculator.com/converters/volume-converter.php,Volume Converter,219,29
widgetly.co,/convert/54-cm-to-inches,http://www.widgetly.co/convert/54-cm-to-inches,How Many Inches is 54 cm?,219,0
widgetly.co,/convert/65-cm-to-inches,http://www.widgetly.co/convert/65-cm-to-inches,How Many Inches is 65 cm? - Convert,218,0
widgetly.co,/convert/celsius/22-celsius-to-fahrenheit,http://www.widgetly.co/convert/celsius/22-celsius-to-fahrenheit,22°C to Fahrenheit — What is 22 Celsius in °F?,218,0
widgetly.co,/convert/fahrenheit/94-fahrenheit-to-celsius,http://www.widgetly.co/convert/fahrenheit/94-fahrenheit-to-celsius,94°F to Celsius — What is 94 Fahrenheit in °C?,218,0
widgetly.co,/convert/celsius/96-celsius-to-fahrenheit,http://www.widgetly.co/convert/celsius/96-celsius-to-fahrenheit,96°C to Fahrenheit — What is 96 Celsius in °F?,217,0
widgetly.co,/convert/fahrenheit/minus-3-fahrenheit-to-celsius,http://www.widgetly.co/convert/fahrenheit/minus-3-fahrenheit-to-celsius,−3°F to Celsius — What is −3 Fahrenheit in °C?,217,0
gigacalculator.com,/calculators/work-hours-timesheet-calculator.php,http://www.gigacalculator.com/calculators/work-hours-timesheet-calculator.php,Time Card Calculator 📅 - Free Timesheet ...,214,147
gigacalculator.com,/calculators/octagon-area-calculator.php,http://www.gigacalculator.com/calculators/octagon-area-calculator.php,Area of an Octagon Calculator,213,31
gigacalculator.com,/converters/convert-mb-to-mbit.php,http://www.gigacalculator.com/converters/convert-mb-to-mbit.php,MB to Mbit Converter - Convert MegaBytes to MegaBits,211,4
widgetly.co,/convert/fahrenheit/68-fahrenheit-to-celsius,http://www.widgetly.co/convert/fahrenheit/68-fahrenheit-to-celsius,68°F to Celsius — What is 68 Fahrenheit in °C?,211,0
widgetly.co,/convert/41-cm-to-inches,http://www.widgetly.co/convert/41-cm-to-inches,How Many Inches is 41 cm? - Convert,207,0
widgetly.co,/convert/celsius/minus-16-celsius-to-fahrenheit,http://www.widgetly.co/convert/celsius/minus-16-celsius-to-fahrenheit,−16°C to Fahrenheit — What is −16 Celsius in °F?,206,0
gigacalculator.com,/converters/convert-nautical-mile-land-miles.php,http://www.gigacalculator.com/converters/convert-nautical-mile-land-miles.php,Nautical Miles to Land Miles Converter,204,17
calculatorsoup.com,/calculators/financial/loan-calculator.php,http://www.calculatorsoup.com/calculators/financial/loan-calculator.php,Loan Calculator,203,348
gigacalculator.com,/converters/convert-yd-to-in-yards-to-inches.php,http://www.gigacalculator.com/converters/convert-yd-to-in-yards-to-inches.php,Yards to Inches Converter - Convert yd to in,203,5
widgetly.co,/convert/celsius/74-celsius-to-fahrenheit,http://www.widgetly.co/convert/celsius/74-celsius-to-fahrenheit,74°C to Fahrenheit — What is 74 Celsius in °F?,202,0
thecalculatorsite.com,/math/decimal-to-hex.php,http://www.thecalculatorsite.com/math/decimal-to-hex.php,Decimal to Hex Converter,200,50
widgetly.co,/convert/127-cm-to-inches,http://www.widgetly.co/convert/127-cm-to-inches,How Many Inches is 127 cm? - Convert,200,0
gigacalculator.com,/calculators/acceleration-calculator.php,http://www.gigacalculator.com/calculators/acceleration-calculator.php,Acceleration Calculator,198,92
widgetly.co,/convert/celsius/57-celsius-to-fahrenheit,http://www.widgetly.co/convert/celsius/57-celsius-to-fahrenheit,57°C to Fahrenheit — What is 57 Celsius in °F?,198,0
widgetly.co,/convert/fahrenheit/113-fahrenheit-to-celsius,http://www.widgetly.co/convert/fahrenheit/113-fahrenheit-to-celsius,113°F to Celsius — What is 113 Fahrenheit in °C?,198,0
widgetly.co,/convert/fahrenheit/29-fahrenheit-to-celsius,http://www.widgetly.co/convert/fahrenheit/29-fahrenheit-to-celsius,29°F to Celsius — What is 29 Fahrenheit in °C?,198,0
gigacalculator.com,/calculators/birthday-calculator.php,http://www.gigacalculator.com/calculators/birthday-calculator.php,Birthday Calculator and DoB calculator,197,77
widgetly.co,/convert/114-cm-to-inches,http://www.widgetly.co/convert/114-cm-to-inches,How Many Inches is 114 cm? - Convert,197,0
widgetly.co,/convert/fahrenheit/220-fahrenheit-to-celsius,http://www.widgetly.co/convert/fahrenheit/220-fahrenheit-to-celsius,220°F to Celsius — What is 220 Fahrenheit in °C?,196,0
widgetly.co,/convert/celsius/120-celsius-to-fahrenheit,http://www.widgetly.co/convert/celsius/120-celsius-to-fahrenheit,120°C to Fahrenheit — What is 120 Celsius in °F?,194,0
widgetly.co,/convert/145-cm-to-inches,http://www.widgetly.co/convert/145-cm-to-inches,How Many Inches is 145 cm?,189,0
widgetly.co,/convert/86-cm-to-inches,http://www.widgetly.co/convert/86-cm-to-inches,How Many Inches is 86 cm? - Convert,188,1
widgetly.co,/convert/146-cm-to-inches,http://www.widgetly.co/convert/146-cm-to-inches,How Many Inches is 146 cm?,187,0
gigacalculator.com,/converters/convert-cups-to-tbsp.php,http://www.gigacalculator.com/converters/convert-cups-to-tbsp.php,Cups to Tablespoons Converter - Convert Cups to Tbsp,186,4
gigacalculator.com,/converters/yeast-converter.php,http://www.gigacalculator.com/converters/yeast-converter.php,Yeast Conversion Calculator - Yeast Converter,184,3
widgetly.co,/convert/59-cm-to-inches,http://www.widgetly.co/convert/59-cm-to-inches,How Many Inches is 59 cm? - Convert,184,0
widgetly.co,/convert/55-cm-to-inches,http://www.widgetly.co/convert/55-cm-to-inches,How Many Inches is 55 cm? - Convert,184,0
widgetly.co,/convert/183-cm-to-inches,http://www.widgetly.co/convert/183-cm-to-inches,How Many Inches is 183 cm? - Convert,183,0
widgetly.co,/convert/celsius/34-celsius-to-fahrenheit,http://www.widgetly.co/convert/celsius/34-celsius-to-fahrenheit,34°C to Fahrenheit — What is 34 Celsius in °F?,183,0
gigacalculator.com,/calculators/water-intake-calculator.php,http://www.gigacalculator.com/calculators/water-intake-calculator.php,Daily Water Intake Calculator,182,337
widgetly.co,/convert/fahrenheit/minus-35-fahrenheit-to-celsius,http://www.widgetly.co/convert/fahrenheit/minus-35-fahrenheit-to-celsius,−35°F to Celsius — What is −35 Fahrenheit in °C?,182,0
calculatorsoup.com,/calculators/statistics/statistics-formulas.php,http://www.calculatorsoup.com/calculators/statistics/statistics-formulas.php,Statistics Formulas,180,42
widgetly.co,/convert/27-cm-to-inches,http://www.widgetly.co/convert/27-cm-to-inches,How Many Inches is 27 cm? - Convert,179,0
thecalculatorsite.com,/conversions/common/amps-watts.php,http://www.thecalculatorsite.com/conversions/common/amps-watts.php,Amps to Watts Converter,178,88
widgetly.co,/convert/92-cm-to-inches,http://www.widgetly.co/convert/92-cm-to-inches,How Many Inches is 92 cm? - Convert,177,0
widgetly.co,/convert/83-cm-to-inches,http://www.widgetly.co/convert/83-cm-to-inches,How Many Inches is 83 cm? - Convert,177,0
calculatorsoup.com,/calculators/physics/uniformly-accelerated-motion-calculator.php,http://www.calculatorsoup.com/calculators/physics/uniformly-accelerated-motion-calculator.php,Uniformly Accelerated Motion Calculator,176,53
widgetly.co,/convert/celsius/75-celsius-to-fahrenheit,http://www.widgetly.co/convert/celsius/75-celsius-to-fahrenheit,75°C to Fahrenheit — What is 75 Celsius in °F?,176,0
widgetly.co,/convert/128-cm-to-inches,http://www.widgetly.co/convert/128-cm-to-inches,How Many Inches is 128 cm? - Convert,175,0
widgetly.co,/convert/111-cm-to-inches,http://www.widgetly.co/convert/111-cm-to-inches,How Many Inches is 111 cm?,175,0
calculatorsoup.com,/calculators/financial/future-value-investment-calculator.php,http://www.calculatorsoup.com/calculators/financial/future-value-investment-calculator.php,Future Value of a Present Sum Calculator,173,40
widgetly.co,/convert/celsius/55-celsius-to-fahrenheit,http://www.widgetly.co/convert/celsius/55-celsius-to-fahrenheit,55°C to Fahrenheit — What is 55 Celsius in °F?,173,0
gigacalculator.com,/converters/convert-mps-to-kmph.php,http://www.gigacalculator.com/converters/convert-mps-to-kmph.php,Mps to Kmh Converter (m/s to km/h),172,22
gigacalculator.com,/calculators/hazard-ratio-calculator.php,http://www.gigacalculator.com/calculators/hazard-ratio-calculator.php,Hazard Ratio Calculator,172,55
widgetly.co,/convert/fahrenheit/30-fahrenheit-to-celsius,http://www.widgetly.co/convert/fahrenheit/30-fahrenheit-to-celsius,30°F to Celsius — What is 30 Fahrenheit in °C?,171,0
gigacalculator.com,/calculators/arcsin-calculator.php,http://www.gigacalculator.com/calculators/arcsin-calculator.php,Arcsine Calculator to calculate arcsin(x),167,73
thecalculatorsite.com,/conversions/common/liters-to-metric-tons.php,http://www.thecalculatorsite.com/conversions/common/liters-to-metric-tons.php,Liters to Tons / Tons to Liters Converter,165,67
gigacalculator.com,/calculators/iq-percentile-calculator.php,http://www.gigacalculator.com/calculators/iq-percentile-calculator.php,IQ Percentile Calculator 📊,165,177
widgetly.co,/convert/149-cm-to-inches,http://www.widgetly.co/convert/149-cm-to-inches,How Many Inches is 149 cm? - Convert,165,0
widgetly.co,/convert/72-cm-to-inches,http://www.widgetly.co/convert/72-cm-to-inches,How Many Inches is 72 cm? - Convert,164,0
widgetly.co,/convert/celsius/minus-23-celsius-to-fahrenheit,http://www.widgetly.co/convert/celsius/minus-23-celsius-to-fahrenheit,−23°C to Fahrenheit — What is −23 Celsius in °F?,161,0
thecalculatorsite.com,/conversions/area/square-yards-to-acres.php,http://www.thecalculatorsite.com/conversions/area/square-yards-to-acres.php,Square Yards and Acres Converter (yd² and ac),160,9
widgetly.co,/convert/61-cm-to-inches,http://www.widgetly.co/convert/61-cm-to-inches,How Many Inches is 61 cm? - Convert,159,0
gigacalculator.com,/calculators/hexadecimal-calculator.php,http://www.gigacalculator.com/calculators/hexadecimal-calculator.php,Hex Calculator & Converter,158,66
calculator.net,/marriage-calculator.html,http://www.calculator.net/marriage-calculator.html,Marriage Tax Calculator,157,80
widgetly.co,/convert/133-cm-to-inches,http://www.widgetly.co/convert/133-cm-to-inches,How Many Inches is 133 cm?,157,0
gigacalculator.com,/converters/shoe-size-converter.php,http://www.gigacalculator.com/converters/shoe-size-converter.php,Shoe Size Converter,156,7
gigacalculator.com,/converters/area-unit-converter.php,http://www.gigacalculator.com/converters/area-unit-converter.php,Area Converter (Metric & Imperial),156,15
widgetly.co,/convert/38-cm-to-inches,http://www.widgetly.co/convert/38-cm-to-inches,How Many Inches is 38 cm? - Convert,155,0
widgetly.co,/convert/fahrenheit/180-fahrenheit-to-celsius,http://www.widgetly.co/convert/fahrenheit/180-fahrenheit-to-celsius,180°F to Celsius — What is 180 Fahrenheit in °C?,152,0
gigacalculator.com,/converters/convert-miles-to-leagues.php,http://www.gigacalculator.com/converters/convert-miles-to-leagues.php,Miles to Leagues Converter - Convert miles to lea,151,0
gigacalculator.com,/converters/convert-cm-to-dm-centimeters-to-decimeters.php,http://www.gigacalculator.com/converters/convert-cm-to-dm-centimeters-to-decimeters.php,Centimeters to Decimeters Converter - Convert cm to dm,150,22
thecalculatorsite.com,/energy/lumens-watts.php,http://www.thecalculatorsite.com/energy/lumens-watts.php,Lumens to Watts Converter,149,60
widgetly.co,/convert/fahrenheit/66-fahrenheit-to-celsius,http://www.widgetly.co/convert/fahrenheit/66-fahrenheit-to-celsius,66°F to Celsius — What is 66 Fahrenheit in °C?,148,0
gigacalculator.com,/calculators/lcm-calculator.php,http://www.gigacalculator.com/calculators/lcm-calculator.php,Least Common Multiple (LCM) Calculator,147,14
widgetly.co,/convert/140-cm-to-inches,http://www.widgetly.co/convert/140-cm-to-inches,How Many Inches is 140 cm? - Convert,147,0
widgetly.co,/convert/178-cm-to-inches,http://www.widgetly.co/convert/178-cm-to-inches,How Many Inches is 178 cm? - Convert,145,1
widgetly.co,/convert/167-cm-to-inches,http://www.widgetly.co/convert/167-cm-to-inches,How Many Inches is 167 cm? - Convert,143,0
calculatorsoup.com,/calculators/geometry-solids/pyramid-frustum.php,http://www.calculatorsoup.com/calculators/geometry-solids/pyramid-frustum.php,Pyramid Frustum Calculator,142,1
thecalculatorsite.com,/conversions/massandweight.php,http://www.thecalculatorsite.com/conversions/massandweight.php,Mass / Weight Converter,142,73
gigacalculator.com,/calculators/area-of-triangle-calculator.php,http://www.gigacalculator.com/calculators/area-of-triangle-calculator.php,Area of a Triangle Calculator,142,107
gigacalculator.com,/calculators/p-value-to-z-score-calculator.php,http://www.gigacalculator.com/calculators/p-value-to-z-score-calculator.php,P-value to Z-score Calculator,141,26
widgetly.co,/convert/109-cm-to-inches,http://www.widgetly.co/convert/109-cm-to-inches,How Many Inches is 109 cm? - Convert,140,0
widgetly.co,/convert/62-cm-to-inches,http://www.widgetly.co/convert/62-cm-to-inches,How Many Inches is 62 cm? - Convert,140,0
widgetly.co,/convert/101-cm-to-inches,http://www.widgetly.co/convert/101-cm-to-inches,How Many Inches is 101 cm? - Convert,138,0
calculatorsoup.com,/calculators/financial/depreciation-activity.php,http://www.calculatorsoup.com/calculators/financial/depreciation-activity.php,Activity Method Depreciation Calculator,137,17
widgetly.co,/convert/188-cm-to-inches,http://www.widgetly.co/convert/188-cm-to-inches,How Many Inches is 188 cm? - Convert,137,0
widgetly.co,/convert/fahrenheit/63-fahrenheit-to-celsius,http://www.widgetly.co/convert/fahrenheit/63-fahrenheit-to-celsius,63°F to Celsius — What is 63 Fahrenheit in °C?,137,0
widgetly.co,/convert/celsius/minus-37-celsius-to-fahrenheit,http://www.widgetly.co/convert/celsius/minus-37-celsius-to-fahrenheit,−37°C to Fahrenheit — What is −37 Celsius in °F?,137,0
widgetly.co,/convert/celsius/84-celsius-to-fahrenheit,http://www.widgetly.co/convert/celsius/84-celsius-to-fahrenheit,84°C to Fahrenheit — What is 84 Celsius in °F?,136,0
gigacalculator.com,/calculators/combination-calculator.php,http://www.gigacalculator.com/calculators/combination-calculator.php,Combination Calculator,135,118
gigacalculator.com,/calculators/square-footage-calculator.php,http://www.gigacalculator.com/calculators/square-footage-calculator.php,Square Footage Calculator,135,124
gigacalculator.com,/calculators/sum-calculator.php,http://www.gigacalculator.com/calculators/sum-calculator.php,Summation Calculator & Σ (Sigma) Notation Calculator,134,94
widgetly.co,/convert/celsius/6-celsius-to-fahrenheit,http://www.widgetly.co/convert/celsius/6-celsius-to-fahrenheit,6°C to Fahrenheit — What is 6 Celsius in °F?,134,0
widgetly.co,/convert/123-cm-to-inches,http://www.widgetly.co/convert/123-cm-to-inches,How Many Inches is 123 cm? - Convert,134,0
gigacalculator.com,/calculators/percent-to-decimal-calculator.php,http://www.gigacalculator.com/calculators/percent-to-decimal-calculator.php,Percent to Decimal Calculator,133,35
widgetly.co,/convert/fahrenheit/9-fahrenheit-to-celsius,http://www.widgetly.co/convert/fahrenheit/9-fahrenheit-to-celsius,9°F to Celsius — What is 9 Fahrenheit in °C?,131,0
widgetly.co,/convert/fahrenheit/28-fahrenheit-to-celsius,http://www.widgetly.co/convert/fahrenheit/28-fahrenheit-to-celsius,28°F to Celsius — What is 28 Fahrenheit in °C?,131,0
gigacalculator.com,/converters/convert-acres-to-hectares.php,http://www.gigacalculator.com/converters/convert-acres-to-hectares.php,Acres to Hectares Converter - Convert ac to ha,130,7
widgetly.co,/convert/celsius/minus-12-celsius-to-fahrenheit,http://www.widgetly.co/convert/celsius/minus-12-celsius-to-fahrenheit,−12°C to Fahrenheit — What is −12 Celsius in °F?,129,0
widgetly.co,/convert/celsius/53-celsius-to-fahrenheit,http://www.widgetly.co/convert/celsius/53-celsius-to-fahrenheit,53°C to Fahrenheit — What is 53 Celsius in °F?,127,0
widgetly.co,/convert/53-cm-to-inches,http://www.widgetly.co/convert/53-cm-to-inches,How Many Inches is 53 cm? - Convert,127,0
widgetly.co,/convert/11-cm-to-inches,http://www.widgetly.co/convert/11-cm-to-inches,How Many Inches is 11 cm? - Convert,127,0
widgetly.co,/convert/fahrenheit/36-fahrenheit-to-celsius,http://www.widgetly.co/convert/fahrenheit/36-fahrenheit-to-celsius,36°F to Celsius — What is 36 Fahrenheit in °C?,126,0
widgetly.co,/convert/fahrenheit/50-fahrenheit-to-celsius,http://www.widgetly.co/convert/fahrenheit/50-fahrenheit-to-celsius,50°F to Celsius — What is 50 Fahrenheit in °C?,126,0
calculatorsoup.com,/calculators/conversions/energy.php,http://www.calculatorsoup.com/calculators/conversions/energy.php,Energy Conversion Calculator,125,34
widgetly.co,/convert/celsius/50-celsius-to-fahrenheit,http://www.widgetly.co/convert/celsius/50-celsius-to-fahrenheit,50°C to Fahrenheit — What is 50 Celsius in °F?,124,0
widgetly.co,/convert/1-cm-to-inches,http://www.widgetly.co/convert/1-cm-to-inches,How Many Inches is 1 cm? - Convert,124,0
widgetly.co,/convert/fahrenheit/117-fahrenheit-to-celsius,http://www.widgetly.co/convert/fahrenheit/117-fahrenheit-to-celsius,117°F to Celsius — What is 117 Fahrenheit in °C?,119,0
widgetly.co,/convert/celsius/minus-17-celsius-to-fahrenheit,http://www.widgetly.co/convert/celsius/minus-17-celsius-to-fahrenheit,−17°C to Fahrenheit — What is −17 Celsius in °F?,116,0
widgetly.co,/convert/fahrenheit/103-fahrenheit-to-celsius,http://www.widgetly.co/convert/fahrenheit/103-fahrenheit-to-celsius,103°F to Celsius — What is 103 Fahrenheit in °C?,116,0
widgetly.co,/convert/celsius/101-celsius-to-fahrenheit,http://www.widgetly.co/convert/celsius/101-celsius-to-fahrenheit,101°C to Fahrenheit — What is 101 Celsius in °F?,116,0
thecalculatorsite.com,/time/date-calculator.php,http://www.thecalculatorsite.com/time/date-calculator.php,"Date Calculator - Add to, Subtract From or Countdown to a ...",115,87
widgetly.co,/convert/147-cm-to-inches,http://www.widgetly.co/convert/147-cm-to-inches,How Many Inches is 147 cm?,113,0
gigacalculator.com,/calculators/circumference-of-circle-calculator.php,http://www.gigacalculator.com/calculators/circumference-of-circle-calculator.php,Circumference of a Circle Calculator,112,77
calculatorsoup.com,/calculators/financial/sales-calculator.php,http://www.calculatorsoup.com/calculators/financial/sales-calculator.php,Sales Calculator,111,66
gigacalculator.com,/randomizers/random-country-generator.php,http://www.gigacalculator.com/randomizers/random-country-generator.php,Random Country Generator - Pick a Country at Random,110,99
gigacalculator.com,/calculators/soil-calculator.php,http://www.gigacalculator.com/calculators/soil-calculator.php,Topsoil Calculator - How much soil do I need?,110,117
widgetly.co,/convert/134-cm-to-inches,http://www.widgetly.co/convert/134-cm-to-inches,How Many Inches is 134 cm?,109,0
gigacalculator.com,/calculators/date-time/,http://www.gigacalculator.com/calculators/date-time/,Date & Time Calculators,108,77
widgetly.co,/convert/celsius/minus-21-celsius-to-fahrenheit,http://www.widgetly.co/convert/celsius/minus-21-celsius-to-fahrenheit,−21°C to Fahrenheit — What is −21 Celsius in °F?,104,1
calculatorsoup.com,/calculators/math/goldenratio.php,http://www.calculatorsoup.com/calculators/math/goldenratio.php,Golden Ratio Calculator,102,76
gigacalculator.com,/articles/how-tall-is-a-normal-house-inside-outside/,http://www.gigacalculator.com/articles/how-tall-is-a-normal-house-inside-outside/,How Tall is a Normal House?: Inside & Outside,102,12
widgetly.co,/convert/celsius/20-celsius-to-fahrenheit,http://www.widgetly.co/convert/celsius/20-celsius-to-fahrenheit,20°C to Fahrenheit — What is 20 Celsius in °F?,102,0
widgetly.co,/convert/fahrenheit/134-fahrenheit-to-celsius,http://www.widgetly.co/convert/fahrenheit/134-fahrenheit-to-celsius,134°F to Celsius — What is 134 Fahrenheit in °C?,100,0
gigacalculator.com,/calculators/lcd-calculator.php,http://www.gigacalculator.com/calculators/lcd-calculator.php,Least Common Denominator (LCD) Calculator,99,47
widgetly.co,/convert/celsius/118-celsius-to-fahrenheit,http://www.widgetly.co/convert/celsius/118-celsius-to-fahrenheit,118°C to Fahrenheit — What is 118 Celsius in °F?,99,0
gigacalculator.com,/calculators/z-score-to-p-value-calculator.php,http://www.gigacalculator.com/calculators/z-score-to-p-value-calculator.php,Z-score to P-value Calculator,96,66
gigacalculator.com,/calculators/certificate-of-deposit-calculator.php,http://www.gigacalculator.com/calculators/certificate-of-deposit-calculator.php,CD Calculator - Certificate of Deposit Calculator,96,43
widgetly.co,/convert/celsius/minus-18-celsius-to-fahrenheit,http://www.widgetly.co/convert/celsius/minus-18-celsius-to-fahrenheit,−18°C to Fahrenheit — What is −18 Celsius in °F?,96,0
widgetly.co,/convert/fahrenheit/minus-20-fahrenheit-to-celsius,http://www.widgetly.co/convert/fahrenheit/minus-20-fahrenheit-to-celsius,−20°F to Celsius — What is −20 Fahrenheit in °C?,96,0
thecalculatorsite.com,/time/generations.php,http://www.thecalculatorsite.com/time/generations.php,What Generation am I?,95,9
gigacalculator.com,/calculators/volume-of-sphere-calculator.php,http://www.gigacalculator.com/calculators/volume-of-sphere-calculator.php,Sphere Volume Calculator,95,60
thecalculatorsite.com,/conversions/lengthanddistance.php,http://www.thecalculatorsite.com/conversions/lengthanddistance.php,Length Converter and Distance Converter,94,71
gigacalculator.com,/calculators/random-password-generator.php,http://www.gigacalculator.com/calculators/random-password-generator.php,Password Generator for a Strong Random Password,94,26
widgetly.co,/convert/fahrenheit/105-fahrenheit-to-celsius,http://www.widgetly.co/convert/fahrenheit/105-fahrenheit-to-celsius,105°F to Celsius — What is 105 Fahrenheit in °C?,94,0
calculatorsoup.com,/calculators/statistics/index.php,http://www.calculatorsoup.com/calculators/statistics/index.php,Statistics Calculators,92,144
widgetly.co,/convert/celsius/51-celsius-to-fahrenheit,http://www.widgetly.co/convert/celsius/51-celsius-to-fahrenheit,51°C to Fahrenheit — What is 51 Celsius in °F?,92,0
widgetly.co,/convert/153-cm-to-inches,http://www.widgetly.co/convert/153-cm-to-inches,How Many Inches is 153 cm?,91,0
widgetly.co,/convert/celsius/63-celsius-to-fahrenheit,http://www.widgetly.co/convert/celsius/63-celsius-to-fahrenheit,63°C to Fahrenheit — What is 63 Celsius in °F?,91,0
widgetly.co,/convert/151-cm-to-inches,http://www.widgetly.co/convert/151-cm-to-inches,How Many Inches is 151 cm?,91,0
widgetly.co,/convert/110-cm-to-inches,http://www.widgetly.co/convert/110-cm-to-inches,How Many Inches is 110 cm? - Convert,91,0
widgetly.co,/convert/142-cm-to-inches,http://www.widgetly.co/convert/142-cm-to-inches,How Many Inches is 142 cm? - Convert,90,0
widgetly.co,/convert/celsius/104-celsius-to-fahrenheit,http://www.widgetly.co/convert/celsius/104-celsius-to-fahrenheit,104°C to Fahrenheit — What is 104 Celsius in °F?,90,0
gigacalculator.com,/converters/time-to-decimal-converter.php,http://www.gigacalculator.com/converters/time-to-decimal-converter.php,Time to Decimal Converter (hours and minutes ...,89,19
calculatorsoup.com,/calculators/discretemathematics/multifactorials.php,http://www.calculatorsoup.com/calculators/discretemathematics/multifactorials.php,Multifactorial Calculator,87,10
gigacalculator.com,/converters/decimal-to-time-converter.php,http://www.gigacalculator.com/converters/decimal-to-time-converter.php,Decimal to Time Converter,86,27
gigacalculator.com,/randomizers/random-string-generator.php,http://www.gigacalculator.com/randomizers/random-string-generator.php,Random String Generator,85,22
gigacalculator.com,/calculators/percent-to-fraction-calculator.php,http://www.gigacalculator.com/calculators/percent-to-fraction-calculator.php,Percent to Fraction Calculator,83,14
gigacalculator.com,/calculators/standard-deviation-calculator.php,http://www.gigacalculator.com/calculators/standard-deviation-calculator.php,Standard Deviation Calculator,82,93
gigacalculator.com,/converters/butter-converter.php,http://www.gigacalculator.com/converters/butter-converter.php,Butter Converter - How Much is a Stick of Butter?,80,9
gigacalculator.com,/calculators/volume-of-cone-calculator.php,http://www.gigacalculator.com/calculators/volume-of-cone-calculator.php,Volume of a Cone Calculator,74,48
gigacalculator.com,/calculators/scientific-notation-calculator.php,http://www.gigacalculator.com/calculators/scientific-notation-calculator.php,Scientific Notation Calculator and Converter (2 in 1),74,82
gigacalculator.com,/converters/convert-sqmi-to-square-km-miles.php,http://www.gigacalculator.com/converters/convert-sqmi-to-square-km-miles.php,Square Miles to Square Kilometers Converter,74,7
gigacalculator.com,/articles/understanding-mens-to-womens-size-conversions-and-vice-versa/,http://www.gigacalculator.com/articles/understanding-mens-to-womens-size-conversions-and-vice-versa/,Understanding Men's to Women's Size Conversions,73,8
gigacalculator.com,/calculators/chronological-age-calculator.php,http://www.gigacalculator.com/calculators/chronological-age-calculator.php,Chronological Age Calculator,73,27
thecalculatorsite.com,/finance/calculators/simple-interest-calculator.php,http://www.thecalculatorsite.com/finance/calculators/simple-interest-calculator.php,Simple Interest Calculator With Regular Deposits ...,72,158
thecalculatorsite.com,/conversions/substances/oil.php,http://www.thecalculatorsite.com/conversions/substances/oil.php,Oil Converter,71,58
gigacalculator.com,/calculators/confidence-interval-calculator.php,http://www.gigacalculator.com/calculators/confidence-interval-calculator.php,Confidence Interval Calculator,71,115
gigacalculator.com,/calculators/day-counter.php,http://www.gigacalculator.com/calculators/day-counter.php,Day Counter & Date Duration Calculator,71,60
gigacalculator.com,/converters/length-converter.php,http://www.gigacalculator.com/converters/length-converter.php,Length Converter - Convert between units of length,71,6
calculatorsoup.com,/calculators/games/diceroll.php,http://www.calculatorsoup.com/calculators/games/diceroll.php,Dice Roller,70,124
calculator.net,/root-calculator.html?ctype=2&cvar2=27&x=0&y=0,http://www.calculator.net/root-calculator.html?ctype=2&cvar2=27&x=0&y=0,Root Calculator,69,0
gigacalculator.com,/calculators/van-der-waals-equation-calculator.php,http://www.gigacalculator.com/calculators/van-der-waals-equation-calculator.php,Van der Waals Equation Calculator,69,27
gigacalculator.com,/articles/p-value-definition-and-interpretation-in-statistics/,http://www.gigacalculator.com/articles/p-value-definition-and-interpretation-in-statistics/,What is a p-value in statistics,69,35
thecalculatorsite.com,/finance/calculators/how-long-to-save,http://www.thecalculatorsite.com/finance/calculators/how-long-to-save,How Long Will it Take to Save?,67,71
gigacalculator.com,/calculators/asphalt-calculator.php,http://www.gigacalculator.com/calculators/asphalt-calculator.php,Asphalt Calculator - How much asphalt do you need?,66,104
calculatorsoup.com,/calculators/conversions/weighttroy.php,http://www.calculatorsoup.com/calculators/conversions/weighttroy.php,Troy Weight Conversion Calculator,65,17
gigacalculator.com,/converters/convert-bits-to-bytes.php,http://www.gigacalculator.com/converters/convert-bits-to-bytes.php,Bits to Bytes Converter,65,19
thecalculatorsite.com,/cooking/grams-ml.php,http://www.thecalculatorsite.com/cooking/grams-ml.php,Grams to mL Converter,64,0
gigacalculator.com,/converters/convert-hex-to-binary.php,http://www.gigacalculator.com/converters/convert-hex-to-binary.php,Hex to Binary Converter,64,7
gigacalculator.com,/calculators/endpoint-calculator.php,http://www.gigacalculator.com/calculators/endpoint-calculator.php,Endpoint Calculator - Find the Endpoint of a Line Segment,62,29
gigacalculator.com,/calculators/conversion-rate-calculator.php,http://www.gigacalculator.com/calculators/conversion-rate-calculator.php,Conversion Rate Calculator,62,68
gigacalculator.com,/calculators/density-calculator.php,http://www.gigacalculator.com/calculators/density-calculator.php,Density Calculator,62,40
gigacalculator.com,/calculators/gravel-calculator.php,http://www.gigacalculator.com/calculators/gravel-calculator.php,Calculate how much gravel you need,60,136
gigacalculator.com,/calculators/area-of-rectangle-calculator.php,http://www.gigacalculator.com/calculators/area-of-rectangle-calculator.php,Area of a Rectangle Calculator,60,111
calculatorsoup.com,/calculators/financial/nominal-interest-rate-calculator.php,http://www.calculatorsoup.com/calculators/financial/nominal-interest-rate-calculator.php,Nominal Interest Rate Calculator,59,60
gigacalculator.com,/calculators/calendar-calculator.php,http://www.gigacalculator.com/calculators/calendar-calculator.php,Calendar Calculator 📅,59,1
gigacalculator.com,/calculators/area-of-square-calculator.php,http://www.gigacalculator.com/calculators/area-of-square-calculator.php,Area of a Square Calculator,58,63
calculatorsoup.com,/calculators/math/round-to-nearest-multiple.php,http://www.calculatorsoup.com/calculators/math/round-to-nearest-multiple.php,Round to Nearest Multiple Calculator,57,87
thecalculatorsite.com,/finance/calculators/apy-calculator.php,http://www.thecalculatorsite.com/finance/calculators/apy-calculator.php,APY Interest Calculator | Annual Percentage Yield,56,82
thecalculatorsite.com,/conversions/area/square-kilometers-to-hectares.php,http://www.thecalculatorsite.com/conversions/area/square-kilometers-to-hectares.php,Square Kilometers and Hectares Converter (km² and ha),56,10
gigacalculator.com,/converters/convert-square-miles-to-feet-sqmi-sqft.php,http://www.gigacalculator.com/converters/convert-square-miles-to-feet-sqmi-sqft.php,Square Miles to Square Feet Converter,56,9
gigacalculator.com,/calculators/harmonic-mean-calculator.php,http://www.gigacalculator.com/calculators/harmonic-mean-calculator.php,Harmonic Mean Calculator,55,23
gigacalculator.com,/converters/convert-decimal-to-hex.php,http://www.gigacalculator.com/converters/convert-decimal-to-hex.php,Decimal to Hex Converter,54,17
gigacalculator.com,/calculators/binomial-probability-calculator.php,http://www.gigacalculator.com/calculators/binomial-probability-calculator.php,Binomial Distribution Calculator,53,266
gigacalculator.com,/converters/convert-percent-to-fraction.php,http://www.gigacalculator.com/converters/convert-percent-to-fraction.php,Percent to Fraction Converter,52,8
thecalculatorsite.com,/finance/calculators/stock-average.php,http://www.thecalculatorsite.com/finance/calculators/stock-average.php,Stock Average Calculator,51,1
gigacalculator.com,/calculators/volume-of-cube-calculator.php,http://www.gigacalculator.com/calculators/volume-of-cube-calculator.php,Volume of a Cube Calculator,51,66
gigacalculator.com,/calculators/log-calculator.php,http://www.gigacalculator.com/calculators/log-calculator.php,Logarithm Calculator (Calculate log(x) with any base),51,72
gigacalculator.com,/calculators/decimal-to-percent-calculator.php,http://www.gigacalculator.com/calculators/decimal-to-percent-calculator.php,Decimal to Percent Calculator,49,28
thecalculatorsite.com,/finance/calculators/cagr-calculator.php,http://www.thecalculatorsite.com/finance/calculators/cagr-calculator.php,CAGR Calculator - Calculate Growth Rate,48,106
gigacalculator.com,/calculators/angular-speed-calculator.php,http://www.gigacalculator.com/calculators/angular-speed-calculator.php,Angular Velocity Calculator,45,51
gigacalculator.com,/calculators/permutation-calculator.php,http://www.gigacalculator.com/calculators/permutation-calculator.php,Permutations Calculator,44,53
thecalculatorsite.com,/conversions/common/acres-square-feet.php,http://www.thecalculatorsite.com/conversions/common/acres-square-feet.php,Acres to Square Feet,43,3
thecalculatorsite.com,/energy/led-savings-calculator.php,http://www.thecalculatorsite.com/energy/led-savings-calculator.php,LED Savings Calculator,43,79
gigacalculator.com,/calculators/cube-root-calculator.php,http://www.gigacalculator.com/calculators/cube-root-calculator.php,Cube Root Calculator,43,44
gigacalculator.com,/calculators/pace-calculator.php,http://www.gigacalculator.com/calculators/pace-calculator.php,Average Pace Calculator,43,65
gigacalculator.com,/calculators/raid-calculator.php,http://www.gigacalculator.com/calculators/raid-calculator.php,RAID Calculator - RAID Storage Capacity & Speed Calculator,42,64
gigacalculator.com,/calculators/salary-to-hourly-calculator.php,http://www.gigacalculator.com/calculators/salary-to-hourly-calculator.php,Salary to Hourly Calculator,42,162
gigacalculator.com,/calculators/p-value-significance-calculator.php,http://www.gigacalculator.com/calculators/p-value-significance-calculator.php,P-value Calculator & Statistical Significance Calculator,41,154
gigacalculator.com,/articles/what-is-15-hour-salary/,http://www.gigacalculator.com/articles/what-is-15-hour-salary/,What is $15 an Hour as a Salary?: Is Your Pay Worth It?,40,11
gigacalculator.com,/calculators/metal-weight-calculator.php,http://www.gigacalculator.com/calculators/metal-weight-calculator.php,Metal Weight Calculator,40,149
gigacalculator.com,/calculators/time-value-of-money-calculator.php,http://www.gigacalculator.com/calculators/time-value-of-money-calculator.php,Time Value of Money (TVM) Calculator,39,165
thecalculatorsite.com,/conversions/,http://www.thecalculatorsite.com/conversions/,Unit Conversions,37,118
gigacalculator.com,/calculators/rice-to-water-calculator.php,http://www.gigacalculator.com/calculators/rice-to-water-calculator.php,Water to Rice Calculator for all types of rice,37,1
gigacalculator.com,/calculators/container-loading-calculator.php,http://www.gigacalculator.com/calculators/container-loading-calculator.php,Container Loading Calculator,36,63
gigacalculator.com,/calculators/brick-calculator.php,http://www.gigacalculator.com/calculators/brick-calculator.php,Brick Calculator with Mortar (How many bricks do I need?),34,35
gigacalculator.com,/calculators/pipe-flow-rate-calculator.php,http://www.gigacalculator.com/calculators/pipe-flow-rate-calculator.php,Flow Rate Calculator (Pipe flow calculator),33,127
gigacalculator.com,/converters/timesheet-converter.php,http://www.gigacalculator.com/converters/timesheet-converter.php,Timesheet Converter (Convert time to decimal and ...,33,35
gigacalculator.com,/converters/military-time-converter.php,http://www.gigacalculator.com/converters/military-time-converter.php,Military Time Converter and Conversion Chart,33,19
thecalculatorsite.com,/conversions/area/square-yards-to-cents.php,http://www.thecalculatorsite.com/conversions/area/square-yards-to-cents.php,Square Yards and Cents Converter (yd² and ct),31,6
thecalculatorsite.com,/conversions/length/picas-to-inches.php,http://www.thecalculatorsite.com/conversions/length/picas-to-inches.php,Picas and Inches Converter,31,22
gigacalculator.com,/converters/convert-parsec-to-light-year.php,http://www.gigacalculator.com/converters/convert-parsec-to-light-year.php,Parsecs to Light years Converter - Convert pc to ly,31,14
gigacalculator.com,/calculators/odds-calculator.php,http://www.gigacalculator.com/calculators/odds-calculator.php,Odds Calculator & Betting Odds Converter (Bet Calculator),30,87
gigacalculator.com,/calculators/future-value-calculator.php,http://www.gigacalculator.com/calculators/future-value-calculator.php,Future Value Calculator - FV calculator with payments,26,86
gigacalculator.com,/articles/animals-weigh-400-pounds/,http://www.gigacalculator.com/articles/animals-weigh-400-pounds/,What are Animals That Weigh 400 Pounds?,26,1
gigacalculator.com,/converters/convert-decimal-to-binary.php,http://www.gigacalculator.com/converters/convert-decimal-to-binary.php,Convert decimals to binary numbers,25,33
gigacalculator.com,/calculators/odds-ratio-calculator.php,http://www.gigacalculator.com/calculators/odds-ratio-calculator.php,Odds Ratio Calculator,24,79
gigacalculator.com,/calculators/normality-test-calculator.php,http://www.gigacalculator.com/calculators/normality-test-calculator.php,"Normality Test Calculator - Shapiro-Wilk, Anderson-Darling ...",23,44
gigacalculator.com,/converters/salary-converter.php,http://www.gigacalculator.com/converters/salary-converter.php,Salary Converter,22,123
gigacalculator.com,/calculators/kinetic-energy-calculator.php,http://www.gigacalculator.com/calculators/kinetic-energy-calculator.php,Kinetic Energy Calculator,22,41
gigacalculator.com,/converters/metric-conversion.php,http://www.gigacalculator.com/converters/metric-conversion.php,Metric Converter - Convert between units of length. Unit ...,21,41
gigacalculator.com,/calculators/bmr-calculator.php,http://www.gigacalculator.com/calculators/bmr-calculator.php,Basal Metabolic Rate (BMR) Calculator,20,46
gigacalculator.com,/calculators/thermic-effect-food-calculator.php,http://www.gigacalculator.com/calculators/thermic-effect-food-calculator.php,Thermic Effect of Food (TEF) Calculator,19,33
gigacalculator.com,/calculators/npv-calculator.php,http://www.gigacalculator.com/calculators/npv-calculator.php,NPV Calculator - Calculate Net Present Value,19,180
gigacalculator.com,/calculators/error-function-calculator.php,http://www.gigacalculator.com/calculators/error-function-calculator.php,Error Function Calculator - high precision erf(x) and erfc(x),19,37
calculatorsoup.com,/calculators/statistics/number-generator.php,http://www.calculatorsoup.com/calculators/statistics/number-generator.php,Random Number and Letter Set Generator,17,84
gigacalculator.com,/calculators/sine-calculator.php,http://www.gigacalculator.com/calculators/sine-calculator.php,Sine Calculator to calculate sin(x),17,81
gigacalculator.com,/calculators/concrete-calculator.php,http://www.gigacalculator.com/calculators/concrete-calculator.php,Concrete Calculator : How much concrete do I need?,17,107
gigacalculator.com,/calculators/leap-year-calculator.php,http://www.gigacalculator.com/calculators/leap-year-calculator.php,Leap Year Calculator 📅 - Check for Leap Years,17,42
calculatorsoup.com,/calculators/statistics/word-counter.php,http://www.calculatorsoup.com/calculators/statistics/word-counter.php,Word Counter,16,1
gigacalculator.com,/articles/what-is-the-difference-between-uppercase-and-lowercase-roman-numerals/,http://www.gigacalculator.com/articles/what-is-the-difference-between-uppercase-and-lowercase-roman-numerals/,What is the Difference Between Uppercase and Lowercase ...,16,4
calculatorsoup.com,/calculators/geometry-solids/capsule.php,http://www.calculatorsoup.com/calculators/geometry-solids/capsule.php,Capsule Calculator,15,18
calculatorsoup.com,/calculators/financial/money-change-calculator.php,http://www.calculatorsoup.com/calculators/financial/money-change-calculator.php,Money Change Calculator,15,0
gigacalculator.com,/calculators/weight-loss-calorie-calculator.php,http://www.gigacalculator.com/calculators/weight-loss-calorie-calculator.php,Calorie calculator for weight loss,15,199
gigacalculator.com,/converters/convert-fathoms-to-meters.php,http://www.gigacalculator.com/converters/convert-fathoms-to-meters.php,Fathoms to Meters Converter,13,1
gigacalculator.com,/calculators/sobriety-calculator.php,http://www.gigacalculator.com/calculators/sobriety-calculator.php,Sobriety Calculator (How long have I been sober?),13,21
gigacalculator.com,/calculators/area-of-parallelogram-calculator.php,http://www.gigacalculator.com/calculators/area-of-parallelogram-calculator.php,Area of a Parallelogram Calculator,12,51
gigacalculator.com,/calculators/xirr-calculator.php,http://www.gigacalculator.com/calculators/xirr-calculator.php,XIRR Calculator - Extended Internal Rate of Return,11,3
gigacalculator.com,/converters/convert-fraction-to-percent.php,http://www.gigacalculator.com/converters/convert-fraction-to-percent.php,Fraction to Percent Converter,11,9
gigacalculator.com,/converters/convert-binary-to-decimal.php,http://www.gigacalculator.com/converters/convert-binary-to-decimal.php,Binary to Decimal Converter,11,6
gigacalculator.com,/calculators/sleep-calculator.php,http://www.gigacalculator.com/calculators/sleep-calculator.php,Sleep Calculator,10,8
gigacalculator.com,/calculators/fractions-calculator.php,http://www.gigacalculator.com/calculators/fractions-calculator.php,Fraction Calculator for Easy Fractions Math,10,84
gigacalculator.com,/calculators/relative-risk-calculator.php,http://www.gigacalculator.com/calculators/relative-risk-calculator.php,Relative Risk Calculator,10,41
gigacalculator.com,/calculators/six-sigma-dpmo-calculator.php,http://www.gigacalculator.com/calculators/six-sigma-dpmo-calculator.php,Six Sigma Calculator - Sigma Level & DPMO Calculator,9,119
gigacalculator.com,/converters/convert-light-year-to-parsec.php,http://www.gigacalculator.com/converters/convert-light-year-to-parsec.php,Light years to Parsecs Converter - Convert ly to pc,8,24
gigacalculator.com,/calculators/variance-calculator.php,http://www.gigacalculator.com/calculators/variance-calculator.php,Variance Calculator,8,2
gigacalculator.com,/calculators/z-score-calculator.php,http://www.gigacalculator.com/calculators/z-score-calculator.php,Z Score Calculator - Z Table Calculator,7,96
gigacalculator.com,/calculators/return-on-sales-calculator.php,http://www.gigacalculator.com/calculators/return-on-sales-calculator.php,Return on Sales Calculator,7,23
gigacalculator.com,/articles/how-long-does-it-take-for-primer-to-dry/,http://www.gigacalculator.com/articles/how-long-does-it-take-for-primer-to-dry/,How Long Does It Take for Primer to Dry?,7,2
gigacalculator.com,/calculators/weighted-mean-calculator.php,http://www.gigacalculator.com/calculators/weighted-mean-calculator.php,Weighted Average Calculator,7,54
gigacalculator.com,/calculators/transportation/,http://www.gigacalculator.com/calculators/transportation/,Transportation Calculators,7,8
thecalculatorsite.com,/cooking/air-fryer.php,http://www.thecalculatorsite.com/cooking/air-fryer.php,Air Fryer Converter - Cooking Times and Temps,6,0
thecalculatorsite.com,/dailycompound?a=350&c=1&d=0&dr=100&dw=y&iw=y&m=24&md=0&p=1&pp=daily&rp=monthly&sd=2022-01-13&y=0,http://www.thecalculatorsite.com/dailycompound?a=350&c=1&d=0&dr=100&dw=y&iw=y&m=24&md=0&p=1&pp=daily&rp=monthly&sd=2022-01-13&y=0,Daily Compound Interest Calculator,6,0
gigacalculator.com,/calculators/power-sample-size-calculator.php,http://www.gigacalculator.com/calculators/power-sample-size-calculator.php,Power & Sample Size Calculator,6,143
gigacalculator.com,/calculators/bsa-calculator.php,http://www.gigacalculator.com/calculators/bsa-calculator.php,Body Surface Area (BSA) Calculator,6,103
gigacalculator.com,/calculators/lean-body-mass-calculator.php,http://www.gigacalculator.com/calculators/lean-body-mass-calculator.php,Lean Body Mass (LBM) Calculator,6,39
gigacalculator.com,/calculators/ideal-gas-law-calculator.php,http://www.gigacalculator.com/calculators/ideal-gas-law-calculator.php,Ideal Gas Law Calculator,6,94
salary-checkup.com,/us/new-york,http://www.salary-checkup.com/us/new-york,New York Paycheck Calculator 2026,3,0
salary-checkup.com,/us,http://www.salary-checkup.com/us,US Paycheck Calculator 2026 — Federal & State Tax Calculator,0,0
salary-checkup.com,/,http://www.salary-checkup.com/,SalaryCheckup — Free Salary & Tax Calculator 2026 (US ...,0,12
thecalculatorsite.com,/conversions/common/feet-cm.php,http://www.thecalculatorsite.com/conversions/common/feet-cm.php,Feet to Cm Converter,0,2
