month,type,category,slug,label,competitor_traffic,min_refdomains,competitors,score,example_url,key
0,service,site,/,/,0,0,,100,,page:/
0,service,site,/about/,/about/,0,0,,100,,page:/about/
0,service,site,/methodology/,/methodology/,0,0,,100,,page:/methodology/
0,service,site,/editorial-policy/,/editorial-policy/,0,0,,100,,page:/editorial-policy/
0,service,site,/authors/,/authors/,0,0,,100,,page:/authors/
0,service,site,/contact/,/contact/,0,0,,100,,page:/contact/
0,service,site,/privacy/,/privacy/,0,0,,100,,page:/privacy/
0,service,site,/terms/,/terms/,0,0,,100,,page:/terms/
0,hub,time-date,/time-date/,time-date hub,0,0,,100,,hub:time-date
0,hub,work-pay,/work-pay/,work-pay hub,0,0,,100,,hub:work-pay
0,hub,construction,/construction/,construction hub,0,0,,100,,hub:construction
0,hub,math,/math/,math hub,0,0,,100,,hub:math
0,hub,conversions,/conversions/,conversions hub,0,0,,100,,hub:conversions
0,calculator,construction,/paint-calculator/,paint calculator,0,0,,99,,calc:paint
0,converter,conversions,/lbs-to-kg/,lb to kg,10807882,0,calculatorsoup.com inchcalculator.com omnicalculator.com rapidtables.com thecalculatorsite.com unitconverters.net,7.794,http://www.unitconverters.net/weight-and-mass/lbs-to-kg.htm,conv:lb>kg
0,converter,conversions,/oz-to-lbs/,oz to lb,8757677,19,inchcalculator.com omnicalculator.com rapidtables.com thecalculatorsite.com unitconverters.net,7.408,http://www.rapidtables.com/convert/weight/ounce-to-pound.html,conv:oz>lb
0,converter,conversions,/lbs-to-oz/,lb to oz,4360500,9,inchcalculator.com omnicalculator.com rapidtables.com unitconverters.net,7.357,http://www.rapidtables.com/convert/weight/pound-to-ounce.html,conv:lb>oz
0,converter,conversions,/liters-to-gallons/,l to gal,7403811,12,inchcalculator.com omnicalculator.com unitconverters.net,7.33,http://www.unitconverters.net/volume/liters-to-gallons.htm,conv:l>gal
0,converter,conversions,/km-to-miles/,km to mi,4030549,0,omnicalculator.com rapidtables.com unitconverters.net,7.319,http://www.unitconverters.net/length/km-to-miles.htm,conv:km>mi
0,converter,conversions,/feet-to-meters/,ft to m,3635489,0,rapidtables.com unitconverters.net,7.27,http://www.unitconverters.net/length/feet-to-meters.htm,conv:ft>m
0,converter,conversions,/mm-to-inches/,mm to in,3616921,1,inchcalculator.com omnicalculator.com rapidtables.com thecalculatorsite.com unitconverters.net,7.267,http://www.unitconverters.net/length/mm-to-inches.htm,conv:mm>in
0,converter,conversions,/kg-to-lbs/,kg to lb,2933187,0,calculatorsoup.com inchcalculator.com omnicalculator.com rapidtables.com unitconverters.net,7.166,http://www.unitconverters.net/weight-and-mass/kg-to-lbs.htm,conv:kg>lb
0,converter,conversions,/meters-to-feet/,m to ft,5092114,30,calculatorsoup.com inchcalculator.com omnicalculator.com rapidtables.com unitconverters.net,7.157,http://www.unitconverters.net/length/meters-to-feet.htm,conv:m>ft
0,converter,conversions,/oz-to-ml/,oz to ml,4750390,13,inchcalculator.com omnicalculator.com thecalculatorsite.com,7.124,http://www.omnicalculator.com/conversion/oz-ml-converter,conv:oz>ml
0,converter,conversions,/ml-to-oz/,ml to oz,3020790,12,inchcalculator.com omnicalculator.com unitconverters.net,6.915,http://www.omnicalculator.com/conversion/ml-to-oz-converter,conv:ml>oz
0,qa,conversions,/how-many-oz-in-a-lb/,How many ounces in a pound,4758362,66,rapidtables.com,6.851,http://www.rapidtables.com/convert/weight/how-many-ounces-in-pound.html,qa:oz-in-lb
0,converter,conversions,/gallons-to-liters/,gal to l,2247096,20,inchcalculator.com unitconverters.net,6.777,http://www.unitconverters.net/volume/gallons-to-liters.htm,conv:gal>l
0,converter,conversions,/inches-to-cm/,in to cm,2173372,22,calculatorsoup.com inchcalculator.com rapidtables.com thecalculatorsite.com unitconverters.net,6.762,http://www.unitconverters.net/length/inches-to-cm.htm,conv:in>cm
0,converter,conversions,/square-feet-to-acres/,sqft to acre,1210817,6,calculatorsoup.com thecalculatorsite.com unitconverters.net,6.741,http://www.unitconverters.net/area/square-feet-to-acres.htm,conv:sqft>acre
0,converter,conversions,/miles-to-km/,mi to km,3539084,106,rapidtables.com thecalculatorsite.com unitconverters.net,6.719,http://www.unitconverters.net/length/miles-to-km.htm,conv:mi>km
0,converter,conversions,/gallons-to-oz/,gal to oz,1850152,23,inchcalculator.com thecalculatorsite.com,6.687,http://www.thecalculatorsite.com/conversions/common/gallons-ounces.php,conv:gal>oz
0,converter,conversions,/cm-to-meters/,cm to m,1004102,10,omnicalculator.com rapidtables.com unitconverters.net,6.65,http://www.unitconverters.net/length/cm-to-m.htm,conv:cm>m
0,converter,conversions,/inches-to-mm/,in to mm,1001569,0,rapidtables.com unitconverters.net,6.649,http://www.unitconverters.net/length/inches-to-mm.htm,conv:in>mm
0,converter,time-date,/weeks-to-years/,week to year,464152,3,omnicalculator.com,6.61,http://www.omnicalculator.com/conversion/weeks-to-years-converter,conv:week>year
0,converter,conversions,/feet-to-inches/,ft to in,887340,2,inchcalculator.com omnicalculator.com rapidtables.com thecalculatorsite.com unitconverters.net,6.591,http://www.unitconverters.net/length/feet-to-inches.htm,conv:ft>in
0,calculator,work-pay,/work-hours-calculator/,work hours,434738,311,calculatorsoup.com,6.554,http://www.calculatorsoup.com/calculators/time/work-hours-calculator.php,calc:work-hours
0,converter,conversions,/oz-to-grams/,oz to g,1368203,35,omnicalculator.com rapidtables.com thecalculatorsite.com unitconverters.net,6.548,http://www.rapidtables.com/convert/weight/ounce-to-gram.html,conv:oz>g
0,converter,conversions,/yards-to-meters/,yd to m,812179,7,omnicalculator.com unitconverters.net,6.548,http://www.unitconverters.net/length/yards-to-meters.htm,conv:yd>m
0,converter,conversions,/celsius-to-fahrenheit/,degc to degf,796565,0,calculatorsoup.com inchcalculator.com omnicalculator.com rapidtables.com,6.539,http://www.calculatorsoup.com/calculators/conversions/celsius-to-fahrenheit.php,conv:degc>degf
0,converter,conversions,/liters-to-ml/,l to ml,771470,7,inchcalculator.com unitconverters.net,6.524,http://www.unitconverters.net/volume/l-to-ml.htm,conv:l>ml
0,converter,conversions,/fahrenheit-to-celsius/,degf to degc,764617,1,calculatorsoup.com inchcalculator.com omnicalculator.com rapidtables.com,6.519,http://www.calculatorsoup.com/calculators/conversions/fahrenheit-to-celsius.php,conv:degf>degc
0,calculator,math,/fraction-calculator/,fraction,1628949,1,calculator.net calculatorsoup.com omnicalculator.com,6.508,http://www.calculator.net/fraction-calculator.html,calc:fraction
0,converter,conversions,/cm-to-inches/,cm to in,1257495,16,calculatorsoup.com rapidtables.com thecalculatorsite.com unitconverters.net,6.508,http://www.unitconverters.net/length/cm-to-inches.htm,conv:cm>in
0,converter,conversions,/oz-to-cups/,oz to cup,1215872,18,inchcalculator.com omnicalculator.com,6.493,http://www.omnicalculator.com/conversion/ounces-to-cups,conv:oz>cup
0,qa,conversions,/how-many-weeks-in-a-year/,How many weeks are in a year?,1979698,120,rapidtables.com,6.46,http://www.rapidtables.com/calc/time/weeks-in-year.html,qa:week-in-year
0,converter,conversions,/fl-oz-to-gallons/,floz to gal,1077427,11,inchcalculator.com unitconverters.net,6.437,http://www.unitconverters.net/volume/fluid-ounce-us-to-gallon-us.htm,conv:floz>gal
0,converter,conversions,/inches-to-feet/,in to ft,1707989,70,inchcalculator.com rapidtables.com thecalculatorsite.com unitconverters.net,6.395,http://www.unitconverters.net/length/inches-to-feet.htm,conv:in>ft
0,converter,conversions,/meters-to-miles/,m to mi,589660,5,omnicalculator.com rapidtables.com unitconverters.net,6.394,http://www.unitconverters.net/length/meters-to-miles.htm,conv:m>mi
0,converter,conversions,/km-to-meters/,km to m,579770,3,omnicalculator.com rapidtables.com unitconverters.net,6.386,http://www.unitconverters.net/length/km-to-m.htm,conv:km>m
0,converter,conversions,/oz-to-liters/,oz to l,942829,38,unitconverters.net,6.375,http://www.unitconverters.net/volume/ounces-to-liter.htm,conv:oz>l
0,converter,conversions,/lbs-to-grams/,lb to g,561402,7,inchcalculator.com omnicalculator.com rapidtables.com unitconverters.net,6.371,http://www.rapidtables.com/convert/weight/pound-to-gram.html,conv:lb>g
0,converter,conversions,/ml-to-liters/,ml to l,923694,32,inchcalculator.com thecalculatorsite.com unitconverters.net,6.365,http://www.unitconverters.net/volume/ml-to-l.htm,conv:ml>l
0,value,conversions,/170-cm-to-feet-and-inches/,170 cm to feet and inches,710538,6,inchcalculator.com thecalculatorsite.com,6.364,http://www.thecalculatorsite.com/conversions/height/170cm,val:height:170cm>ftin
0,converter,time-date,/milliseconds-to-seconds/,msec to sec,261287,5,inchcalculator.com omnicalculator.com unitconverters.net,6.319,http://www.unitconverters.net/time/milliseconds-to-seconds.htm,conv:msec>sec
0,converter,conversions,/cm-to-mm/,cm to mm,488726,8,omnicalculator.com rapidtables.com unitconverters.net,6.304,http://www.unitconverters.net/length/cm-to-mm.htm,conv:cm>mm
0,converter,conversions,/grams-to-kg/,g to kg,1380139,51,rapidtables.com unitconverters.net,6.3,http://www.unitconverters.net/weight-and-mass/g-to-kg.htm,conv:g>kg
0,value,conversions,/150-lbs-to-kg/,150 lb to kg,618716,2,rapidtables.com,6.299,http://www.rapidtables.com/convert/weight/pound-to-kg.html?x=150,val:lb>kg:150
0,converter,conversions,/cm-to-feet-and-inches/,cm to ftin,483688,10,omnicalculator.com rapidtables.com thecalculatorsite.com,6.299,http://www.rapidtables.com/convert/length/cm-to-feet-inch.html,conv:cm>ftin
0,converter,conversions,/quarts-to-liters/,qt to l,778760,16,inchcalculator.com unitconverters.net,6.286,http://www.unitconverters.net/volume/quarts-to-liters.htm,conv:qt>l
0,value,conversions,/80-kg-to-lbs/,80 kg to lb,1003322,14,rapidtables.com,6.285,http://www.rapidtables.com/convert/weight/kg-to-pound.html?x=80,val:kg>lb:80
0,value,conversions,/10-lbs-to-kg/,10 lb to kg,599975,2,rapidtables.com,6.284,http://www.rapidtables.com/convert/weight/pound-to-kg.html?x=10,val:lb>kg:10
0,value,conversions,/50-lbs-to-kg/,50 lb to kg,594659,1,rapidtables.com,6.28,http://www.rapidtables.com/convert/weight/pound-to-kg.html?x=50,val:lb>kg:50
0,converter,conversions,/mcg-to-mg/,mcg to mg,462731,2,omnicalculator.com rapidtables.com thecalculatorsite.com unitconverters.net,6.278,http://www.omnicalculator.com/conversion/mcg-to-mg,conv:mcg>mg
0,converter,conversions,/celsius-to-kelvin/,degc to degk,460093,5,calculatorsoup.com rapidtables.com,6.275,http://www.calculatorsoup.com/calculators/conversions/celsius-to-kelvin.php,conv:degc>degk
0,converter,conversions,/liters-to-oz/,l to oz,730802,14,inchcalculator.com thecalculatorsite.com unitconverters.net,6.257,http://www.thecalculatorsite.com/conversions/common/liters-ounces.php,conv:l>oz
0,calculator,time-date,/days-between-dates-calculator/,days between dates,1798405,161,gigacalculator.com omnicalculator.com thecalculatorsite.com timeanddate.com,6.255,http://www.timeanddate.com/date/duration.html,calc:days-between-dates
0,converter,conversions,/quarts-to-oz/,qt to oz,438232,1,inchcalculator.com unitconverters.net,6.251,http://www.inchcalculator.com/convert/quart-to-ounce/,conv:qt>oz
0,converter,conversions,/meters-to-km/,m to km,711112,42,rapidtables.com unitconverters.net,6.244,http://www.unitconverters.net/length/m-to-km.htm,conv:m>km
0,calculator,work-pay,/overtime-calculator/,overtime,41007,3,omnicalculator.com thecalculatorsite.com,6.227,http://www.omnicalculator.com/finance/overtime,calc:overtime
0,converter,conversions,/kmh-to-mph/,kmh to mph,683601,20,thecalculatorsite.com unitconverters.net,6.226,http://www.unitconverters.net/speed/kph-to-mph.htm,conv:kmh>mph
0,converter,conversions,/meters-to-feet-and-inches/,m to ftin,1113032,111,rapidtables.com thecalculatorsite.com,6.204,http://www.rapidtables.com/convert/length/meter-to-feet-inch.html,conv:m>ftin
0,date,time-date,/90-days-from-today/,90 days from today,257903,5,inchcalculator.com widgetly.co,6.195,http://www.widgetly.co/time/90-days-from-today,date:days-from-today:90
0,converter,conversions,/feet-to-yards/,ft to yd,380372,4,inchcalculator.com omnicalculator.com rapidtables.com unitconverters.net,6.183,http://www.unitconverters.net/length/feet-to-yards.htm,conv:ft>yd
0,date,time-date,/60-days-from-today/,60 days from today,248175,3,inchcalculator.com widgetly.co,6.176,http://www.widgetly.co/time/60-days-from-today,date:days-from-today:60
0,value,conversions,/180-cm-to-feet-and-inches/,180 cm to feet and inches,475460,6,inchcalculator.com thecalculatorsite.com,6.174,http://www.thecalculatorsite.com/conversions/height/180cm,val:height:180cm>ftin
0,converter,conversions,/grams-to-oz/,g to oz,1025599,71,inchcalculator.com omnicalculator.com rapidtables.com thecalculatorsite.com unitconverters.net,6.167,http://www.rapidtables.com/convert/weight/gram-to-ounce.html,conv:g>oz
0,value,conversions,/70-kg-to-lbs/,70 kg to lb,766042,16,rapidtables.com,6.162,http://www.rapidtables.com/convert/weight/kg-to-pound.html?x=70,val:kg>lb:70
0,converter,conversions,/feet-to-cm/,ft to cm,1011346,102,rapidtables.com unitconverters.net,6.161,http://www.rapidtables.com/convert/length/feet-to-cm.html,conv:ft>cm
0,converter,conversions,/acres-to-square-feet/,acre to sqft,358763,9,calculatorsoup.com unitconverters.net,6.155,http://www.unitconverters.net/area/acres-to-square-feet.htm,conv:acre>sqft
0,converter,conversions,/quarts-to-cups/,qt to cup,355055,10,omnicalculator.com thecalculatorsite.com,6.15,http://www.omnicalculator.com/conversion/quarts-to-cups-converter,conv:qt>cup
0,value,conversions,/65-kg-to-lbs/,65 kg to lb,449185,6,rapidtables.com,6.147,http://www.rapidtables.com/convert/weight/kg-to-pound.html?x=65,val:kg>lb:65
0,calculator,math,/percentage-calculator/,percentage,2143950,152,calculator.net calculatorsoup.com omnicalculator.com thecalculatorsite.com,6.141,http://www.calculator.net/percent-calculator.html,calc:percentage
0,converter,conversions,/tons-to-lbs/,ton to lb,567972,42,inchcalculator.com rapidtables.com unitconverters.net,6.14,http://www.unitconverters.net/weight-and-mass/ton-to-lbs.htm,conv:ton>lb
0,value,conversions,/5-feet-4-inches-to-cm/,"5'4"" to cm",426300,7,inchcalculator.com thecalculatorsite.com,6.123,http://www.inchcalculator.com/height-converter/5ft-4in/,val:height:5ft4in>cm
0,value,conversions,/60-kg-to-lbs/,60 kg to lb,652051,20,rapidtables.com,6.089,http://www.rapidtables.com/convert/weight/kg-to-pound.html?x=60,val:kg>lb:60
0,value,conversions,/20-kg-to-lbs/,20 kg to lb,394457,2,rapidtables.com,6.086,http://www.rapidtables.com/convert/weight/kg-to-pound.html?x=20,val:kg>lb:20
0,value,conversions,/50-kg-to-lbs/,50 kg to lb,394353,7,rapidtables.com,6.086,http://www.rapidtables.com/convert/weight/kg-to-pound.html?x=50,val:kg>lb:50
0,value,conversions,/200-lbs-to-kg/,200 lb to kg,386469,2,rapidtables.com,6.076,http://www.rapidtables.com/convert/weight/pound-to-kg.html?x=200,val:lb>kg:200
0,calculator,work-pay,/time-card-calculator/,time card,71095,164,calculator.net,6.065,http://www.calculator.net/time-card-calculator.html,calc:time-card
0,value,conversions,/130-lbs-to-kg/,130 lb to kg,355932,0,rapidtables.com,6.037,http://www.rapidtables.com/convert/weight/pound-to-kg.html?x=130,val:lb>kg:130
0,value,conversions,/120-lbs-to-kg/,120 lb to kg,344044,0,rapidtables.com,6.021,http://www.rapidtables.com/convert/weight/pound-to-kg.html?x=120,val:lb>kg:120
0,value,conversions,/5-feet-7-inches-to-cm/,"5'7"" to cm",551062,20,inchcalculator.com thecalculatorsite.com,6.013,http://www.inchcalculator.com/height-converter/5ft-7in/,val:height:5ft7in>cm
0,value,conversions,/5-feet-2-inches-to-cm/,"5'2"" to cm",545619,11,inchcalculator.com thecalculatorsite.com,6.008,http://www.inchcalculator.com/height-converter/5ft-2in/,val:height:5ft2in>cm
0,value,conversions,/40-kg-to-lbs/,40 kg to lb,331425,2,rapidtables.com,6.004,http://www.rapidtables.com/convert/weight/kg-to-pound.html?x=40,val:kg>lb:40
0,value,conversions,/55-kg-to-lbs/,55 kg to lb,327316,6,rapidtables.com,5.998,http://www.rapidtables.com/convert/weight/kg-to-pound.html?x=55,val:kg>lb:55
0,value,conversions,/160-lbs-to-kg/,160 lb to kg,301109,0,rapidtables.com,5.958,http://www.rapidtables.com/convert/weight/pound-to-kg.html?x=160,val:lb>kg:160
0,value,conversions,/100-lbs-to-kg/,100 lb to kg,301050,2,rapidtables.com,5.958,http://www.rapidtables.com/convert/weight/pound-to-kg.html?x=100,val:lb>kg:100
0,value,conversions,/5-feet-3-inches-to-cm/,"5'3"" to cm",297906,6,inchcalculator.com thecalculatorsite.com,5.953,http://www.inchcalculator.com/height-converter/5ft-3in/,val:height:5ft3in>cm
0,value,conversions,/170-lbs-to-kg/,170 lb to kg,297068,1,rapidtables.com,5.952,http://www.rapidtables.com/convert/weight/pound-to-kg.html?x=170,val:lb>kg:170
0,value,conversions,/5-feet-9-inches-to-cm/,"5'9"" to cm",457268,13,inchcalculator.com thecalculatorsite.com,5.928,http://www.inchcalculator.com/height-converter/5ft-9in/,val:height:5ft9in>cm
0,value,conversions,/180-lbs-to-kg/,180 lb to kg,276492,0,rapidtables.com,5.918,http://www.rapidtables.com/convert/weight/pound-to-kg.html?x=180,val:lb>kg:180
0,value,conversions,/5-feet-10-inches-to-cm/,"5'10"" to cm",273696,8,inchcalculator.com thecalculatorsite.com,5.913,http://www.inchcalculator.com/height-converter/5ft-10in/,val:height:5ft10in>cm
0,value,conversions,/10-kg-to-lbs/,10 kg to lb,272465,6,rapidtables.com,5.911,http://www.rapidtables.com/convert/weight/kg-to-pound.html?x=10,val:kg>lb:10
0,value,conversions,/5-feet-6-inches-to-cm/,"5'6"" to cm",432758,13,inchcalculator.com thecalculatorsite.com,5.903,http://www.inchcalculator.com/height-converter/5ft-6in/,val:height:5ft6in>cm
0,qa,conversions,/what-is-todays-date/,what is today's date,335893,41,inchcalculator.com,5.897,http://www.inchcalculator.com/what-is-todays-date/,qa:todays-date
0,value,conversions,/140-lbs-to-kg/,140 lb to kg,263625,0,rapidtables.com,5.896,http://www.rapidtables.com/convert/weight/pound-to-kg.html?x=140,val:lb>kg:140
0,value,conversions,/5-feet-7-inches-to-inches/,"5'7"" to inches",263070,1,inchcalculator.com,5.895,http://www.inchcalculator.com/height-converter/5ft-7in-to-inches/,val:height:5ft7in>inches
0,value,conversions,/5-feet-5-inches-to-cm/,"5'5"" to cm",423783,12,inchcalculator.com thecalculatorsite.com,5.893,http://www.inchcalculator.com/height-converter/5ft-5in/,val:height:5ft5in>cm
0,countdown,time-date,/when-is-fathers-day/,fathers day date,2121601,493,timeanddate.com,5.884,http://www.timeanddate.com/holidays/us/fathers-day,holiday:fathers-day
0,date,time-date,/30-days-from-today/,30 days from today,135057,7,inchcalculator.com widgetly.co,5.873,http://www.widgetly.co/time/30-days-from-today,date:days-from-today:30
0,countdown,time-date,/when-is-labor-day/,labor day date,2042331,443,timeanddate.com,5.868,http://www.timeanddate.com/holidays/us/labor-day,holiday:labor-day
0,value,conversions,/15-cm-to-inches/,15 cm to in,246862,0,rapidtables.com widgetly.co,5.865,http://www.rapidtables.com/convert/length/cm-to-inch.html?x=15,val:cm>in:15
0,countdown,time-date,/when-is-thanksgiving-day/,thanksgiving day date,1923716,661,timeanddate.com,5.844,http://www.timeanddate.com/holidays/us/thanksgiving-day,holiday:thanksgiving-day
0,calculator,construction,/square-footage-calculator/,square footage,643378,278,calculator.net calculatorsoup.com omnicalculator.com thecalculatorsite.com,5.834,http://www.calculatorsoup.com/calculators/construction/square-footage-calculator.php,calc:square-footage
0,calculator,construction,/cubic-yards-calculator/,cubic yards,144642,49,calculatorsoup.com omnicalculator.com thecalculatorsite.com,5.796,http://www.calculatorsoup.com/calculators/construction/cubic-yards-calculator.php,calc:cubic-yards
0,date,time-date,/180-days-from-today/,180 days from today,96552,9,inchcalculator.com,5.707,http://www.inchcalculator.com/days-from/180-days-from-today/,date:days-from-today:180
0,calculator,time-date,/time-calculator/,time,487441,54,calculator.net calculatorsoup.com gigacalculator.com omnicalculator.com,5.688,http://www.calculator.net/time-calculator.html,calc:time
0,countdown,time-date,/when-is-mothers-day/,mothers day date,1271771,459,timeanddate.com,5.677,http://www.timeanddate.com/holidays/us/mothers-day,holiday:mothers-day
0,date,time-date,/6-months-from-today/,6 months from today,85162,2,inchcalculator.com,5.644,http://www.inchcalculator.com/months-from/6-months-from-today/,date:months-from-today:6
0,calculator,work-pay,/hourly-to-salary-calculator/,hourly to salary,67482,243,omnicalculator.com thecalculatorsite.com,5.614,http://www.omnicalculator.com/finance/salary-to-hourly,calc:hourly-to-salary
0,calculator,construction,/concrete-calculator/,concrete,362076,562,calculator.net,5.583,http://www.calculator.net/concrete-calculator.html,calc:concrete
0,qa,conversions,/how-many-minutes-in-a-day/,How many minutes are in a day?,152982,38,rapidtables.com,5.532,http://www.rapidtables.com/calc/time/minutes-in-day.html,qa:min-in-day
0,calculator,time-date,/time-duration-calculator/,time duration,869114,483,calculator.net timeanddate.com,5.523,http://www.calculator.net/time-duration-calculator.html,calc:time-duration
0,date,time-date,/2-weeks-from-today/,2 weeks from today,60357,0,inchcalculator.com widgetly.co,5.473,http://www.widgetly.co/time-weeks/2-weeks-from-today,date:weeks-from-today:2
0,date,time-date,/14-days-from-today/,14 days from today,59971,2,inchcalculator.com widgetly.co,5.47,http://www.widgetly.co/time/14-days-from-today,date:days-from-today:14
0,calculator,time-date,/date-calculator/,date,757441,624,calculator.net timeanddate.com,5.468,http://www.timeanddate.com/date/dateadd.html,calc:date
0,date,time-date,/6-weeks-from-today/,6 weeks from today,59753,1,inchcalculator.com widgetly.co,5.468,http://www.widgetly.co/time-weeks/6-weeks-from-today,date:weeks-from-today:6
0,date,time-date,/30-minutes-from-today/,30 minutes from today,57856,4,inchcalculator.com,5.452,http://www.inchcalculator.com/minutes-from/30-minutes-from-now/,date:minutes-from-today:30
0,date,time-date,/21-days-from-today/,21 days from today,56767,3,inchcalculator.com widgetly.co,5.442,http://www.widgetly.co/time/21-days-from-today,date:days-from-today:21
0,date,time-date,/10-days-from-today/,10 days from today,50430,7,inchcalculator.com,5.384,http://www.inchcalculator.com/days-from/10-days-from-today/,date:days-from-today:10
0,date,time-date,/8-weeks-from-today/,8 weeks from today,49953,2,inchcalculator.com widgetly.co,5.379,http://www.widgetly.co/time-weeks/8-weeks-from-today,date:weeks-from-today:8
0,date,time-date,/90-days-ago/,90 days ago,74886,11,inchcalculator.com,5.374,http://www.inchcalculator.com/days-from/90-days-ago-from-today/,date:days-ago:90
0,date,time-date,/120-days-from-today/,120 days from today,49265,2,inchcalculator.com widgetly.co,5.372,http://www.widgetly.co/time/120-days-from-today,date:days-from-today:120
0,date,time-date,/100-days-from-today/,100 days from today,46190,1,widgetly.co,5.34,http://www.widgetly.co/time/100-days-from-today,date:days-from-today:100
0,date,time-date,/6-months-ago/,6 months ago,45372,1,inchcalculator.com,5.331,http://www.inchcalculator.com/months-from/6-months-ago-from-today/,date:months-ago:6
0,calculator,time-date,/hours-calculator/,hours,511474,349,calculator.net calculatorsoup.com gigacalculator.com,5.309,http://www.calculatorsoup.com/calculators/time/hours.php,calc:hours
0,calculator,time-date,/military-time-calculator/,military time,100905,48,calculatorsoup.com omnicalculator.com,5.204,http://www.calculatorsoup.com/calculators/time/military-time-converter.php,calc:military-time
0,qa,conversions,/how-many-hours-in-a-week/,How many hours are in a week?,65945,41,rapidtables.com,5.142,http://www.rapidtables.com/calc/time/hours-in-week.html,qa:hr-in-week
0,calculator,math,/percent-off-calculator/,percent off,364595,322,calculator.net gigacalculator.com omnicalculator.com,5.017,http://www.calculator.net/percent-off-calculator.html,calc:percent-off
0,calculator,construction,/gravel-calculator/,gravel,43655,107,calculator.net inchcalculator.com omnicalculator.com,5.011,http://www.calculator.net/gravel-calculator.html,calc:gravel
0,calculator,math,/scientific-calculator/,scientific,142932,104,calculator.net calculatorsoup.com,5.0,http://www.calculator.net/scientific-calculator.html,calc:scientific
0,calculator,construction,/mulch-calculator/,mulch,15700,45,calculator.net calculatorsoup.com,4.713,http://www.calculator.net/mulch-calculator.html,calc:mulch
0,calculator,construction,/board-foot-calculator/,board foot,15910,185,omnicalculator.com,4.538,http://www.omnicalculator.com/construction/board-foot,calc:board-foot
1,hub,everyday,/everyday/,everyday hub,0,0,,100,,hub:everyday
1,calculator,time-date,/age-calculator/,age,1286879,0,calculator.net calculatorsoup.com gigacalculator.com omnicalculator.com,6.598,http://www.calculator.net/age-calculator.html,calc:age
1,calculator,work-pay,/salary-calculator/,salary,360605,803,calculator.net,6.46,http://www.calculator.net/salary-calculator.html,calc:salary
1,calculator,math,/grade-calculator/,grade,1375305,4,calculator.net calculatorsoup.com rapidtables.com,6.431,http://www.calculator.net/grade-calculator.html,calc:grade
1,calculator,work-pay,/pay-raise-calculator/,pay raise,60575,35,inchcalculator.com omnicalculator.com,6.217,http://www.omnicalculator.com/finance/pay-raise,calc:pay-raise
1,converter,conversions,/square-feet-to-square-meters/,sqft to sqm,344281,10,calculatorsoup.com unitconverters.net,6.135,http://www.unitconverters.net/area/square-feet-to-square-meter.htm,conv:sqft>sqm
1,converter,conversions,/ml-to-tsp/,ml to tsp,556750,22,inchcalculator.com omnicalculator.com unitconverters.net,6.131,http://www.unitconverters.net/volume/ml-to-teaspoon.htm,conv:ml>tsp
1,converter,time-date,/minutes-to-hours/,min to hr,287639,24,calculatorsoup.com inchcalculator.com omnicalculator.com,6.131,http://www.calculatorsoup.com/calculators/conversions/minutes-to-hours.php,conv:min>hr
1,converter,time-date,/hours-to-days/,hr to day,176659,1,calculatorsoup.com inchcalculator.com omnicalculator.com,6.12,http://www.omnicalculator.com/conversion/hours-to-days,conv:hr>day
1,converter,conversions,/grams-to-lbs/,g to lb,894481,79,inchcalculator.com rapidtables.com unitconverters.net,6.106,http://www.rapidtables.com/convert/weight/gram-to-pound.html,conv:g>lb
1,converter,conversions,/fl-oz-to-quarts/,floz to qt,314316,5,inchcalculator.com unitconverters.net,6.092,http://www.inchcalculator.com/convert/fluid-ounce-to-quart/,conv:floz>qt
1,converter,conversions,/tbsp-to-grams/,tbsp to g,313305,1,inchcalculator.com omnicalculator.com thecalculatorsite.com,6.09,http://www.inchcalculator.com/convert/tablespoon-to-gram/,conv:tbsp>g
1,converter,conversions,/kg-to-grams/,kg to g,859380,60,rapidtables.com unitconverters.net,6.088,http://www.unitconverters.net/weight-and-mass/kg-to-g.htm,conv:kg>g
1,converter,conversions,/tsp-to-grams/,tsp to g,306086,8,inchcalculator.com omnicalculator.com thecalculatorsite.com,6.079,http://www.thecalculatorsite.com/cooking/teaspoons-grams.php,conv:tsp>g
1,converter,conversions,/quarts-to-gallons/,qt to gal,302676,8,inchcalculator.com omnicalculator.com unitconverters.net,6.073,http://www.omnicalculator.com/conversion/quarts-to-gallons-converter,conv:qt>gal
1,converter,conversions,/feet-and-inches-to-cm/,ftin to cm,301393,1,rapidtables.com,6.071,http://www.rapidtables.com/convert/length/feet-inch-to-cm.html,conv:ftin>cm
1,converter,conversions,/lbs-to-stone/,lb to st,296916,4,omnicalculator.com rapidtables.com,6.064,http://www.rapidtables.com/convert/weight/pound-to-stone.html,conv:lb>st
1,calculator,work-pay,/time-half-calculator/,time half,45231,32,omnicalculator.com thecalculatorsite.com,6.052,http://www.omnicalculator.com/finance/time-and-a-half,calc:time-half
1,converter,conversions,/liters-to-quarts/,l to qt,466116,12,inchcalculator.com unitconverters.net,6.049,http://www.unitconverters.net/volume/liters-to-quarts.htm,conv:l>qt
1,calculator,construction,/feet-and-inches-calculator/,feet and inches,393445,171,calculatorsoup.com,6.042,http://www.calculatorsoup.com/calculators/construction/feetandinches.php,calc:feet-and-inches
1,converter,time-date,/days-to-seconds/,day to sec,233124,16,unitconverters.net,6.029,http://www.unitconverters.net/time/days-to-seconds.htm,conv:day>sec
1,converter,conversions,/cm-to-feet/,cm to ft,749775,187,rapidtables.com unitconverters.net,6.028,http://www.rapidtables.com/convert/length/cm-to-feet.html,conv:cm>ft
1,converter,conversions,/mb-to-gb/,mb to gb,271472,6,omnicalculator.com unitconverters.net,6.021,http://www.unitconverters.net/data-storage/mb-to-gb.htm,conv:mb>gb
1,converter,conversions,/yards-to-feet/,yd to ft,434103,42,inchcalculator.com rapidtables.com unitconverters.net,6.016,http://www.unitconverters.net/length/yards-to-feet.htm,conv:yd>ft
1,converter,conversions,/cups-to-oz/,cup to oz,267031,0,inchcalculator.com omnicalculator.com thecalculatorsite.com,6.013,http://www.thecalculatorsite.com/cooking/cups-ounces.php,conv:cup>oz
1,converter,conversions,/tsp-to-ml/,tsp to ml,428981,13,inchcalculator.com omnicalculator.com thecalculatorsite.com unitconverters.net,6.01,http://www.unitconverters.net/volume/teaspoon-to-ml.htm,conv:tsp>ml
1,converter,conversions,/lbs-to-tons/,lb to ton,410400,23,inchcalculator.com rapidtables.com unitconverters.net,5.99,http://www.unitconverters.net/weight-and-mass/lbs-to-ton.htm,conv:lb>ton
1,converter,conversions,/yards-to-miles/,yd to mi,254744,5,omnicalculator.com unitconverters.net,5.99,http://www.unitconverters.net/length/yards-to-miles.htm,conv:yd>mi
1,converter,conversions,/cups-to-tbsp/,cup to tbsp,393132,26,inchcalculator.com,5.97,http://www.inchcalculator.com/convert/cup-to-tablespoon/,conv:cup>tbsp
1,converter,conversions,/tbsp-to-oz/,tbsp to oz,243002,6,inchcalculator.com,5.968,http://www.inchcalculator.com/convert/tablespoon-to-ounce/,conv:tbsp>oz
1,converter,conversions,/mg-to-grams/,mg to g,633994,66,rapidtables.com thecalculatorsite.com unitconverters.net,5.953,http://www.unitconverters.net/weight-and-mass/milligrams-to-grams.htm,conv:mg>g
1,converter,conversions,/feet-to-miles/,ft to mi,371136,45,omnicalculator.com rapidtables.com unitconverters.net,5.943,http://www.unitconverters.net/length/feet-to-miles.htm,conv:ft>mi
1,converter,conversions,/tsp-to-oz/,tsp to oz,227548,7,inchcalculator.com,5.936,http://www.inchcalculator.com/convert/teaspoon-to-ounce/,conv:tsp>oz
1,converter,conversions,/inches-to-yards/,in to yd,224343,3,omnicalculator.com rapidtables.com unitconverters.net,5.929,http://www.unitconverters.net/length/inches-to-yards.htm,conv:in>yd
1,converter,conversions,/mm-to-cm/,mm to cm,599581,83,rapidtables.com unitconverters.net,5.928,http://www.unitconverters.net/length/mm-to-cm.htm,conv:mm>cm
1,converter,conversions,/tbsp-to-cups/,tbsp to cup,599413,74,inchcalculator.com unitconverters.net,5.928,http://www.unitconverters.net/volume/tablespoons-to-cups.htm,conv:tbsp>cup
1,converter,conversions,/kelvin-to-celsius/,degk to degc,344011,14,calculatorsoup.com omnicalculator.com,5.908,http://www.calculatorsoup.com/calculators/conversions/kelvin-to-celsius.php,conv:degk>degc
1,converter,conversions,/inches-to-feet-and-inches/,in to ftin,342158,19,rapidtables.com,5.905,http://www.rapidtables.com/convert/length/inch-to-feet-inch.html,conv:in>ftin
1,converter,conversions,/nm-to-meters/,nm to m,208099,4,omnicalculator.com,5.893,http://www.omnicalculator.com/conversion/nm-to-m-conversion,conv:nm>m
1,calculator,math,/sphere-calculator/,sphere,416517,9,calculatorsoup.com omnicalculator.com,5.887,http://www.calculatorsoup.com/calculators/geometry-solids/sphere.php,calc:sphere
1,calculator,math,/cylinder-volume-calculator/,cylinder volume,1131430,199,calculatorsoup.com omnicalculator.com,5.872,http://www.omnicalculator.com/math/cylinder-volume,calc:cylinder-volume
1,calculator,math,/roman-numerals-calculator/,roman numerals,492947,20,calculator.net calculatorsoup.com rapidtables.com,5.743,http://www.calculatorsoup.com/calculators/conversions/roman-numeral-converter.php,calc:roman-numerals
1,calculator,math,/pythagorean-theorem-calculator/,pythagorean theorem,794625,131,calculator.net calculatorsoup.com omnicalculator.com,5.723,http://www.calculator.net/pythagorean-theorem-calculator.html,calc:pythagorean-theorem
1,calculator,everyday,/stones-pounds-ounces-calculator/,stones pounds ounces,429423,48,thecalculatorsite.com,5.682,http://www.thecalculatorsite.com/conversions/common/stones-pounds-ounces.php,calc:stones-pounds-ounces
1,calculator,math,/lcm-calculator/,lcm,261106,6,calculator.net calculatorsoup.com omnicalculator.com,5.675,http://www.calculatorsoup.com/calculators/math/lcm.php,calc:lcm
1,calculator,everyday,/kg-to-stones-pounds-calculator/,kg to stones pounds,675050,142,thecalculatorsite.com,5.654,http://www.thecalculatorsite.com/conversions/common/kg-to-stones-pounds.php,calc:kg-to-stones-pounds
1,calculator,math,/volume-calculator/,volume,671561,129,calculator.net calculatorsoup.com omnicalculator.com unitconverters.net,5.652,http://www.calculator.net/volume-calculator.html,calc:volume
1,calculator,math,/circle-calculator/,circle,343385,34,calculator.net calculatorsoup.com omnicalculator.com,5.584,http://www.calculator.net/circle-calculator.html,calc:circle
1,calculator,math,/cone-volume-calculator/,cone volume,557764,99,omnicalculator.com,5.574,http://www.omnicalculator.com/math/cone-volume,calc:cone-volume
1,calculator,math,/fraction-to-decimal-calculator/,fraction to decimal,325497,15,calculatorsoup.com inchcalculator.com omnicalculator.com rapidtables.com,5.561,http://www.calculatorsoup.com/calculators/math/fraction-to-decimal-calculator.php,calc:fraction-to-decimal
1,calculator,work-pay,/take-home-pay-calculator/,take home pay,51699,632,calculator.net,5.479,http://www.calculator.net/take-home-pay-calculator.html,calc:take-home-pay
1,calculator,math,/sphere-volume-calculator/,sphere volume,420448,108,omnicalculator.com,5.455,http://www.omnicalculator.com/math/sphere-volume,calc:sphere-volume
1,calculator,work-pay,/annual-income-calculator/,annual income,48505,202,omnicalculator.com,5.447,http://www.omnicalculator.com/finance/annual-income,calc:annual-income
1,date,time-date,/7-days-from-today/,7 days from today,45200,2,inchcalculator.com widgetly.co,5.329,http://www.widgetly.co/time/7-days-from-today,date:days-from-today:7
1,date,time-date,/3-months-from-today/,3 months from today,44159,10,inchcalculator.com,5.318,http://www.inchcalculator.com/months-from/3-months-from-today/,date:months-from-today:3
1,date,time-date,/11-hours-ago/,11 hours ago,41385,1,inchcalculator.com,5.285,http://www.inchcalculator.com/hours-from/11-hours-ago/,date:hours-ago:11
1,date,time-date,/45-days-from-today/,45 days from today,40333,3,inchcalculator.com,5.273,http://www.inchcalculator.com/days-from/45-days-from-today/,date:days-from-today:45
1,date,time-date,/18-hours-ago/,18 hours ago,39274,0,inchcalculator.com,5.259,http://www.inchcalculator.com/hours-from/18-hours-ago/,date:hours-ago:18
1,date,time-date,/60-days-ago/,60 days ago,39252,10,inchcalculator.com,5.259,http://www.inchcalculator.com/days-from/60-days-ago-from-today/,date:days-ago:60
1,calculator,construction,/tile-calculator/,tile,22245,165,calculator.net,4.695,http://www.calculator.net/tile-calculator.html,calc:tile
1,calculator,construction,/square-yards-calculator/,square yards,15124,18,inchcalculator.com omnicalculator.com,4.695,http://www.inchcalculator.com/square-yards-calculator/,calc:square-yards
2,hub,business,/business/,business hub,0,0,,100,,hub:business
2,hub,generators,/generators/,generators hub,0,0,,100,,hub:generators
2,converter,conversions,/grams-to-cups/,g to cup,323937,30,inchcalculator.com omnicalculator.com thecalculatorsite.com,5.88,http://www.thecalculatorsite.com/cooking/grams-cups.php,conv:g>cup
2,converter,conversions,/kb-to-gb/,kb to gb,321842,47,thecalculatorsite.com unitconverters.net,5.877,http://www.unitconverters.net/data-storage/kb-to-gb.htm,conv:kb>gb
2,converter,conversions,/miles-to-meters/,mi to m,319304,32,rapidtables.com unitconverters.net,5.873,http://www.unitconverters.net/length/miles-to-meters.htm,conv:mi>m
2,converter,conversions,/inches-to-meters/,in to m,525713,88,rapidtables.com unitconverters.net,5.869,http://www.unitconverters.net/length/inches-to-meters.htm,conv:in>m
2,converter,conversions,/square-meters-to-square-feet/,sqm to sqft,195625,4,calculatorsoup.com inchcalculator.com thecalculatorsite.com unitconverters.net,5.863,http://www.unitconverters.net/area/square-meter-to-square-feet.htm,conv:sqm>sqft
2,converter,conversions,/oz-to-tsp/,oz to tsp,311493,13,inchcalculator.com,5.862,http://www.inchcalculator.com/convert/ounce-to-teaspoon/,conv:oz>tsp
2,converter,conversions,/grams-to-ml/,g to ml,194642,6,inchcalculator.com omnicalculator.com,5.861,http://www.inchcalculator.com/convert/gram-to-milliliter/,conv:g>ml
2,value,conversions,/5-feet-11-inches-to-cm/,"5'11"" to cm",389533,20,inchcalculator.com,5.855,http://www.inchcalculator.com/height-converter/5ft-11in/,val:height:5ft11in>cm
2,converter,conversions,/meters-to-cm/,m to cm,506687,56,rapidtables.com unitconverters.net,5.853,http://www.unitconverters.net/length/m-to-cm.htm,conv:m>cm
2,converter,time-date,/days-to-months/,day to month,102947,0,inchcalculator.com omnicalculator.com,5.847,http://www.inchcalculator.com/convert/day-to-month/?days=180,conv:day>month
2,converter,conversions,/mg-to-ml/,mg to ml,498246,58,inchcalculator.com omnicalculator.com,5.846,http://www.omnicalculator.com/conversion/mg-to-ml,conv:mg>ml
2,value,conversions,/160-cm-to-feet-and-inches/,160 cm to feet and inches,229148,2,inchcalculator.com,5.829,http://www.inchcalculator.com/height-converter/160cm/,val:height:160cm>ftin
2,calculator,business,/sales-tax-calculator/,sales tax,166313,309,calculator.net calculatorsoup.com,5.827,http://www.calculator.net/sales-tax-calculator.html,calc:sales-tax
2,converter,conversions,/nm-to-ft-lbs/,nm to ftlb,459471,110,omnicalculator.com thecalculatorsite.com unitconverters.net,5.809,http://www.omnicalculator.com/conversion/nm-to-ft-lb,conv:nm>ftlb
2,converter,time-date,/hours-to-minutes/,hr to min,95341,9,calculatorsoup.com omnicalculator.com,5.808,http://www.calculatorsoup.com/calculators/conversions/hours-to-minutes.php,conv:hr>min
2,converter,conversions,/oz-to-tbsp/,oz to tbsp,172003,6,inchcalculator.com,5.801,http://www.inchcalculator.com/convert/ounce-to-tablespoon/,conv:oz>tbsp
2,value,conversions,/5-lbs-to-kg/,5 lb to kg,209710,0,rapidtables.com,5.788,http://www.rapidtables.com/convert/weight/pound-to-kg.html?x=5,val:lb>kg:5
2,converter,conversions,/meters-to-yards/,m to yd,265067,14,inchcalculator.com rapidtables.com unitconverters.net,5.787,http://www.unitconverters.net/length/meters-to-yards.htm,conv:m>yd
2,converter,conversions,/in-lbs-to-ft-lbs/,inlb to ftlb,166736,6,inchcalculator.com omnicalculator.com thecalculatorsite.com,5.786,http://www.thecalculatorsite.com/conversions/common/inch-pounds-foot-pounds.php,conv:inlb>ftlb
2,converter,conversions,/cups-to-liters/,cup to l,166004,8,inchcalculator.com unitconverters.net,5.784,http://www.unitconverters.net/volume/cups-to-liters.htm,conv:cup>l
2,converter,conversions,/liters-to-cups/,l to cup,165687,10,inchcalculator.com unitconverters.net,5.783,http://www.unitconverters.net/volume/liters-to-cups.htm,conv:l>cup
2,converter,conversions,/mm-to-feet/,mm to ft,164986,5,omnicalculator.com rapidtables.com unitconverters.net,5.781,http://www.unitconverters.net/length/mm-to-feet.htm,conv:mm>ft
2,converter,conversions,/mm-to-meters/,mm to m,162356,6,omnicalculator.com rapidtables.com unitconverters.net,5.774,http://www.unitconverters.net/length/mm-to-m.htm,conv:mm>m
2,converter,conversions,/bar-to-psi/,bar to psi,161419,6,omnicalculator.com unitconverters.net,5.771,http://www.unitconverters.net/pressure/bar-to-psi.htm,conv:bar>psi
2,converter,conversions,/mph-to-kmh/,mph to kmh,417365,113,unitconverters.net,5.767,http://www.unitconverters.net/speed/mph-to-kph.htm,conv:mph>kmh
2,value,conversions,/5-feet-6-inches-to-inches/,"5'6"" to inches",199812,0,inchcalculator.com,5.765,http://www.inchcalculator.com/height-converter/5ft-6in-to-inches/,val:height:5ft6in>inches
2,value,conversions,/190-lbs-to-kg/,190 lb to kg,198694,1,rapidtables.com,5.762,http://www.rapidtables.com/convert/weight/pound-to-kg.html?x=190,val:lb>kg:190
2,converter,conversions,/gallons-to-quarts/,gal to qt,250725,12,inchcalculator.com omnicalculator.com unitconverters.net,5.761,http://www.unitconverters.net/volume/gallon-to-quart.htm,conv:gal>qt
2,converter,time-date,/minutes-to-seconds/,min to sec,134716,23,omnicalculator.com,5.761,http://www.omnicalculator.com/conversion/minutes-to-seconds-converter,conv:min>sec
2,converter,conversions,/km-to-feet/,km to ft,249409,49,rapidtables.com,5.759,http://www.rapidtables.com/convert/length/km-to-feet.html,conv:km>ft
2,value,conversions,/5-feet-5-inches-to-inches/,"5'5"" to inches",196127,0,inchcalculator.com,5.756,http://www.inchcalculator.com/height-converter/5ft-5in-to-inches/,val:height:5ft5in>inches
2,converter,conversions,/cubic-feet-to-cubic-yards/,cuft to cuyd,156322,2,calculatorsoup.com unitconverters.net,5.755,http://www.calculatorsoup.com/calculators/conversions/cubic-feet-to-cubic-yards.php,conv:cuft>cuyd
2,converter,conversions,/ml-to-tbsp/,ml to tbsp,156126,7,inchcalculator.com omnicalculator.com unitconverters.net,5.755,http://www.omnicalculator.com/conversion/ml-tbsp-converter,conv:ml>tbsp
2,calculator,business,/margin-calculator/,margin,143274,211,calculator.net calculatorsoup.com omnicalculator.com,5.754,http://www.omnicalculator.com/finance/margin,calc:margin
2,calculator,business,/roi-calculator/,roi,82009,710,calculator.net,5.484,http://www.calculator.net/roi-calculator.html,calc:roi
2,calculator,business,/discount-calculator/,discount,81616,288,calculator.net calculatorsoup.com omnicalculator.com,5.482,http://www.calculator.net/discount-calculator.html,calc:discount
2,calculator,everyday,/height-comparison-calculator/,height comparison,247265,19,gigacalculator.com,5.441,http://www.gigacalculator.com/calculators/height-comparison.php,calc:height-comparison
2,generator,generators,/random-number-generator/,random number generator,2119817,437,calculator.net calculatorsoup.com gigacalculator.com,5.422,http://www.calculator.net/random-number-generator.html,gen:random-number-generator
2,calculator,math,/decimal-to-fraction-calculator/,decimal to fraction,215465,33,calculatorsoup.com omnicalculator.com rapidtables.com thecalculatorsite.com,5.38,http://www.calculatorsoup.com/calculators/math/decimal-to-fraction-calculator.php,calc:decimal-to-fraction
2,calculator,math,/area-circle-calculator/,area circle,349950,185,omnicalculator.com,5.378,http://www.omnicalculator.com/math/area-of-a-circle,calc:area-circle
2,calculator,everyday,/grams-to-pounds-ounces-calculator/,grams to pounds ounces,897589,329,thecalculatorsite.com,5.37,http://www.thecalculatorsite.com/conversions/common/grams-to-pounds-ounces.php,calc:grams-to-pounds-ounces
2,calculator,math,/circumference-to-diameter-calculator/,circumference to diameter,123181,3,inchcalculator.com omnicalculator.com,5.333,http://www.omnicalculator.com/math/circumference-to-diameter,calc:circumference-to-diameter
2,calculator,everyday,/tip-calculator/,tip,308064,60,calculator.net calculatorsoup.com omnicalculator.com,5.324,http://www.calculator.net/tip-calculator.html,calc:tip
2,calculator,time-date,/timer-calculator/,timer,511740,879,timeanddate.com,5.309,http://www.timeanddate.com/timer/,calc:timer
2,calculator,time-date,/years-ago-calculator/,years ago,81803,9,inchcalculator.com,5.306,http://www.inchcalculator.com/years-ago-calculator/,calc:years-ago
2,calculator,math,/area-calculator/,area,291485,84,calculator.net calculatorsoup.com omnicalculator.com thecalculatorsite.com,5.301,http://www.calculator.net/area-calculator.html,calc:area
2,calculator,everyday,/cubic-feet-calculator/,cubic feet,111125,6,calculatorsoup.com omnicalculator.com thecalculatorsite.com,5.286,http://www.thecalculatorsite.com/misc/cubic-feet-calculator.php,calc:cubic-feet
2,calculator,time-date,/am-pm-calculator/,am pm,450698,429,timeanddate.com,5.258,http://www.timeanddate.com/time/am-and-pm.html,calc:am-pm
2,calculator,time-date,/workdays-calculator/,workdays,448117,557,timeanddate.com,5.256,http://www.timeanddate.com/date/workdays.html,calc:workdays
2,calculator,math,/distance-calculator/,distance,249328,130,calculator.net calculatorsoup.com omnicalculator.com,5.235,http://www.calculator.net/distance-calculator.html,calc:distance
2,date,time-date,/12-weeks-from-today/,12 weeks from today,36080,2,inchcalculator.com widgetly.co,5.217,http://www.inchcalculator.com/weeks-from/12-weeks-from-today/,date:weeks-from-today:12
2,date,time-date,/28-days-from-today/,28 days from today,34159,2,inchcalculator.com,5.19,http://www.inchcalculator.com/days-from/28-days-from-today/,date:days-from-today:28
2,countdown,time-date,/when-is-super-bowl/,super bowl date,153255,94,timeanddate.com,5.185,http://www.timeanddate.com/holidays/us/super-bowl,holiday:super-bowl
2,calculator,math,/rounding-calculator/,rounding,217002,88,calculator.net calculatorsoup.com omnicalculator.com,5.176,http://www.calculatorsoup.com/calculators/math/roundingnumbers.php,calc:rounding
2,countdown,time-date,/when-is-easter-sunday/,easter sunday date,342734,372,timeanddate.com,5.148,http://www.timeanddate.com/holidays/us/easter-sunday,holiday:easter-sunday
2,calculator,math,/semicircle-area-calculator/,semicircle area,124458,46,omnicalculator.com,5.14,http://www.omnicalculator.com/math/semicircle-area,calc:semicircle-area
2,date,time-date,/9-hours-ago/,9 hours ago,30475,0,inchcalculator.com,5.133,http://www.inchcalculator.com/hours-from/9-hours-ago/,date:hours-ago:9
2,date,time-date,/12-hours-ago/,12 hours ago,30434,1,inchcalculator.com,5.133,http://www.inchcalculator.com/hours-from/12-hours-ago/,date:hours-ago:12
2,countdown,time-date,/easter/,countdown: easter,84150,43,timeanddate.com,5.122,http://www.timeanddate.com/countdown/easter,countdown:easter
2,generator,generators,/dice-roller/,dice roller,806652,381,calculator.net omnicalculator.com,5.062,http://www.calculator.net/dice-roller.html,gen:dice-roller
2,calculator,work-pay,/real-estate-commission-calculator/,real estate commission,6025,98,omnicalculator.com,4.725,http://www.omnicalculator.com/finance/real-estate-commission,calc:real-estate-commission
2,calculator,construction,/pipe-volume-calculator/,pipe volume,21985,99,omnicalculator.com,4.689,http://www.omnicalculator.com/construction/pipe-volume,calc:pipe-volume
2,calculator,construction,/roofing-calculator/,roofing,42000,315,calculator.net,4.644,http://www.calculator.net/roofing-calculator.html,calc:roofing
2,calculator,construction,/stone-calculator/,stone,8950,6,inchcalculator.com omnicalculator.com,4.609,http://www.inchcalculator.com/stone-calculator/,calc:stone
2,calculator,work-pay,/commission-calculator/,commission,4519,486,omnicalculator.com,4.249,http://www.omnicalculator.com/finance/commission,calc:commission
3,hub,health,/health/,health hub,0,0,,100,,hub:health
3,state,work-pay,/texas-paycheck-calculator/,Texas paycheck calculator,60500,0,(ubersuggest),7.101,,state:paycheck-salary:texas
3,state,work-pay,/california-paycheck-calculator/,California paycheck calculator,49500,0,(ubersuggest),6.971,,state:paycheck-salary:california
3,state,work-pay,/new-york-paycheck-calculator/,New York paycheck calculator,40500,0,(ubersuggest),6.842,,state:paycheck-salary:new-york
3,state,work-pay,/florida-paycheck-calculator/,Florida paycheck calculator,27100,0,(ubersuggest),6.583,,state:paycheck-salary:florida
3,state,work-pay,/north-carolina-paycheck-calculator/,North Carolina paycheck calculator,22200,0,(ubersuggest),6.454,,state:paycheck-salary:north-carolina
3,state,work-pay,/washington-paycheck-calculator/,Washington paycheck calculator,22200,0,(ubersuggest),6.454,,state:paycheck-salary:washington
3,state,work-pay,/new-jersey-paycheck-calculator/,New Jersey paycheck calculator,18100,0,(ubersuggest),6.323,,state:paycheck-salary:new-jersey
3,state,work-pay,/virginia-paycheck-calculator/,Virginia paycheck calculator,18100,0,(ubersuggest),6.323,,state:paycheck-salary:virginia
3,state,work-pay,/arizona-paycheck-calculator/,Arizona paycheck calculator,9900,0,(ubersuggest),5.934,,state:paycheck-salary:arizona
3,state,work-pay,/indiana-paycheck-calculator/,Indiana paycheck calculator,9900,0,(ubersuggest),5.934,,state:paycheck-salary:indiana
3,state,work-pay,/maryland-paycheck-calculator/,Maryland paycheck calculator,9900,0,(ubersuggest),5.934,,state:paycheck-salary:maryland
3,state,work-pay,/south-carolina-paycheck-calculator/,South Carolina paycheck calculator,8100,0,(ubersuggest),5.804,,state:paycheck-salary:south-carolina
3,state,work-pay,/missouri-paycheck-calculator/,Missouri paycheck calculator,8100,0,(ubersuggest),5.804,,state:paycheck-salary:missouri
3,value,conversions,/8-kg-to-lbs/,8 kg to lb,194614,0,rapidtables.com,5.752,http://www.rapidtables.com/convert/weight/kg-to-pound.html?x=8,val:kg>lb:8
3,converter,conversions,/feet-and-inches-to-meters/,ftin to m,399063,75,rapidtables.com thecalculatorsite.com,5.747,http://www.thecalculatorsite.com/conversions/common/feet-inches-meters.php,conv:ftin>m
3,value,conversions,/5-feet-8-inches-to-inches/,"5'8"" to inches",192150,0,inchcalculator.com,5.746,http://www.inchcalculator.com/height-converter/5ft-8in-to-inches/,val:height:5ft8in>inches
3,value,conversions,/50-cm-to-inches/,50 cm to in,190581,8,rapidtables.com,5.742,http://www.rapidtables.com/convert/length/cm-to-inch.html?x=50,val:cm>in:50
3,converter,conversions,/miles-to-feet/,mi to ft,235408,42,rapidtables.com unitconverters.net,5.732,http://www.rapidtables.com/convert/length/mile-to-feet.html,conv:mi>ft
3,converter,conversions,/grams-to-tsp/,g to tsp,234030,49,inchcalculator.com omnicalculator.com thecalculatorsite.com,5.729,http://www.thecalculatorsite.com/cooking/grams-teaspoons.php,conv:g>tsp
3,converter,conversions,/grams-to-tbsp/,g to tbsp,233096,20,inchcalculator.com omnicalculator.com thecalculatorsite.com,5.727,http://www.thecalculatorsite.com/cooking/grams-tablespoons.php,conv:g>tbsp
3,converter,conversions,/gallons-to-lbs/,gal to lb,233036,18,inchcalculator.com omnicalculator.com thecalculatorsite.com,5.727,http://www.inchcalculator.com/convert/gallon-to-pound/,conv:gal>lb
3,converter,conversions,/oz-to-kg/,oz to kg,147338,7,omnicalculator.com rapidtables.com unitconverters.net,5.727,http://www.unitconverters.net/weight-and-mass/oz-to-kg.htm,conv:oz>kg
3,value,conversions,/90-kg-to-lbs/,90 kg to lb,293542,21,rapidtables.com,5.726,http://www.rapidtables.com/convert/weight/kg-to-pound.html?x=90,val:kg>lb:90
3,value,conversions,/5-feet-10-inches-to-inches/,"5'10"" to inches",183492,1,inchcalculator.com,5.724,http://www.inchcalculator.com/height-converter/5ft-10in-to-inches/,val:height:5ft10in>inches
3,converter,conversions,/grams-to-mg/,g to mg,377933,62,rapidtables.com unitconverters.net,5.722,http://www.rapidtables.com/convert/weight/gram-to-mg.html,conv:g>mg
3,value,conversions,/6-feet-2-inches-to-cm/,"6'2"" to cm",181752,6,inchcalculator.com,5.72,http://www.inchcalculator.com/height-converter/6ft-2in/,val:height:6ft2in>cm
3,converter,time-date,/months-to-years/,month to year,79179,0,inchcalculator.com omnicalculator.com,5.714,http://www.omnicalculator.com/conversion/months-to-years,conv:month>year
3,value,conversions,/175-cm-to-feet-and-inches/,175 cm to feet and inches,178700,6,inchcalculator.com thecalculatorsite.com,5.712,http://www.thecalculatorsite.com/conversions/height/175cm,val:height:175cm>ftin
3,converter,conversions,/tbsp-to-ml/,tbsp to ml,224960,13,inchcalculator.com omnicalculator.com,5.711,http://www.omnicalculator.com/conversion/tbsp-to-ml,conv:tbsp>ml
3,value,conversions,/6-feet-3-inches-to-cm/,"6'3"" to cm",178315,4,inchcalculator.com,5.711,http://www.inchcalculator.com/height-converter/6ft-3in/,val:height:6ft3in>cm
3,converter,time-date,/hours-to-seconds/,hr to sec,121616,18,inchcalculator.com omnicalculator.com,5.711,http://www.omnicalculator.com/conversion/hours-to-seconds-converter,conv:hr>sec
3,converter,conversions,/cc-to-ml/,cc to ml,140674,5,inchcalculator.com omnicalculator.com unitconverters.net,5.705,http://www.unitconverters.net/volume/cc-to-ml.htm,conv:cc>ml
3,value,conversions,/75-kg-to-lbs/,75 kg to lb,173660,1,rapidtables.com,5.698,http://www.rapidtables.com/convert/weight/kg-to-pound.html?x=75,val:kg>lb:75
3,value,conversions,/15-kg-to-lbs/,15 kg to lb,173429,3,rapidtables.com,5.698,http://www.rapidtables.com/convert/weight/kg-to-pound.html?x=15,val:kg>lb:15
3,value,conversions,/30-cm-to-inches/,30 cm to in,170856,7,rapidtables.com,5.691,http://www.rapidtables.com/convert/length/cm-to-inch.html?x=30,val:cm>in:30
3,converter,time-date,/minutes-to-days/,min to day,74727,7,omnicalculator.com,5.684,http://www.omnicalculator.com/conversion/minutes-to-days,conv:min>day
3,state,work-pay,/alabama-paycheck-calculator/,Alabama paycheck calculator,6600,0,(ubersuggest),5.672,,state:paycheck-salary:alabama
3,state,work-pay,/kentucky-paycheck-calculator/,Kentucky paycheck calculator,6600,0,(ubersuggest),5.672,,state:paycheck-salary:kentucky
3,value,conversions,/5-feet-2-inches-to-inches/,"5'2"" to inches",163596,1,inchcalculator.com,5.67,http://www.inchcalculator.com/height-converter/5ft-2in-to-inches/,val:height:5ft2in>inches
3,value,conversions,/5-feet-8-inches-to-cm/,"5'8"" to cm",258863,12,inchcalculator.com thecalculatorsite.com,5.669,http://www.inchcalculator.com/height-converter/5ft-8in/,val:height:5ft8in>cm
3,value,conversions,/2-kg-to-lbs/,2 kg to lb,162879,6,rapidtables.com,5.668,http://www.rapidtables.com/convert/weight/kg-to-pound.html?x=2,val:kg>lb:2
3,value,conversions,/6-feet-5-inches-to-cm/,"6'5"" to cm",162114,4,inchcalculator.com,5.666,http://www.inchcalculator.com/height-converter/6ft-5in/,val:height:6ft5in>cm
3,converter,conversions,/feet-and-inches-to-inches/,ftin to in,203282,12,rapidtables.com,5.664,http://www.rapidtables.com/convert/length/feet-inch-to-inch.html,conv:ftin>in
3,value,conversions,/135-lbs-to-kg/,135 lb to kg,161028,0,rapidtables.com,5.663,http://www.rapidtables.com/convert/weight/pound-to-kg.html?x=135,val:lb>kg:135
3,value,conversions,/85-kg-to-lbs/,85 kg to lb,252643,11,rapidtables.com,5.658,http://www.rapidtables.com/convert/weight/kg-to-pound.html?x=85,val:kg>lb:85
3,value,conversions,/12-inches-to-cm/,12 in to cm,157446,0,rapidtables.com,5.652,http://www.rapidtables.com/convert/length/inch-to-cm.html?x=12,val:in>cm:12
3,value,conversions,/20-lbs-to-kg/,20 lb to kg,154855,0,rapidtables.com,5.644,http://www.rapidtables.com/convert/weight/pound-to-kg.html?x=20,val:lb>kg:20
3,state,work-pay,/tennessee-paycheck-calculator/,Tennessee paycheck calculator,5400,0,(ubersuggest),5.543,,state:paycheck-salary:tennessee
3,state,work-pay,/hawaii-paycheck-calculator/,Hawaii paycheck calculator,5400,0,(ubersuggest),5.543,,state:paycheck-salary:hawaii
3,state,work-pay,/louisiana-paycheck-calculator/,Louisiana paycheck calculator,5400,0,(ubersuggest),5.543,,state:paycheck-salary:louisiana
3,calculator,math,/z-score-calculator/,z score,197853,97,calculator.net calculatorsoup.com,5.137,http://www.calculator.net/z-score-calculator.html,calc:z-score
3,countdown,time-date,/halloween/,countdown: halloween,131158,143,timeanddate.com,5.118,http://www.timeanddate.com/countdown/halloween,countdown:halloween
3,date,time-date,/10-hours-ago/,10 hours ago,29418,0,inchcalculator.com,5.116,http://www.inchcalculator.com/hours-from/10-hours-ago/,date:hours-ago:10
3,calculator,math,/standard-deviation-calculator/,standard deviation,440808,244,calculator.net calculatorsoup.com,5.092,http://www.calculator.net/standard-deviation-calculator.html,calc:standard-deviation
3,date,time-date,/15-hours-ago/,15 hours ago,27903,0,inchcalculator.com,5.089,http://www.inchcalculator.com/hours-from/15-hours-ago/,date:hours-ago:15
3,countdown,time-date,/weeks-until-christmas/,countdown: weeks until christmas,76977,12,inchcalculator.com,5.082,http://www.inchcalculator.com/weeks-calculator/weeks-until-christmas/,countdown:weeks-until-christmas
3,countdown,time-date,/newyear/,countdown: newyear,282913,465,timeanddate.com,5.07,http://www.timeanddate.com/countdown/newyear,countdown:newyear
3,calculator,math,/percentage-increase-calculator/,percentage increase,405411,395,calculatorsoup.com omnicalculator.com,5.059,http://www.calculatorsoup.com/calculators/algebra/percentage-increase-calculator.php,calc:percentage-increase
3,date,time-date,/15-minutes-from-today/,15 minutes from today,26167,2,inchcalculator.com,5.057,http://www.inchcalculator.com/minutes-from/15-minutes-from-now/,date:minutes-from-today:15
3,date,time-date,/6-hours-ago/,6 hours ago,25980,1,inchcalculator.com,5.054,http://www.inchcalculator.com/hours-from/6-hours-ago/,date:hours-ago:6
3,date,time-date,/7-hours-ago/,7 hours ago,25841,1,inchcalculator.com,5.051,http://www.inchcalculator.com/hours-from/7-hours-ago/,date:hours-ago:7
3,date,time-date,/8-hours-ago/,8 hours ago,25275,2,inchcalculator.com,5.04,http://www.inchcalculator.com/hours-from/8-hours-ago/,date:hours-ago:8
3,date,time-date,/14-hours-ago/,14 hours ago,25239,0,inchcalculator.com,5.039,http://www.inchcalculator.com/hours-from/14-hours-ago/,date:hours-ago:14
3,calculator,math,/binary-to-ascii-calculator/,binary to ascii,375460,585,rapidtables.com,5.029,http://www.rapidtables.com/convert/number/binary-to-ascii.html,calc:binary-to-ascii
3,calculator,math,/circle-diameter-calculator/,circle diameter,95871,32,omnicalculator.com,5.026,http://www.omnicalculator.com/math/circle-diameter,calc:circle-diameter
3,calculator,math,/percent-change-calculator/,percent change,360507,344,calculatorsoup.com,5.013,http://www.calculatorsoup.com/calculators/algebra/percent-change-calculator.php,calc:percent-change
3,calculator,math,/right-triangle-calculator/,right triangle,359469,339,calculator.net,5.012,http://www.calculator.net/right-triangle-calculator.html,calc:right-triangle
3,date,time-date,/19-hours-ago/,19 hours ago,23575,0,inchcalculator.com,5.006,http://www.inchcalculator.com/hours-from/19-hours-ago/,date:hours-ago:19
3,countdown,time-date,/how-long-until-5-00-pm/,countdown: how long until 5 00 pm,43101,0,inchcalculator.com,5.005,http://www.inchcalculator.com/countdown-timer/how-long-until-5-00-pm/,countdown:how-long-until-5-00-pm
3,calculator,health,/height-calculator/,height,334616,43,calculator.net inchcalculator.com omnicalculator.com rapidtables.com thecalculatorsite.com,4.884,http://www.thecalculatorsite.com/conversions/common/height-converter.php,calc:height
4,hub,finance,/finance/,finance hub,0,0,,100,,hub:finance
4,calculator,finance,/car-loan-calculator/,car loan,2269023,980,calculator.net,6.029,http://www.calculator.net/auto-loan-calculator.html,calc:car-loan
4,converter,conversions,/pints-to-gallons/,pint to gal,123412,9,inchcalculator.com omnicalculator.com unitconverters.net,5.642,http://www.unitconverters.net/volume/pints-to-gallon.htm,conv:pint>gal
4,value,conversions,/2-lbs-to-kg/,2 lb to kg,153764,8,rapidtables.com,5.641,http://www.rapidtables.com/convert/weight/pound-to-kg.html?x=2,val:lb>kg:2
4,converter,conversions,/cm-to-km/,cm to km,191554,21,rapidtables.com unitconverters.net,5.636,http://www.unitconverters.net/length/cm-to-km.htm,conv:cm>km
4,converter,time-date,/seconds-to-minutes/,sec to min,164934,55,inchcalculator.com,5.635,http://www.inchcalculator.com/convert/second-to-minute/,conv:sec>min
4,value,conversions,/1-kg-to-lbs/,1 kg to lb,150931,4,rapidtables.com,5.632,http://www.rapidtables.com/convert/weight/kg-to-pound.html?x=1,val:kg>lb:1
4,converter,conversions,/kb-to-mb/,kb to mb,188923,12,omnicalculator.com unitconverters.net,5.63,http://www.unitconverters.net/data-storage/kb-to-mb.htm,conv:kb>mb
4,value,conversions,/58-kg-to-lbs/,58 kg to lb,150335,0,rapidtables.com,5.63,http://www.rapidtables.com/convert/weight/kg-to-pound.html?x=58,val:kg>lb:58
4,value,conversions,/190-cm-to-feet-and-inches/,190 cm to feet and inches,148986,4,inchcalculator.com,5.626,http://www.inchcalculator.com/height-converter/190cm/,val:height:190cm>ftin
4,value,conversions,/165-cm-to-feet-and-inches/,165 cm to feet and inches,148827,7,inchcalculator.com,5.626,http://www.inchcalculator.com/height-converter/165cm/,val:height:165cm>ftin
4,value,conversions,/5-feet-4-inches-to-inches/,"5'4"" to inches",147714,1,inchcalculator.com,5.622,http://www.inchcalculator.com/height-converter/5ft-4in-to-inches/,val:height:5ft4in>inches
4,value,conversions,/183-cm-to-feet/,183 cm to ft,141990,5,rapidtables.com,5.603,http://www.rapidtables.com/convert/length/cm-to-feet.html?x=183,val:cm>ft:183
4,value,conversions,/7-kg-to-lbs/,7 kg to lb,141835,0,rapidtables.com,5.603,http://www.rapidtables.com/convert/weight/kg-to-pound.html?x=7,val:kg>lb:7
4,converter,conversions,/gallons-to-ml/,gal to ml,173590,19,inchcalculator.com unitconverters.net,5.591,http://www.unitconverters.net/volume/gallon-to-ml.htm,conv:gal>ml
4,value,conversions,/175-lbs-to-kg/,175 lb to kg,136097,1,rapidtables.com,5.583,http://www.rapidtables.com/convert/weight/pound-to-kg.html?x=175,val:lb>kg:175
4,converter,conversions,/cc-to-liters/,cc to l,108824,8,omnicalculator.com unitconverters.net,5.581,http://www.unitconverters.net/volume/cubic-centimeter-to-liter.htm,conv:cc>l
4,value,conversions,/8-inches-to-cm/,8 in to cm,135024,0,rapidtables.com,5.58,http://www.rapidtables.com/convert/length/inch-to-cm.html?x=8,val:in>cm:8
4,value,conversions,/5-feet-9-inches-to-inches/,"5'9"" to inches",133668,2,inchcalculator.com,5.575,http://www.inchcalculator.com/height-converter/5ft-9in-to-inches/,val:height:5ft9in>inches
4,converter,conversions,/meters-to-inches/,m to in,270182,97,rapidtables.com unitconverters.net,5.573,http://www.unitconverters.net/length/meters-to-inches.htm,conv:m>in
4,value,conversions,/3-kg-to-lbs/,3 kg to lb,129848,0,rapidtables.com,5.561,http://www.rapidtables.com/convert/weight/kg-to-pound.html?x=3,val:kg>lb:3
4,converter,conversions,/fahrenheit-to-kelvin/,degf to degk,103919,6,calculatorsoup.com,5.559,http://www.calculatorsoup.com/calculators/conversions/fahrenheit-to-kelvin.php,conv:degf>degk
4,value,conversions,/5-feet-11-inches-to-inches/,"5'11"" to inches",127820,1,inchcalculator.com,5.554,http://www.inchcalculator.com/height-converter/5ft-11in-to-inches/,val:height:5ft11in>inches
4,value,conversions,/17-cm-to-inches/,17 cm to in,124702,0,rapidtables.com widgetly.co,5.542,http://www.rapidtables.com/convert/length/cm-to-inch.html?x=17,val:cm>in:17
4,converter,time-date,/days-to-years/,day to year,56073,2,inchcalculator.com omnicalculator.com unitconverters.net,5.539,http://www.omnicalculator.com/conversion/days-to-years,conv:day>year
4,calculator,finance,/loan-calculator/,loan,684440,954,calculator.net,5.535,http://www.calculator.net/loan-calculator.html,calc:loan
4,value,conversions,/15-lbs-to-kg/,15 lb to kg,122792,2,rapidtables.com,5.535,http://www.rapidtables.com/convert/weight/pound-to-kg.html?x=15,val:lb>kg:15
4,converter,time-date,/seconds-to-years/,sec to year,54695,7,inchcalculator.com omnicalculator.com,5.526,http://www.inchcalculator.com/convert/second-to-year/,conv:sec>year
4,converter,conversions,/feet-to-mm/,ft to mm,148680,42,rapidtables.com unitconverters.net,5.519,http://www.unitconverters.net/length/feet-to-mm.htm,conv:ft>mm
4,converter,conversions,/ml-to-grams/,ml to g,238349,62,inchcalculator.com omnicalculator.com thecalculatorsite.com,5.517,http://www.inchcalculator.com/convert/milliliter-to-gram/,conv:ml>g
4,converter,conversions,/ft-lbs-to-nm/,ftlb to nm,93562,10,inchcalculator.com unitconverters.net,5.508,http://www.unitconverters.net/energy/ft-lb-to-nm.htm,conv:ftlb>nm
4,converter,conversions,/mg-to-mcg/,mg to mcg,143258,15,rapidtables.com unitconverters.net,5.502,http://www.rapidtables.com/convert/weight/mg-to-mcg.html,conv:mg>mcg
4,converter,time-date,/seconds-to-days/,sec to day,124183,51,unitconverters.net,5.502,http://www.unitconverters.net/time/seconds-to-days.htm,conv:sec>day
4,value,conversions,/6-feet-1-inches-to-cm/,"6'1"" to cm",176655,12,inchcalculator.com,5.495,http://www.inchcalculator.com/height-converter/6ft-1in/,val:height:6ft1in>cm
4,calculator,finance,/amortization-calculator/,amortization,617767,811,calculator.net,5.493,http://www.calculator.net/amortization-calculator.html,calc:amortization
4,value,conversions,/160-kg-to-lbs/,160 kg to lb,112028,0,rapidtables.com,5.491,http://www.rapidtables.com/convert/weight/kg-to-pound.html?x=160,val:kg>lb:160
4,calculator,finance,/mortgage-calculator/,mortgage,518653,904,calculator.net,5.421,http://www.calculator.net/mortgage-calculator.html,calc:mortgage
4,state,work-pay,/kansas-paycheck-calculator/,Kansas paycheck calculator,4400,0,(ubersuggest),5.411,,state:paycheck-salary:kansas
4,state,work-pay,/iowa-paycheck-calculator/,Iowa paycheck calculator,4400,0,(ubersuggest),5.411,,state:paycheck-salary:iowa
4,state,work-pay,/idaho-paycheck-calculator/,Idaho paycheck calculator,3600,0,(ubersuggest),5.281,,state:paycheck-salary:idaho
4,calculator,finance,/investment-calculator/,investment,270177,797,calculator.net,5.152,http://www.calculator.net/investment-calculator.html,calc:investment
4,state,work-pay,/west-virginia-paycheck-calculator/,West Virginia paycheck calculator,2900,0,(ubersuggest),5.142,,state:paycheck-salary:west-virginia
4,state,work-pay,/new-hampshire-paycheck-calculator/,New Hampshire paycheck calculator,2900,0,(ubersuggest),5.142,,state:paycheck-salary:new-hampshire
4,state,work-pay,/new-mexico-paycheck-calculator/,New Mexico paycheck calculator,2900,0,(ubersuggest),5.142,,state:paycheck-salary:new-mexico
4,state,work-pay,/nebraska-paycheck-calculator/,Nebraska paycheck calculator,2900,0,(ubersuggest),5.142,,state:paycheck-salary:nebraska
4,state,work-pay,/maine-paycheck-calculator/,Maine paycheck calculator,2400,0,(ubersuggest),5.02,,state:paycheck-salary:maine
4,calculator,math,/triangle-45-45-90-calculator/,triangle 45 45 90,146075,84,omnicalculator.com,5.01,http://www.omnicalculator.com/math/triangle-45-45-90,calc:triangle-45-45-90
4,calculator,math,/percentage-percentage-calculator/,percentage percentage,89090,16,omnicalculator.com,4.993,http://www.omnicalculator.com/math/percentage-of-percentage,calc:percentage-percentage
4,calculator,math,/surface-area-calculator/,surface area,140196,51,calculator.net omnicalculator.com,4.992,http://www.calculator.net/surface-area-calculator.html,calc:surface-area
4,date,time-date,/180-days-ago/,180 days ago,22753,3,inchcalculator.com,4.988,http://www.inchcalculator.com/days-from/180-days-ago-from-today/,date:days-ago:180
4,date,time-date,/75-days-from-today/,75 days from today,22603,2,widgetly.co,4.985,http://www.widgetly.co/time/75-days-from-today,date:days-from-today:75
4,countdown,time-date,/when-is-halloween/,halloween date,226882,325,timeanddate.com,4.981,http://www.timeanddate.com/holidays/us/halloween,holiday:halloween
4,calculator,math,/gcf-calculator/,gcf,136081,52,calculator.net calculatorsoup.com omnicalculator.com,4.98,http://www.calculatorsoup.com/calculators/math/gcf.php,calc:gcf
4,date,time-date,/16-hours-ago/,16 hours ago,22283,2,inchcalculator.com,4.978,http://www.inchcalculator.com/hours-from/16-hours-ago/,date:hours-ago:16
4,calculator,math,/circumference-calculator/,circumference,324475,405,omnicalculator.com,4.972,http://www.omnicalculator.com/math/circumference,calc:circumference
4,calculator,math,/isosceles-triangle-angles-calculator/,isosceles triangle angles,55548,4,omnicalculator.com,4.971,http://www.omnicalculator.com/math/isosceles-triangle-angles,calc:isosceles-triangle-angles
4,countdown,time-date,/how-long-until-3-00-pm/,countdown: how long until 3 00 pm,39899,0,inchcalculator.com,4.969,http://www.inchcalculator.com/countdown-timer/how-long-until-3-00-pm/,countdown:how-long-until-3-00-pm
4,countdown,time-date,/when-is-memorial-day/,memorial day date,217569,431,timeanddate.com,4.964,http://www.timeanddate.com/holidays/us/memorial-day,holiday:memorial-day
4,date,time-date,/3-weeks-from-today/,3 weeks from today,21684,0,inchcalculator.com widgetly.co,4.964,http://www.widgetly.co/time-weeks/3-weeks-from-today,date:weeks-from-today:3
4,countdown,time-date,/how-long-until-12-00-am/,countdown: how long until 12 00 am,39248,0,inchcalculator.com,4.961,http://www.inchcalculator.com/countdown-timer/how-long-until-12-00-am/,countdown:how-long-until-12-00-am
4,countdown,time-date,/when-is-new-year-day/,new year day date,213046,230,timeanddate.com,4.955,http://www.timeanddate.com/holidays/us/new-year-day,holiday:new-year-day
4,calculator,math,/mean-median-mode-calculator/,mean median mode,310010,367,calculatorsoup.com,4.954,http://www.calculatorsoup.com/calculators/statistics/mean-median-mode.php,calc:mean-median-mode
4,date,time-date,/10-weeks-from-today/,10 weeks from today,21168,1,inchcalculator.com widgetly.co,4.952,http://www.widgetly.co/time-weeks/10-weeks-from-today,date:weeks-from-today:10
4,date,time-date,/45-days-ago/,45 days ago,20977,0,inchcalculator.com,4.948,http://www.inchcalculator.com/days-from/45-days-ago-from-today/,date:days-ago:45
4,date,time-date,/4-weeks-from-today/,4 weeks from today,20955,1,widgetly.co,4.947,http://www.widgetly.co/time-weeks/4-weeks-from-today,date:weeks-from-today:4
4,date,time-date,/17-hours-ago/,17 hours ago,20563,1,inchcalculator.com,4.938,http://www.inchcalculator.com/hours-from/17-hours-ago/,date:hours-ago:17
4,countdown,time-date,/valentines/,countdown: valentines,86512,71,timeanddate.com,4.937,http://www.timeanddate.com/countdown/valentines,countdown:valentines
4,countdown,time-date,/how-long-until-12-00-pm/,countdown: how long until 12 00 pm,36514,2,inchcalculator.com,4.927,http://www.inchcalculator.com/countdown-timer/how-long-until-12-00-pm/,countdown:how-long-until-12-00-pm
4,date,time-date,/5-hours-ago/,5 hours ago,19159,0,inchcalculator.com,4.902,http://www.inchcalculator.com/hours-from/5-hours-ago/,date:hours-ago:5
4,state,work-pay,/texas-hourly-paycheck-calculator/,Texas hourly paycheck calculator,1900,0,(ubersuggest),4.869,,state:paycheck-hourly:texas
4,date,time-date,/20-hours-ago/,20 hours ago,17748,0,inchcalculator.com,4.864,http://www.inchcalculator.com/hours-from/20-hours-ago/,date:hours-ago:20
4,calculator,health,/bmi-calculator/,bmi,1265712,308,calculator.net calculatorsoup.com,4.824,http://www.calculator.net/bmi-calculator.html,calc:bmi
4,state,work-pay,/california-hourly-paycheck-calculator/,California hourly paycheck calculator,1600,0,(ubersuggest),4.758,,state:paycheck-hourly:california
4,calculator,health,/calorie-calculator/,calorie,779141,4270,calculator.net,4.657,http://www.calculator.net/calorie-calculator.html,calc:calorie
4,calculator,construction,/tank-calculator/,tank,37200,341,calculatorsoup.com,4.591,http://www.calculatorsoup.com/calculators/construction/tank.php,calc:tank
4,calculator,health,/bac-calculator/,bac,414199,229,calculator.net,4.44,http://www.calculator.net/bac-calculator.html,calc:bac
5,hub,science,/science/,science hub,0,0,,100,,hub:science
5,hub,es,/es/,es home,0,0,,100,,hub:es
5,es,es,/es/dolar-a-peso-mexicano/,dolar a peso mexicano,368000,0,(ubersuggest es),5.681,,es:dolar-a-peso-mexicano
5,converter,conversions,/square-inches-to-square-feet/,sqin to sqft,89278,2,inchcalculator.com unitconverters.net,5.486,http://www.inchcalculator.com/convert/square-inch-to-square-foot/,conv:sqin>sqft
5,value,conversions,/18-cm-to-inches/,18 cm to in,109751,0,rapidtables.com widgetly.co,5.482,http://www.rapidtables.com/convert/length/cm-to-inch.html?x=18,val:cm>in:18
5,converter,conversions,/feet-to-km/,ft to km,136764,26,rapidtables.com,5.48,http://www.rapidtables.com/convert/length/feet-to-km.html,conv:ft>km
5,converter,conversions,/kg-to-tons/,kg to ton,88056,8,inchcalculator.com rapidtables.com unitconverters.net,5.479,http://www.unitconverters.net/weight-and-mass/kilogram-to-ton-metric.htm,conv:kg>ton
5,converter,conversions,/cups-to-gallons/,cup to gal,87713,5,inchcalculator.com omnicalculator.com unitconverters.net,5.477,http://www.unitconverters.net/volume/cups-to-gallon.htm,conv:cup>gal
5,converter,conversions,/kg-to-oz/,kg to oz,134615,14,omnicalculator.com rapidtables.com unitconverters.net,5.473,http://www.rapidtables.com/convert/weight/kg-to-ounce.html,conv:kg>oz
5,converter,time-date,/seconds-to-hours/,sec to hr,48685,9,inchcalculator.com omnicalculator.com unitconverters.net,5.467,http://www.inchcalculator.com/convert/second-to-hour/,conv:sec>hr
5,converter,conversions,/pixels-to-inches/,px to in,211965,92,omnicalculator.com,5.465,http://www.omnicalculator.com/conversion/pixels-to-inches,conv:px>in
5,converter,conversions,/miles-to-yards/,mi to yd,130822,14,inchcalculator.com rapidtables.com unitconverters.net,5.46,http://www.unitconverters.net/length/miles-to-yards.htm,conv:mi>yd
5,converter,conversions,/tons-to-kg/,ton to kg,130202,19,rapidtables.com unitconverters.net,5.458,http://www.unitconverters.net/weight-and-mass/tonne-to-kilogram.htm,conv:ton>kg
5,value,conversions,/9-inches-to-cm/,9 in to cm,103165,0,rapidtables.com,5.453,http://www.rapidtables.com/convert/length/inch-to-cm.html?x=9,val:in>cm:9
5,converter,conversions,/ml-to-mg/,ml to mg,126419,42,inchcalculator.com,5.444,http://www.inchcalculator.com/convert/milliliter-to-milligram/,conv:ml>mg
5,converter,conversions,/cubic-feet-to-gallons/,cuft to gal,80845,8,inchcalculator.com omnicalculator.com thecalculatorsite.com unitconverters.net,5.438,http://www.omnicalculator.com/conversion/cubic-feet-to-gallons,conv:cuft>gal
5,converter,conversions,/radians-to-degrees/,rad to deg,197399,151,rapidtables.com,5.433,http://www.rapidtables.com/convert/number/radians-to-degrees.html,conv:rad>deg
5,converter,conversions,/meters-to-mm/,m to mm,122767,30,rapidtables.com unitconverters.net,5.43,http://www.unitconverters.net/length/m-to-mm.htm,conv:m>mm
5,converter,conversions,/bytes-to-gb/,byte to gb,121270,40,unitconverters.net,5.425,http://www.unitconverters.net/data-storage/byte-to-gigabyte.htm,conv:byte>gb
5,value,conversions,/74-kg-to-lbs/,74 kg to lb,97129,0,rapidtables.com,5.424,http://www.rapidtables.com/convert/weight/kg-to-pound.html?x=74,val:kg>lb:74
5,converter,conversions,/oz-to-mg/,oz to mg,78040,1,inchcalculator.com,5.421,http://www.inchcalculator.com/convert/ounce-to-milligram/,conv:oz>mg
5,converter,time-date,/weeks-to-months/,week to month,44275,6,inchcalculator.com omnicalculator.com,5.419,http://www.inchcalculator.com/convert/week-to-month/,conv:week>month
5,value,conversions,/6-feet-6-inches-to-cm/,"6'6"" to cm",95196,2,inchcalculator.com,5.415,http://www.inchcalculator.com/height-converter/6ft-6in/,val:height:6ft6in>cm
5,converter,conversions,/kilojoules-to-joules/,kj to j,74399,4,inchcalculator.com unitconverters.net,5.398,http://www.unitconverters.net/energy/kj-to-j.htm,conv:kj>j
5,converter,time-date,/seconds-to-milliseconds/,sec to msec,63771,23,inchcalculator.com unitconverters.net,5.397,http://www.unitconverters.net/time/seconds-to-milliseconds.htm,conv:sec>msec
5,converter,time-date,/milliseconds-to-minutes/,msec to min,63555,21,inchcalculator.com,5.395,http://www.inchcalculator.com/convert/millisecond-to-minute/,conv:msec>min
5,value,conversions,/5-feet-1-inches-to-cm/,"5'1"" to cm",91240,3,inchcalculator.com thecalculatorsite.com,5.394,http://www.inchcalculator.com/height-converter/5ft-1in/,val:height:5ft1in>cm
5,converter,conversions,/fl-oz-to-ml/,floz to ml,178806,117,inchcalculator.com,5.389,http://www.inchcalculator.com/convert/fluid-ounce-to-milliliter/,conv:floz>ml
5,value,conversions,/6-feet-4-inches-to-cm/,"6'4"" to cm",89774,7,inchcalculator.com,5.387,http://www.inchcalculator.com/height-converter/6ft-4in/,val:height:6ft4in>cm
5,value,conversions,/155-lbs-to-kg/,155 lb to kg,89655,0,rapidtables.com,5.386,http://www.rapidtables.com/convert/weight/pound-to-kg.html?x=155,val:lb>kg:155
5,value,conversions,/6-inches-to-cm/,6 in to cm,87426,0,rapidtables.com,5.374,http://www.rapidtables.com/convert/length/inch-to-cm.html?x=6,val:in>cm:6
5,converter,conversions,/cups-to-lbs/,cup to lb,70577,10,inchcalculator.com omnicalculator.com,5.373,http://www.omnicalculator.com/food/cups-to-pounds,conv:cup>lb
5,value,conversions,/171-cm-to-feet/,171 cm to ft,86415,2,rapidtables.com,5.369,http://www.rapidtables.com/convert/length/cm-to-feet.html?x=171,val:cm>ft:171
5,value,conversions,/20-km-to-miles/,20 km to mi,84472,0,rapidtables.com,5.358,http://www.rapidtables.com/convert/length/km-to-mile.html?x=20,val:km>mi:20
5,value,conversions,/250-lbs-to-kg/,250 lb to kg,82486,0,rapidtables.com,5.347,http://www.rapidtables.com/convert/weight/pound-to-kg.html?x=250,val:lb>kg:250
5,es,es,/es/libras-a-kilos/,convertidor de lbs a kg,126148,1,omnicalculator.com,5.206,http://www.omnicalculator.com/es/conversion/convertidor-de-lbs-a-kg,es:libras-a-kilos
5,es,es,/es/kilos-a-libras/,Convertidor de kilos a libras,111306,2,omnicalculator.com,5.15,http://www.omnicalculator.com/es/conversion/convertidor-kilos-a-libras,es:kilos-a-libras
5,es,es,/es/pulgadas-a-centimetros/,pulgadas a centimetros,90500,0,(ubersuggest es),5.059,,es:pulgadas-a-centimetros
5,calculator,business,/cagr-calculator/,cagr,7165,9,calculatorsoup.com omnicalculator.com,4.996,http://www.calculatorsoup.com/calculators/financial/cagr-calculator.php,calc:cagr
5,calculator,finance,/home-equity-loan-calculator/,home equity loan,78486,113,calculator.net,4.993,http://www.calculator.net/home-equity-loan-calculator.html,calc:home-equity-loan
5,calculator,finance,/interest-calculator/,interest,172797,495,calculator.net,4.968,http://www.calculator.net/interest-calculator.html,calc:interest
5,calculator,finance,/inflation-calculator/,inflation,166842,641,calculator.net,4.954,http://www.calculator.net/inflation-calculator.html,calc:inflation
5,calculator,finance,/cd-calculator/,cd,70876,181,calculator.net,4.948,http://www.calculator.net/cd-calculator.html,calc:cd
5,calculator,business,/markup-calculator/,markup,13085,172,calculatorsoup.com omnicalculator.com,4.94,http://www.omnicalculator.com/finance/markup,calc:markup
5,calculator,math,/sector-area-calculator/,sector area,123620,115,omnicalculator.com,4.939,http://www.omnicalculator.com/math/sector-area,calc:sector-area
5,calculator,math,/average-calculator/,average,296508,243,calculator.net calculatorsoup.com omnicalculator.com,4.936,http://www.calculator.net/average-calculator.html,calc:average
5,calculator,math,/circle-perimeter-calculator/,circle perimeter,76445,13,omnicalculator.com,4.926,http://www.omnicalculator.com/math/circle-perimeter,calc:circle-perimeter
5,calculator,math,/speed-distance-time-calculator/,speed distance time,284757,355,calculatorsoup.com,4.92,http://www.calculatorsoup.com/calculators/math/speed-distance-time-calculator.php,calc:speed-distance-time
5,calculator,math,/quadratic-calculator/,quadratic,114750,152,calculator.net calculatorsoup.com,4.908,http://www.calculatorsoup.com/calculators/algebra/quadratic-formula-calculator.php,calc:quadratic
5,calculator,math,/rectangle-calculator/,rectangle,114247,107,calculatorsoup.com omnicalculator.com,4.906,http://www.omnicalculator.com/math/rectangle,calc:rectangle
5,calculator,math,/simplify-fractions-calculator/,simplify fractions,113081,57,calculatorsoup.com omnicalculator.com,4.902,http://www.calculatorsoup.com/calculators/math/fractionssimplify.php,calc:simplify-fractions
5,calculator,finance,/mortgage-payoff-calculator/,mortgage payoff,134746,515,calculator.net,4.866,http://www.calculator.net/mortgage-payoff-calculator.html,calc:mortgage-payoff
5,countdown,time-date,/how-long-until-2-00-pm/,countdown: how long until 2 00 pm,31594,2,inchcalculator.com,4.86,http://www.inchcalculator.com/countdown-timer/how-long-until-2-00-pm/,countdown:how-long-until-2-00-pm
5,date,time-date,/15-days-from-today/,15 days from today,17143,0,inchcalculator.com,4.847,http://www.inchcalculator.com/days-from/15-days-from-today/,date:days-from-today:15
5,date,time-date,/40-weeks-from-today/,40 weeks from today,16740,0,inchcalculator.com,4.835,http://www.inchcalculator.com/weeks-from/40-weeks-from-today/,date:weeks-from-today:40
5,countdown,time-date,/how-long-until-4-00-pm/,countdown: how long until 4 00 pm,29881,1,inchcalculator.com,4.833,http://www.inchcalculator.com/countdown-timer/how-long-until-4-00-pm/,countdown:how-long-until-4-00-pm
5,date,time-date,/30-days-ago/,30 days ago,16403,2,inchcalculator.com,4.825,http://www.inchcalculator.com/days-from/30-days-ago-from-today/,date:days-ago:30
5,countdown,time-date,/how-long-until-10-00-pm/,countdown: how long until 10 00 pm,29091,0,inchcalculator.com,4.821,http://www.inchcalculator.com/countdown-timer/how-long-until-10-00-pm/,countdown:how-long-until-10-00-pm
5,date,time-date,/4-months-from-today/,4 months from today,16044,3,inchcalculator.com,4.814,http://www.inchcalculator.com/months-from/4-months-from-today/,date:months-from-today:4
5,date,time-date,/13-hours-ago/,13 hours ago,15912,0,inchcalculator.com,4.81,http://www.inchcalculator.com/hours-from/13-hours-ago/,date:hours-ago:13
5,date,time-date,/21-hours-ago/,21 hours ago,15744,0,inchcalculator.com,4.805,http://www.inchcalculator.com/hours-from/21-hours-ago/,date:hours-ago:21
5,date,time-date,/20-minutes-from-today/,20 minutes from today,15710,0,inchcalculator.com,4.804,http://www.inchcalculator.com/minutes-from/20-minutes-from-now/,date:minutes-from-today:20
5,countdown,time-date,/create/,countdown: create,144804,1170,timeanddate.com,4.8,http://www.timeanddate.com/countdown/create,countdown:create
5,es,es,/es/pies-a-metros/,pies a metros,49500,0,(ubersuggest es),4.791,,es:pies-a-metros
5,date,time-date,/12-hours-from-today/,12 hours from today,15176,0,inchcalculator.com,4.787,http://www.inchcalculator.com/hours-from/12-hours-from-now/,date:hours-from-today:12
5,state,work-pay,/montana-paycheck-calculator/,Montana paycheck calculator,1600,0,(ubersuggest),4.758,,state:paycheck-salary:montana
5,state,work-pay,/north-dakota-paycheck-calculator/,North Dakota paycheck calculator,1300,0,(ubersuggest),4.624,,state:paycheck-salary:north-dakota
5,state,work-pay,/south-dakota-paycheck-calculator/,South Dakota paycheck calculator,1300,0,(ubersuggest),4.624,,state:paycheck-salary:south-dakota
5,state,work-pay,/delaware-paycheck-calculator/,Delaware paycheck calculator,1300,0,(ubersuggest),4.624,,state:paycheck-salary:delaware
5,calculator,construction,/roof-pitch-calculator/,roof pitch,33991,264,omnicalculator.com,4.551,http://www.omnicalculator.com/construction/roof-pitch,calc:roof-pitch
5,calculator,construction,/ft2-yd3-calculator/,ft2 yd3,9585,12,omnicalculator.com,4.472,http://www.omnicalculator.com/construction/ft2-yd3,calc:ft2-yd3
5,state,work-pay,/alaska-paycheck-calculator/,Alaska paycheck calculator,1000,0,(ubersuggest),4.455,,state:paycheck-salary:alaska
5,state,work-pay,/michigan-paycheck-calculator/,Michigan paycheck calculator,1000,0,(ubersuggest),4.455,,state:paycheck-salary:michigan
5,calculator,construction,/soil-calculator/,soil,11679,159,inchcalculator.com,4.393,http://www.inchcalculator.com/soil-calculator/,calc:soil
5,calculator,health,/bra-size-calculator/,bra size,290395,512,calculator.net,4.318,http://www.calculator.net/bra-size-calculator.html,calc:bra-size
5,calculator,health,/body-fat-calculator/,body fat,254020,228,calculator.net omnicalculator.com,4.273,http://www.calculator.net/body-fat-calculator.html,calc:body-fat
5,calculator,health,/period-calculator/,period,100353,178,calculator.net,4.251,http://www.calculator.net/period-calculator.html,calc:period
6,converter,conversions,/pints-to-cups/,pint to cup,66623,9,omnicalculator.com,5.345,http://www.omnicalculator.com/conversion/pints-to-cups-converter,conv:pint>cup
6,value,conversions,/8-lbs-to-kg/,8 lb to kg,81458,0,rapidtables.com,5.341,http://www.rapidtables.com/convert/weight/pound-to-kg.html?x=8,val:lb>kg:8
6,converter,conversions,/mcg-to-grams/,mcg to g,100744,11,thecalculatorsite.com unitconverters.net,5.339,http://www.thecalculatorsite.com/conversions/common/micrograms-grams.php,conv:mcg>g
6,value,conversions,/6-feet-5-inches-to-inches/,"6'5"" to inches",80755,0,inchcalculator.com,5.337,http://www.inchcalculator.com/height-converter/6ft-5in-to-inches/,val:height:6ft5in>inches
6,converter,time-date,/years-to-days/,year to day,37280,2,inchcalculator.com,5.332,http://www.inchcalculator.com/convert/year-to-day/,conv:year>day
6,converter,conversions,/yards-to-inches/,yd to in,98886,40,inchcalculator.com rapidtables.com unitconverters.net,5.33,http://www.unitconverters.net/length/yards-to-inches.htm,conv:yd>in
6,value,conversions,/25-cm-to-inches/,25 cm to in,79029,6,rapidtables.com,5.327,http://www.rapidtables.com/convert/length/cm-to-inch.html?x=25,val:cm>in:25
6,value,conversions,/7-lbs-to-kg/,7 lb to kg,78811,0,rapidtables.com,5.325,http://www.rapidtables.com/convert/weight/pound-to-kg.html?x=7,val:lb>kg:7
6,converter,conversions,/cups-to-quarts/,cup to qt,62082,4,inchcalculator.com omnicalculator.com unitconverters.net,5.311,http://www.unitconverters.net/volume/cups-to-quart.htm,conv:cup>qt
6,value,conversions,/4-lbs-to-kg/,4 lb to kg,76273,0,rapidtables.com,5.31,http://www.rapidtables.com/convert/weight/pound-to-kg.html?x=4,val:lb>kg:4
6,converter,conversions,/kelvin-to-fahrenheit/,degk to degf,61551,4,calculatorsoup.com omnicalculator.com rapidtables.com,5.307,http://www.calculatorsoup.com/calculators/conversions/kelvin-to-fahrenheit.php,conv:degk>degf
6,converter,conversions,/liters-to-cubic-meters/,l to cum,61351,10,unitconverters.net,5.305,http://www.unitconverters.net/volume/liter-to-cubic-meter.htm,conv:l>cum
6,converter,conversions,/ft-lbs-to-in-lbs/,ftlb to inlb,61184,7,inchcalculator.com,5.304,http://www.inchcalculator.com/convert/foot-pound-to-inch-pound/,conv:ftlb>inlb
6,converter,conversions,/pints-to-oz/,pint to oz,60522,2,inchcalculator.com,5.299,http://www.inchcalculator.com/convert/pint-to-ounce/,conv:pint>oz
6,value,conversions,/90-mm-to-inches/,90 mm to in,73802,0,rapidtables.com,5.294,http://www.rapidtables.com/convert/length/mm-to-inch.html?x=90,val:mm>in:90
6,value,conversions,/46-kg-to-lbs/,46 kg to lb,73799,1,rapidtables.com,5.294,http://www.rapidtables.com/convert/weight/kg-to-pound.html?x=46,val:kg>lb:46
6,value,conversions,/6-lbs-to-kg/,6 lb to kg,73728,1,rapidtables.com,5.294,http://www.rapidtables.com/convert/weight/pound-to-kg.html?x=6,val:lb>kg:6
6,value,conversions,/195-cm-to-feet-and-inches/,195 cm to feet and inches,73406,0,inchcalculator.com,5.292,http://www.inchcalculator.com/height-converter/195cm/,val:height:195cm>ftin
6,value,conversions,/100-miles-to-km/,100 mi to km,71902,1,rapidtables.com,5.282,http://www.rapidtables.com/convert/length/mile-to-km.html?x=100,val:mi>km:100
6,converter,conversions,/cubic-meters-to-liters/,cum to l,88570,32,unitconverters.net,5.279,http://www.unitconverters.net/volume/cubic-meter-to-liter.htm,conv:cum>l
6,value,conversions,/10-inches-to-cm/,10 in to cm,71248,1,rapidtables.com,5.278,http://www.rapidtables.com/convert/length/inch-to-cm.html?x=10,val:in>cm:10
6,converter,conversions,/cubic-inches-to-gallons/,cuin to gal,57547,10,inchcalculator.com omnicalculator.com unitconverters.net,5.274,http://www.unitconverters.net/volume/cubic-inches-to-gallons.htm,conv:cuin>gal
6,converter,conversions,/quarts-to-ml/,qt to ml,57135,4,inchcalculator.com unitconverters.net,5.271,http://www.inchcalculator.com/convert/quart-to-milliliter/,conv:qt>ml
6,converter,conversions,/quarts-to-lbs/,qt to lb,85921,26,inchcalculator.com omnicalculator.com,5.265,http://www.omnicalculator.com/conversion/quarts-to-pounds,conv:qt>lb
6,converter,conversions,/pints-to-ml/,pint to ml,55967,5,inchcalculator.com unitconverters.net,5.261,http://www.unitconverters.net/volume/pint-to-ml.htm,conv:pint>ml
6,converter,conversions,/fl-oz-to-liters/,floz to l,84942,41,inchcalculator.com,5.26,http://www.inchcalculator.com/convert/fluid-ounce-to-liter/,conv:floz>l
6,converter,conversions,/fl-oz-to-pints/,floz to pint,83541,29,inchcalculator.com,5.252,http://www.inchcalculator.com/convert/fluid-ounce-to-pint/,conv:floz>pint
6,converter,conversions,/liters-to-cc/,l to cc,54386,9,omnicalculator.com unitconverters.net,5.247,http://www.unitconverters.net/volume/liter-to-cubic-centimeter.htm,conv:l>cc
6,value,conversions,/6-kg-to-lbs/,6 kg to lb,66214,2,rapidtables.com,5.243,http://www.rapidtables.com/convert/weight/kg-to-pound.html?x=6,val:kg>lb:6
6,value,conversions,/100-km-to-miles/,100 km to mi,65728,0,rapidtables.com,5.24,http://www.rapidtables.com/convert/length/km-to-mile.html?x=100,val:km>mi:100
6,value,conversions,/3-feet-to-cm/,3 ft to cm,65038,7,rapidtables.com,5.235,http://www.rapidtables.com/convert/length/feet-to-cm.html?f=6&insel=m&x=3,val:ft>cm:3
6,converter,conversions,/cubic-meters-to-gallons/,cum to gal,53051,3,inchcalculator.com unitconverters.net,5.235,http://www.unitconverters.net/volume/cubic-meter-to-gallon-us.htm,conv:cum>gal
6,calculator,everyday,/lbs-to-newtons-calculator/,lbs to newtons,145027,50,unitconverters.net,5.207,http://www.unitconverters.net/force/lbs-to-newtons.htm,calc:lbs-to-newtons
6,calculator,time-date,/meters-per-second-to-miles-per-hour-calculator/,meters per second to miles per hour,101242,24,unitconverters.net,5.206,http://www.unitconverters.net/speed/meters-per-second-to-miles-per-hour.htm,calc:meters-per-second-to-miles-per-hour
6,calculator,everyday,/stopwatch-calculator/,stopwatch,539496,917,timeanddate.com,5.171,http://www.timeanddate.com/stopwatch/,calc:stopwatch
6,calculator,math,/log-calculator/,log,47573,2,calculator.net omnicalculator.com rapidtables.com,4.9,http://www.calculator.net/log-calculator.html,calc:log
6,calculator,math,/sum-calculator/,sum,70185,28,calculatorsoup.com,4.889,http://www.calculatorsoup.com/calculators/statistics/sum-calculator.php,calc:sum
6,calculator,business,/profit-margin-calculator/,profit margin,24010,214,calculatorsoup.com,4.889,http://www.calculatorsoup.com/calculators/financial/profit-margin-calculator.php,calc:profit-margin
6,calculator,business,/sales-tax-reverse-calculator/,sales tax reverse,11292,54,calculatorsoup.com,4.863,http://www.calculatorsoup.com/calculators/financial/sales-tax-calculator-reverse.php,calc:sales-tax-reverse
6,calculator,math,/arc-length-calculator/,arc length,244807,211,omnicalculator.com,4.861,http://www.omnicalculator.com/math/arc-length,calc:arc-length
6,calculator,math,/percentage-decrease-calculator/,percentage decrease,102684,190,calculatorsoup.com omnicalculator.com,4.861,http://www.calculatorsoup.com/calculators/algebra/percentage-decrease-calculator.php,calc:percentage-decrease
6,calculator,math,/triangle-area-calculator/,triangle area,102196,166,omnicalculator.com,4.859,http://www.omnicalculator.com/math/triangle-area,calc:triangle-area
6,calculator,math,/long-division-calculator/,long division,65356,42,calculator.net omnicalculator.com,4.858,http://www.calculator.net/long-division-calculator.html,calc:long-division
6,calculator,math,/cube-root-calculator/,cube root,99815,183,calculatorsoup.com,4.849,http://www.calculatorsoup.com/calculators/algebra/cuberoots.php,calc:cube-root
6,generator,generators,/random-number-generator-1-10/,random number generator 1 10,161525,179,calculatorsoup.com,4.799,http://www.calculatorsoup.com/calculators/statistics/random-number-generator-1-10.php,gen:random-number-generator-1-10
6,countdown,time-date,/how-long-until-3-30-pm/,countdown: how long until 3 30 pm,26743,1,inchcalculator.com,4.781,http://www.inchcalculator.com/countdown-timer/how-long-until-3-30-pm/,countdown:how-long-until-3-30-pm
6,date,time-date,/9-months-from-today/,9 months from today,14853,5,inchcalculator.com,4.776,http://www.inchcalculator.com/months-from/9-months-from-today/,date:months-from-today:9
6,calculator,science,/density-mass-volume-calculator/,density mass volume,117915,43,omnicalculator.com,4.747,http://www.omnicalculator.com/physics/density-mass-volume,calc:density-mass-volume
6,date,time-date,/4-hours-ago/,4 hours ago,14019,0,inchcalculator.com,4.747,http://www.inchcalculator.com/hours-from/4-hours-ago/,date:hours-ago:4
6,countdown,time-date,/how-long-until-11-00-am/,countdown: how long until 11 00 am,24336,0,inchcalculator.com,4.737,http://www.inchcalculator.com/countdown-timer/how-long-until-11-00-am/,countdown:how-long-until-11-00-am
6,date,time-date,/3-hours-ago/,3 hours ago,13612,0,inchcalculator.com,4.733,http://www.inchcalculator.com/hours-from/3-hours-ago/,date:hours-ago:3
6,countdown,time-date,/how-long-until-2-30-pm/,countdown: how long until 2 30 pm,23601,1,inchcalculator.com,4.723,http://www.inchcalculator.com/countdown-timer/how-long-until-2-30-pm/,countdown:how-long-until-2-30-pm
6,date,time-date,/9-months-ago/,9 months ago,12913,7,inchcalculator.com,4.706,http://www.inchcalculator.com/months-from/9-months-ago-from-today/,date:months-ago:9
6,countdown,time-date,/how-long-until-5-00-am/,countdown: how long until 5 00 am,22631,0,inchcalculator.com,4.703,http://www.inchcalculator.com/countdown-timer/how-long-until-5-00-am/,countdown:how-long-until-5-00-am
6,date,time-date,/18-months-from-today/,18 months from today,12476,5,inchcalculator.com,4.689,http://www.inchcalculator.com/months-from/18-months-from-today/,date:months-from-today:18
6,date,time-date,/7-hours-from-today/,7 hours from today,12322,0,inchcalculator.com,4.683,http://www.inchcalculator.com/hours-from/7-hours-from-now/,date:hours-from-today:7
6,date,time-date,/20-weeks-from-today/,20 weeks from today,11415,1,widgetly.co,4.645,http://www.widgetly.co/time-weeks/20-weeks-from-today,date:weeks-from-today:20
6,date,time-date,/40-days-from-today/,40 days from today,11371,0,inchcalculator.com,4.643,http://www.inchcalculator.com/days-from/40-days-from-today/,date:days-from-today:40
6,calculator,finance,/house-affordability-calculator/,house affordability,78120,307,calculator.net,4.641,http://www.calculator.net/house-affordability-calculator.html,calc:house-affordability
6,countdown,time-date,/when-is-independence-day/,independence day date,93129,438,timeanddate.com,4.621,http://www.timeanddate.com/holidays/us/independence-day,holiday:independence-day
6,date,time-date,/20-days-from-today/,20 days from today,10809,0,inchcalculator.com,4.618,http://www.inchcalculator.com/days-from/20-days-from-today/,date:days-from-today:20
6,calculator,finance,/401k-calculator/,401k,73122,254,calculator.net,4.614,http://www.calculator.net/401k-calculator.html,calc:401k
6,es,es,/es/onzas-a-gramos/,Convertidor de Onzas a Gramos,28621,1,omnicalculator.com,4.548,http://www.omnicalculator.com/es/conversion/convertidor-de-onzas-a-gramos,es:onzas-a-gramos
6,es,es,/es/libras-a-onzas/,Calculadora de libras y onzas,26275,0,omnicalculator.com,4.511,http://www.omnicalculator.com/es/conversion/calculadora-libras-y-onzas,es:libras-a-onzas
6,calculator,finance,/money-calculator/,money,54794,332,calculatorsoup.com,4.495,http://www.calculatorsoup.com/calculators/financial/money-calculator.php,calc:money
6,es,es,/es/calculadora-de-horas/,calculadora de horas,22200,0,(ubersuggest es),4.436,,es:horas
6,calculator,construction,/stair-calculator/,stair,21428,242,calculator.net,4.35,http://www.calculator.net/stair-calculator.html,calc:stair
6,calculator,construction,/btu-to-kw-calculator/,btu to kw,10569,91,rapidtables.com,4.346,http://www.rapidtables.com/convert/power/BTU_to_kW.html,calc:btu-to-kw
6,calculator,finance,/debt-payoff-calculator/,debt payoff,37906,465,calculator.net,4.343,http://www.calculator.net/debt-payoff-calculator.html,calc:debt-payoff
6,calculator,finance,/personal-loan-calculator/,personal loan,37138,467,calculator.net,4.335,http://www.calculator.net/personal-loan-calculator.html,calc:personal-loan
6,calculator,construction,/btu-calculator/,btu,18036,879,calculator.net,4.275,http://www.calculator.net/btu-calculator.html,calc:btu
6,calculator,health,/steps-to-calories-calculator/,steps to calories,36164,6,omnicalculator.com thecalculatorsite.com,4.184,http://www.omnicalculator.com/sports/steps-to-calories,calc:steps-to-calories
6,calculator,health,/bmr-calculator/,bmr,160793,1815,calculator.net,4.116,http://www.calculator.net/bmr-calculator.html,calc:bmr
6,calculator,health,/pregnancy-calculator/,pregnancy,155970,343,calculator.net,4.105,http://www.calculator.net/pregnancy-calculator.html,calc:pregnancy
6,generator,generators,/random-number-generator-1-100/,random number generator 1 100,28692,265,calculatorsoup.com,3.82,http://www.calculatorsoup.com/calculators/statistics/random-number-generator-1-100.php,gen:random-number-generator-1-100
7,value,conversions,/5-meters-to-feet/,5 m to ft,99575,30,rapidtables.com,5.234,http://www.rapidtables.com/convert/length/meter-to-feet.html?x=5,val:m>ft:5
7,value,conversions,/5-feet-3-inches-to-inches/,"5'3"" to inches",63722,0,inchcalculator.com,5.225,http://www.inchcalculator.com/height-converter/5ft-3in-to-inches/,val:height:5ft3in>inches
7,value,conversions,/5-kg-to-lbs/,5 kg to lb,97316,16,rapidtables.com,5.224,http://www.rapidtables.com/convert/weight/kg-to-pound.html?x=5,val:kg>lb:5
7,converter,conversions,/mmhg-to-atm/,mmhg to atm,51624,5,omnicalculator.com,5.222,http://www.omnicalculator.com/conversion/mmhg-to-atm-conversion,conv:mmhg>atm
7,value,conversions,/4-feet-11-inches-to-cm/,"4'11"" to cm",63156,1,inchcalculator.com,5.221,http://www.inchcalculator.com/height-converter/4ft-11in/,val:height:4ft11in>cm
7,value,conversions,/140-cm-to-feet-and-inches/,140 cm to feet and inches,63086,0,inchcalculator.com,5.22,http://www.inchcalculator.com/height-converter/140cm/,val:height:140cm>ftin
7,converter,conversions,/pints-to-quarts/,pint to qt,51152,4,inchcalculator.com unitconverters.net,5.218,http://www.inchcalculator.com/convert/pint-to-quart/,conv:pint>qt
7,value,conversions,/132-lbs-to-kg/,132 lb to kg,62647,0,rapidtables.com,5.217,http://www.rapidtables.com/convert/weight/pound-to-kg.html?x=132,val:lb>kg:132
7,converter,conversions,/liters-to-cubic-feet/,l to cuft,50530,3,inchcalculator.com unitconverters.net,5.212,http://www.unitconverters.net/volume/liter-to-cubic-foot.htm,conv:l>cuft
7,converter,conversions,/ml-to-cc/,ml to cc,50528,8,omnicalculator.com unitconverters.net,5.212,http://www.unitconverters.net/volume/ml-to-cc.htm,conv:ml>cc
7,value,conversions,/16-cm-to-inches/,16 cm to in,61923,2,rapidtables.com,5.211,http://www.rapidtables.com/convert/length/cm-to-inch.html?x=16,val:cm>in:16
7,value,conversions,/21-cm-to-inches/,21 cm to in,61468,0,rapidtables.com,5.208,http://www.rapidtables.com/convert/length/cm-to-inch.html?x=21,val:cm>in:21
7,converter,conversions,/grams-to-liters/,g to l,50091,4,inchcalculator.com omnicalculator.com,5.208,http://www.inchcalculator.com/convert/gram-to-liter/,conv:g>l
7,value,conversions,/3-inches-to-mm/,3 in to mm,61215,0,rapidtables.com,5.206,http://www.rapidtables.com/convert/length/inch-to-mm.html?x=3,val:in>mm:3
7,converter,conversions,/cubic-yards-to-cubic-feet/,cuyd to cuft,49950,3,calculatorsoup.com,5.206,http://www.calculatorsoup.com/calculators/conversions/cubic-yards-to-cubic-feet.php,conv:cuyd>cuft
7,value,conversions,/15-inches-to-cm/,15 in to cm,60955,0,rapidtables.com,5.204,http://www.rapidtables.com/convert/length/inch-to-cm.html?x=15,val:in>cm:15
7,converter,conversions,/gallons-to-pints/,gal to pint,49691,3,inchcalculator.com omnicalculator.com unitconverters.net,5.204,http://www.omnicalculator.com/conversion/gallons-to-pints-converter,conv:gal>pint
7,value,conversions,/30-km-to-miles/,30 km to mi,60405,1,rapidtables.com,5.2,http://www.rapidtables.com/convert/length/km-to-mile.html?x=30,val:km>mi:30
7,value,conversions,/25-mm-to-inches/,25 mm to in,60246,2,rapidtables.com,5.198,http://www.rapidtables.com/convert/length/mm-to-inch.html?x=25,val:mm>in:25
7,value,conversions,/4-feet-5-inches-to-inches/,"4'5"" to inches",59843,0,inchcalculator.com,5.195,http://www.inchcalculator.com/height-converter/4ft-5in-to-inches/,val:height:4ft5in>inches
7,converter,conversions,/gallons-to-cubic-feet/,gal to cuft,73559,38,unitconverters.net,5.193,http://www.unitconverters.net/volume/gallon-to-cubic-feet.htm,conv:gal>cuft
7,value,conversions,/99-kg-to-lbs/,99 kg to lb,59343,1,rapidtables.com,5.191,http://www.rapidtables.com/convert/weight/kg-to-pound.html?x=99,val:kg>lb:99
7,converter,conversions,/grams-to-mcg/,g to mcg,48115,10,unitconverters.net,5.188,http://www.unitconverters.net/weight-and-mass/gram-to-microgram.htm,conv:g>mcg
7,value,conversions,/49-kg-to-lbs/,49 kg to lb,58043,0,rapidtables.com,5.181,http://www.rapidtables.com/convert/weight/kg-to-pound.html?x=49,val:kg>lb:49
7,converter,conversions,/cups-to-ml/,cup to ml,111992,82,thecalculatorsite.com unitconverters.net,5.18,http://www.unitconverters.net/volume/cups-to-ml.htm,conv:cup>ml
7,value,conversions,/5-km-to-miles/,5 km to mi,57688,1,rapidtables.com,5.178,http://www.rapidtables.com/convert/length/km-to-mile.html?x=5,val:km>mi:5
7,converter,conversions,/mg-to-kg/,mg to kg,71037,29,rapidtables.com unitconverters.net,5.177,http://www.rapidtables.com/convert/weight/mg-to-kg.html,conv:mg>kg
7,converter,conversions,/kw-to-hp/,kw to hp,110646,75,rapidtables.com unitconverters.net,5.175,http://www.unitconverters.net/power/kw-to-hp.htm,conv:kw>hp
7,value,conversions,/145-cm-to-feet-and-inches/,145 cm to feet and inches,57276,1,inchcalculator.com,5.175,http://www.inchcalculator.com/height-converter/145cm/,val:height:145cm>ftin
7,value,conversions,/800-meters-to-miles/,800 m to mi,57220,0,rapidtables.com,5.174,http://www.rapidtables.com/convert/length/meter-to-mile.html?x=800,val:m>mi:800
7,value,conversions,/157-cm-to-feet/,157 cm to ft,57131,0,rapidtables.com,5.173,http://www.rapidtables.com/convert/length/cm-to-feet.html?x=157,val:cm>ft:157
7,converter,conversions,/lbs-to-gallons/,lb to gal,108644,63,inchcalculator.com,5.167,http://www.inchcalculator.com/convert/pound-to-gallon/,conv:lb>gal
7,calculator,everyday,/tire-size-calculator/,tire size,198851,185,calculator.net,5.14,http://www.calculator.net/tire-size-calculator.html,calc:tire-size
7,calculator,everyday,/gpa-calculator/,gpa,429948,456,calculator.net,5.082,http://www.calculator.net/gpa-calculator.html,calc:gpa
7,calculator,time-date,/week-year-calculator/,week year,47174,9,inchcalculator.com,5.048,http://www.inchcalculator.com/week-of-the-year/,calc:week-year
7,calculator,math,/root-calculator/,root,99020,129,calculator.net,4.846,http://www.calculator.net/root-calculator.html,calc:root
7,calculator,math,/numbers-to-words-calculator/,numbers to words,230499,283,calculatorsoup.com,4.838,http://www.calculatorsoup.com/calculators/conversions/numberstowords.php,calc:numbers-to-words
7,calculator,math,/percent-to-decimal-calculator/,percent to decimal,97136,136,calculatorsoup.com,4.838,http://www.calculatorsoup.com/calculators/math/percent-to-decimal-calculator.php,calc:percent-to-decimal
7,calculator,math,/final-grade-calculator/,final grade,60565,28,calculatorsoup.com omnicalculator.com rapidtables.com,4.824,http://www.rapidtables.com/calc/grade/final-grade-calculator.html,calc:final-grade
7,calculator,math,/hex-calculator/,hex,37602,1,calculator.net rapidtables.com,4.793,http://www.calculator.net/hex-calculator.html,calc:hex
7,calculator,math,/surface-area-cylinder-calculator/,surface area cylinder,83536,100,omnicalculator.com,4.774,http://www.omnicalculator.com/math/surface-area-of-cylinder,calc:surface-area-cylinder
7,calculator,math,/fraction-to-percent-calculator/,fraction to percent,82582,169,calculatorsoup.com,4.769,http://www.calculatorsoup.com/calculators/math/fraction-to-percent-calculator.php,calc:fraction-to-percent
7,calculator,business,/price-elasticity-demand-calculator/,price elasticity demand,9328,108,omnicalculator.com,4.764,http://www.omnicalculator.com/finance/price-elasticity-demand,calc:price-elasticity-demand
7,calculator,business,/marginal-cost-calculator/,marginal cost,5987,28,omnicalculator.com,4.714,http://www.omnicalculator.com/finance/marginal-cost,calc:marginal-cost
7,calculator,science,/megawatt-to-kilowatt-calculator/,megawatt to kilowatt,56605,3,unitconverters.net,4.62,http://www.unitconverters.net/power/megawatt-to-kilowatt.htm,calc:megawatt-to-kilowatt
7,countdown,time-date,/how-long-until-7-00-am/,countdown: how long until 7 00 am,18512,0,inchcalculator.com,4.609,http://www.inchcalculator.com/countdown-timer/how-long-until-7-00-am/,countdown:how-long-until-7-00-am
7,date,time-date,/120-days-ago/,120 days ago,10554,2,inchcalculator.com,4.606,http://www.inchcalculator.com/days-from/120-days-ago-from-today/,date:days-ago:120
7,countdown,time-date,/how-long-until-6-00-pm/,countdown: how long until 6 00 pm,17224,0,inchcalculator.com,4.575,http://www.inchcalculator.com/countdown-timer/how-long-until-6-00-pm/,countdown:how-long-until-6-00-pm
7,date,time-date,/22-hours-ago/,22 hours ago,9878,0,inchcalculator.com,4.573,http://www.inchcalculator.com/hours-from/22-hours-ago/,date:hours-ago:22
7,countdown,time-date,/how-long-until-8-00-pm/,countdown: how long until 8 00 pm,16929,0,inchcalculator.com,4.567,http://www.inchcalculator.com/countdown-timer/how-long-until-8-00-pm/,countdown:how-long-until-8-00-pm
7,countdown,time-date,/weeks-until-thanksgiving/,countdown: weeks until thanksgiving,16836,2,inchcalculator.com,4.564,http://www.inchcalculator.com/weeks-calculator/weeks-until-thanksgiving/,countdown:weeks-until-thanksgiving
7,date,time-date,/8-hours-from-today/,8 hours from today,9667,0,inchcalculator.com,4.562,http://www.inchcalculator.com/hours-from/8-hours-from-now/,date:hours-from-today:8
7,date,time-date,/35-days-from-today/,35 days from today,9578,0,inchcalculator.com,4.558,http://www.inchcalculator.com/days-from/35-days-from-today/,date:days-from-today:35
7,date,time-date,/5-days-from-today/,5 days from today,9329,2,inchcalculator.com,4.545,http://www.inchcalculator.com/days-from/5-days-from-today/,date:days-from-today:5
7,countdown,time-date,/how-long-until-9-00-pm/,countdown: how long until 9 00 pm,15122,0,inchcalculator.com,4.514,http://www.inchcalculator.com/countdown-timer/how-long-until-9-00-pm/,countdown:how-long-until-9-00-pm
7,date,time-date,/16-weeks-from-today/,16 weeks from today,8651,1,widgetly.co,4.507,http://www.widgetly.co/time-weeks/16-weeks-from-today,date:weeks-from-today:16
7,countdown,time-date,/how-long-until-6-00-am/,countdown: how long until 6 00 am,14710,0,inchcalculator.com,4.501,http://www.inchcalculator.com/countdown-timer/how-long-until-6-00-am/,countdown:how-long-until-6-00-am
7,date,time-date,/15-weeks-from-today/,15 weeks from today,11970,27,inchcalculator.com,4.496,http://www.inchcalculator.com/weeks-from/15-weeks-from-today/,date:weeks-from-today:15
7,countdown,time-date,/how-long-until-4-30-pm/,countdown: how long until 4 30 pm,14116,0,inchcalculator.com,4.482,http://www.inchcalculator.com/countdown-timer/how-long-until-4-30-pm/,countdown:how-long-until-4-30-pm
7,es,es,/es/onzas-a-mililitros/,Convertidor de onzas a mililitros,19428,2,omnicalculator.com,4.377,http://www.omnicalculator.com/es/conversion/convertidor-de-onzas-a-mililitros,es:onzas-a-mililitros
7,es,es,/es/pies-a-centimetros/,Convertidor de pies a centímetros,19426,1,omnicalculator.com,4.377,http://www.omnicalculator.com/es/conversion/convertidor-de-pies-a-centimetros,es:pies-a-centimetros
7,calculator,finance,/heloc-calculator/,heloc,17220,132,calculator.net,4.321,http://www.calculator.net/heloc-calculator.html,calc:heloc
7,calculator,finance,/future-value-calculator/,future value,34781,257,calculator.net calculatorsoup.com,4.308,http://www.calculator.net/future-value-calculator.html,calc:future-value
7,calculator,finance,/rental-property-calculator/,rental property,31216,629,calculator.net,4.263,http://www.calculator.net/rental-property-calculator.html,calc:rental-property
7,calculator,finance,/savings-calculator/,savings,14176,153,calculator.net,4.235,http://www.calculator.net/savings-calculator.html,calc:savings
7,calculator,construction,/kw-to-btu-calculator/,kw to btu,8288,99,rapidtables.com,4.232,http://www.rapidtables.com/convert/power/kW_to_BTU.html,calc:kw-to-btu
7,es,es,/es/kilometros-a-millas/,Convertidor de kilómetros a millas,13991,0,omnicalculator.com,4.231,http://www.omnicalculator.com/es/conversion/convertidor-kilometros-a-millas,es:kilometros-a-millas
7,calculator,finance,/monthly-income-calculator/,monthly income,13465,72,omnicalculator.com,4.212,http://www.omnicalculator.com/finance/monthly-income,calc:monthly-income
7,calculator,construction,/btu-to-kwh-calculator/,btu to kwh,7262,121,rapidtables.com,4.17,http://www.rapidtables.com/convert/energy/BTU_to_kWh.html,calc:btu-to-kwh
7,calculator,construction,/rebar-calculator/,rebar,7073,93,omnicalculator.com,4.158,http://www.omnicalculator.com/construction/rebar,calc:rebar
7,calculator,health,/macro-calculator/,macro,155086,644,calculator.net,4.103,http://www.calculator.net/macro-calculator.html,calc:macro
7,calculator,health,/steps-miles-calculator/,steps miles,138903,332,thecalculatorsite.com,4.065,http://www.thecalculatorsite.com/health/steps-miles.php,calc:steps-miles
7,calculator,health,/steps-to-miles-calculator/,steps to miles,59473,159,omnicalculator.com,4.058,http://www.omnicalculator.com/sports/steps-to-miles,calc:steps-to-miles
7,generator,generators,/random-card-generator/,random card generator,16632,328,calculatorsoup.com,3.617,http://www.calculatorsoup.com/calculators/statistics/random-card-generator.php,gen:random-card-generator
7,generator,generators,/random-color-generator/,random color generator,5887,122,gigacalculator.com,3.474,http://www.gigacalculator.com/randomizers/random-color-generator.php,gen:random-color-generator
8,converter,conversions,/nm-to-in-lbs/,nm to inlb,46062,3,omnicalculator.com thecalculatorsite.com unitconverters.net,5.167,http://www.omnicalculator.com/conversion/nm-to-in-lbs,conv:nm>inlb
8,converter,conversions,/feet-and-inches-to-feet/,ftin to ft,68766,15,rapidtables.com,5.162,http://www.rapidtables.com/convert/length/feet-inch-to-feet.html,conv:ftin>ft
8,value,conversions,/33-lbs-to-kg/,33 lb to kg,55812,0,rapidtables.com,5.162,http://www.rapidtables.com/convert/weight/pound-to-kg.html?x=33,val:lb>kg:33
8,converter,conversions,/ml-to-cups/,ml to cup,67746,29,inchcalculator.com omnicalculator.com unitconverters.net,5.155,http://www.unitconverters.net/volume/ml-to-cups.htm,conv:ml>cup
8,converter,conversions,/cubic-feet-to-liters/,cuft to l,66410,17,unitconverters.net,5.146,http://www.unitconverters.net/volume/cubic-foot-to-liter.htm,conv:cuft>l
8,value,conversions,/185-cm-to-feet-and-inches/,185 cm to feet and inches,53584,4,inchcalculator.com,5.143,http://www.inchcalculator.com/height-converter/185cm/,val:height:185cm>ftin
8,converter,time-date,/hours-to-years/,hr to year,25642,5,inchcalculator.com omnicalculator.com,5.143,http://www.omnicalculator.com/conversion/hours-to-years,conv:hr>year
8,converter,conversions,/cubic-meters-to-cubic-feet/,cum to cuft,43252,2,inchcalculator.com unitconverters.net,5.137,http://www.unitconverters.net/volume/cubic-meter-to-cubic-foot.htm,conv:cum>cuft
8,value,conversions,/200-meters-to-miles/,200 m to mi,52410,0,rapidtables.com,5.133,http://www.rapidtables.com/convert/length/meter-to-mile.html?x=200,val:m>mi:200
8,value,conversions,/4-kg-to-lbs/,4 kg to lb,52399,0,rapidtables.com,5.133,http://www.rapidtables.com/convert/weight/kg-to-pound.html?x=4,val:kg>lb:4
8,value,conversions,/3-inches-to-cm/,3 in to cm,51590,4,rapidtables.com,5.125,http://www.rapidtables.com/convert/length/inch-to-cm.html?x=3,val:in>cm:3
8,converter,conversions,/square-feet-to-cubic-yards/,sqft to cuyd,98588,80,thecalculatorsite.com,5.124,http://www.thecalculatorsite.com/conversions/common/square-feet-cubic-yards.php,conv:sqft>cuyd
8,converter,conversions,/lbs-to-quarts/,lb to qt,63258,24,inchcalculator.com,5.123,http://www.inchcalculator.com/convert/pound-to-quart/,conv:lb>qt
8,converter,conversions,/grams-to-fl-oz/,g to floz,41614,6,omnicalculator.com,5.118,http://www.omnicalculator.com/conversion/grams-to-fl-oz,conv:g>floz
8,value,conversions,/7-inches-to-cm/,7 in to cm,50502,0,rapidtables.com,5.115,http://www.rapidtables.com/convert/length/inch-to-cm.html?x=7,val:in>cm:7
8,value,conversions,/6-feet-3-inches-to-inches/,"6'3"" to inches",50368,0,inchcalculator.com,5.114,http://www.inchcalculator.com/height-converter/6ft-3in-to-inches/,val:height:6ft3in>inches
8,converter,conversions,/joules-to-kilojoules/,j to kj,41014,3,inchcalculator.com unitconverters.net,5.111,http://www.unitconverters.net/energy/j-to-kj.htm,conv:j>kj
8,value,conversions,/210-cm-to-feet-and-inches/,210 cm to feet and inches,49375,1,inchcalculator.com,5.104,http://www.inchcalculator.com/height-converter/210cm/,val:height:210cm>ftin
8,converter,conversions,/tsp-to-cups/,tsp to cup,40193,8,inchcalculator.com,5.102,http://www.inchcalculator.com/convert/teaspoon-to-cup/,conv:tsp>cup
8,value,conversions,/25-meters-to-feet/,25 m to ft,48464,0,rapidtables.com,5.096,http://www.rapidtables.com/convert/length/meter-to-feet.html?x=25,val:m>ft:25
8,converter,conversions,/acres-to-hectares/,acre to ha,59451,45,unitconverters.net,5.094,http://www.unitconverters.net/area/acres-to-hectare.htm,conv:acre>ha
8,value,conversions,/4-inches-to-mm/,4 in to mm,48005,0,rapidtables.com,5.091,http://www.rapidtables.com/convert/length/inch-to-mm.html?x=4,val:in>mm:4
8,converter,conversions,/degrees-to-radians/,deg to rad,58845,15,omnicalculator.com rapidtables.com,5.089,http://www.rapidtables.com/convert/number/degrees-to-radians.html,conv:deg>rad
8,value,conversions,/30-grams-to-oz/,30 g to oz,47493,0,rapidtables.com,5.086,http://www.rapidtables.com/convert/weight/gram-to-ounce.html?x=30,val:g>oz:30
8,value,conversions,/4-feet-11-inches-to-inches/,"4'11"" to inches",47340,1,inchcalculator.com,5.085,http://www.inchcalculator.com/height-converter/4ft-11in-to-inches/,val:height:4ft11in>inches
8,converter,conversions,/hectares-to-acres/,ha to acre,89665,65,unitconverters.net,5.081,http://www.unitconverters.net/area/hectare-to-acres.htm,conv:ha>acre
8,value,conversions,/6-feet-2-inches-to-inches/,"6'2"" to inches",46647,1,inchcalculator.com,5.078,http://www.inchcalculator.com/height-converter/6ft-2in-to-inches/,val:height:6ft2in>inches
8,converter,time-date,/years-to-seconds/,year to sec,32872,13,inchcalculator.com,5.073,http://www.inchcalculator.com/convert/year-to-second/,conv:year>sec
8,value,conversions,/150-cm-to-feet-and-inches/,150 cm to feet and inches,46079,2,inchcalculator.com,5.072,http://www.inchcalculator.com/height-converter/150cm/,val:height:150cm>ftin
8,value,conversions,/5-feet-0-inches-to-cm/,"5'0"" to cm",45661,1,inchcalculator.com thecalculatorsite.com,5.068,http://www.inchcalculator.com/height-converter/5ft-0in/,val:height:5ft0in>cm
8,converter,conversions,/ml-to-gallons/,ml to gal,86609,68,unitconverters.net,5.066,http://www.unitconverters.net/volume/ml-to-gallon.htm,conv:ml>gal
8,value,conversions,/9-kg-to-lbs/,9 kg to lb,45299,0,rapidtables.com,5.064,http://www.rapidtables.com/convert/weight/kg-to-pound.html?x=9,val:kg>lb:9
8,calculator,time-date,/days-from-calculator/,days from,109559,127,thecalculatorsite.com,5.04,http://www.thecalculatorsite.com/time/days-from.php,calc:days-from
8,calculator,everyday,/meter-to-nanometer-calculator/,meter to nanometer,89648,11,inchcalculator.com unitconverters.net,4.996,http://www.unitconverters.net/length/meter-to-nanometer.htm,calc:meter-to-nanometer
8,calculator,everyday,/tb-to-gb-calculator/,tb to gb,82585,24,gigacalculator.com,4.96,http://www.gigacalculator.com/converters/convert-tb-to-gb.php,calc:tb-to-gb
8,calculator,math,/confidence-interval-calculator/,confidence interval,79172,173,calculator.net,4.752,http://www.calculator.net/confidence-interval-calculator.html,calc:confidence-interval
8,calculator,math,/percent-difference-calculator/,percent difference,177645,434,calculatorsoup.com,4.736,http://www.calculatorsoup.com/calculators/algebra/percent-difference-calculator.php,calc:percent-difference
8,calculator,math,/triangular-prism-calculator/,triangular prism,75171,55,calculatorsoup.com omnicalculator.com,4.73,http://www.omnicalculator.com/math/triangular-prism,calc:triangular-prism
8,calculator,math,/scientific-notation-calculator/,scientific notation,72173,178,calculator.net calculatorsoup.com,4.713,http://www.calculatorsoup.com/calculators/math/scientific-notation-converter.php,calc:scientific-notation
8,calculator,business,/marginal-revenue-calculator/,marginal revenue,5873,23,omnicalculator.com,4.704,http://www.omnicalculator.com/finance/marginal-revenue,calc:marginal-revenue
8,calculator,math,/triangular-pyramid-volume-calculator/,triangular pyramid volume,30869,9,omnicalculator.com,4.703,http://www.omnicalculator.com/math/triangular-pyramid-volume,calc:triangular-pyramid-volume
8,calculator,math,/midpoint-calculator/,midpoint,67102,100,calculatorsoup.com,4.682,http://www.calculatorsoup.com/calculators/geometry-plane/midpoint-calculator.php,calc:midpoint
8,calculator,business,/income-elasticity-demand-calculator/,income elasticity demand,5567,42,omnicalculator.com,4.675,http://www.omnicalculator.com/finance/income-elasticity-demand,calc:income-elasticity-demand
8,calculator,math,/radius-circle-calculator/,radius circle,58880,79,omnicalculator.com,4.627,http://www.omnicalculator.com/math/radius-of-a-circle,calc:radius-circle
8,calculator,science,/kilowatt-to-megawatt-calculator/,kilowatt to megawatt,50487,3,unitconverters.net,4.571,http://www.unitconverters.net/power/kilowatt-to-megawatt.htm,calc:kilowatt-to-megawatt
8,date,time-date,/4-hours-from-today/,4 hours from today,8111,1,inchcalculator.com,4.475,http://www.inchcalculator.com/hours-from/4-hours-from-now/,date:hours-from-today:4
8,date,time-date,/3-months-ago/,3 months ago,8042,0,inchcalculator.com,4.471,http://www.inchcalculator.com/months-from/3-months-ago-from-today/,date:months-ago:3
8,countdown,time-date,/how-long-until-7-00-pm/,countdown: how long until 7 00 pm,13643,0,inchcalculator.com,4.466,http://www.inchcalculator.com/countdown-timer/how-long-until-7-00-pm/,countdown:how-long-until-7-00-pm
8,date,time-date,/2-hours-ago/,2 hours ago,7926,1,inchcalculator.com,4.464,http://www.inchcalculator.com/hours-from/2-hours-ago/,date:hours-ago:2
8,date,time-date,/14-weeks-from-today/,14 weeks from today,7640,0,inchcalculator.com,4.445,http://www.inchcalculator.com/weeks-from/14-weeks-from-today/,date:weeks-from-today:14
8,countdown,time-date,/how-long-until-4-00-am/,countdown: how long until 4 00 am,12909,0,inchcalculator.com,4.44,http://www.inchcalculator.com/countdown-timer/how-long-until-4-00-am/,countdown:how-long-until-4-00-am
8,countdown,time-date,/how-long-until-11-00-pm/,countdown: how long until 11 00 pm,12685,0,inchcalculator.com,4.432,http://www.inchcalculator.com/countdown-timer/how-long-until-11-00-pm/,countdown:how-long-until-11-00-pm
8,qa,conversions,/how-many-weeks-in-a-month/,How many weeks are in a month?,20007,71,rapidtables.com,4.413,http://www.rapidtables.com/calc/time/weeks-in-month.html,qa:week-in-month
8,date,time-date,/6-hours-from-today/,6 hours from today,7110,1,inchcalculator.com,4.41,http://www.inchcalculator.com/hours-from/6-hours-from-now/,date:hours-from-today:6
8,countdown,time-date,/birthday/,countdown: birthday,10947,10,omnicalculator.com,4.362,http://www.omnicalculator.com/everyday-life/birthday-countdown,countdown:birthday
8,date,time-date,/13-weeks-from-today/,13 weeks from today,6444,0,inchcalculator.com,4.361,http://www.inchcalculator.com/weeks-from/13-weeks-from-today/,date:weeks-from-today:13
8,countdown,time-date,/how-long-until-2-45-pm/,countdown: how long until 2 45 pm,10891,0,inchcalculator.com,4.36,http://www.inchcalculator.com/countdown-timer/how-long-until-2-45-pm/,countdown:how-long-until-2-45-pm
8,date,time-date,/40-minutes-from-today/,40 minutes from today,6426,0,inchcalculator.com,4.359,http://www.inchcalculator.com/minutes-from/40-minutes-from-now/,date:minutes-from-today:40
8,date,time-date,/45-minutes-from-today/,45 minutes from today,8870,12,inchcalculator.com,4.352,http://www.inchcalculator.com/minutes-from/45-minutes-from-now/,date:minutes-from-today:45
8,calculator,finance,/simple-interest-calculator/,simple interest,27192,202,calculator.net calculatorsoup.com,4.207,http://www.calculator.net/simple-interest-calculator.html,calc:simple-interest
8,calculator,finance,/price-per-sqft-calculator/,price per sqft,12703,90,omnicalculator.com thecalculatorsite.com,4.186,http://www.omnicalculator.com/finance/price-per-sqft,calc:price-per-sqft
8,es,es,/es/fahrenheit-a-celsius/,fahrenheit a celsius,12100,0,(ubersuggest es),4.167,,es:fahrenheit-a-celsius
8,es,es,/es/millas-a-kilometros/,millas a kilometros,12100,0,(ubersuggest es),4.167,,es:millas-a-kilometros
8,calculator,finance,/year-over-year-growth-calculator/,year over year growth,5939,9,omnicalculator.com,4.157,http://www.omnicalculator.com/finance/year-over-year-growth,calc:year-over-year-growth
8,calculator,finance,/refinance-calculator/,refinance,24056,420,calculator.net,4.156,http://www.calculator.net/refinance-calculator.html,calc:refinance
8,calculator,finance,/present-value-calculator/,present value,23797,223,calculator.net calculatorsoup.com,4.152,http://www.calculator.net/present-value-calculator.html,calc:present-value
8,calculator,construction,/brick-calculator/,brick,5911,102,omnicalculator.com,4.073,http://www.omnicalculator.com/construction/brick,calc:brick
8,calculator,construction,/sand-calculator/,sand,5504,81,gigacalculator.com omnicalculator.com,4.04,http://www.omnicalculator.com/construction/sand,calc:sand
8,calculator,health,/waist-hip-ratio-calculator/,waist hip ratio,53732,101,omnicalculator.com,4.021,http://www.omnicalculator.com/health/waist-hip-ratio,calc:waist-hip-ratio
8,calculator,health,/weight-loss-percentage-calculator/,weight loss percentage,23638,1,inchcalculator.com omnicalculator.com,4.015,http://www.inchcalculator.com/weight-loss-percentage-calculator/,calc:weight-loss-percentage
8,es,es,/es/gramos-a-onzas/,Convertidor de gramos a onzas,8447,1,omnicalculator.com,4.008,http://www.omnicalculator.com/es/conversion/calculadora-gramos-a-onzas,es:gramos-a-onzas
8,calculator,construction,/linear-feet-to-square-feet-calculator/,linear feet to square feet,5066,76,inchcalculator.com,4.001,http://www.inchcalculator.com/linear-feet-to-square-feet-calculator/,calc:linear-feet-to-square-feet
8,calculator,health,/miles-steps-calculator/,miles steps,49950,183,thecalculatorsite.com,3.994,http://www.thecalculatorsite.com/health/miles-steps.php,calc:miles-steps
8,generator,generators,/random-date-generator/,random date generator,5003,62,gigacalculator.com,3.409,http://www.gigacalculator.com/randomizers/random-date-generator.php,gen:random-date-generator
8,generator,generators,/bingo-number-generator/,bingo number generator,7867,205,calculatorsoup.com,3.339,http://www.calculatorsoup.com/calculators/games/bingo-number-generator.php,gen:bingo-number-generator
9,value,conversions,/12-cm-to-inches/,12 cm to in,44879,1,rapidtables.com,5.059,http://www.rapidtables.com/convert/length/cm-to-inch.html?x=12,val:cm>in:12
9,converter,conversions,/knots-to-mph/,knot to mph,85028,78,omnicalculator.com,5.058,http://www.omnicalculator.com/conversion/knots-to-mph,conv:knot>mph
9,converter,conversions,/km-to-cm/,km to cm,54851,28,rapidtables.com unitconverters.net,5.057,http://www.unitconverters.net/length/km-to-cm.htm,conv:km>cm
9,converter,time-date,/minutes-to-years/,min to year,21585,4,inchcalculator.com omnicalculator.com,5.055,http://www.inchcalculator.com/convert/minute-to-year/,conv:min>year
9,value,conversions,/3-meters-to-feet/,3 m to ft,43900,3,rapidtables.com,5.049,http://www.rapidtables.com/convert/length/meter-to-feet.html?x=3,val:m>ft:3
9,converter,conversions,/acres-to-square-miles/,acre to sqmi,82968,63,unitconverters.net,5.047,http://www.unitconverters.net/area/acres-to-square-miles.htm,conv:acre>sqmi
9,value,conversions,/120-cm-to-feet-and-inches/,120 cm to feet and inches,43676,2,inchcalculator.com,5.047,http://www.inchcalculator.com/height-converter/120cm/,val:height:120cm>ftin
9,value,conversions,/1.5-meters-to-feet/,1.5 m to ft,43128,2,rapidtables.com,5.041,http://www.rapidtables.com/convert/length/meter-to-feet.html?x=1.5,val:m>ft:1.5
9,converter,conversions,/square-meters-to-acres/,sqm to acre,52845,42,thecalculatorsite.com unitconverters.net,5.04,http://www.unitconverters.net/area/square-meter-to-acre.htm,conv:sqm>acre
9,value,conversions,/10-miles-to-km/,10 mi to km,42837,0,rapidtables.com,5.037,http://www.rapidtables.com/convert/length/mile-to-km.html?x=10,val:mi>km:10
9,value,conversions,/250-kg-to-lbs/,250 kg to lb,42787,0,rapidtables.com,5.037,http://www.rapidtables.com/convert/weight/kg-to-pound.html?x=250,val:kg>lb:250
9,value,conversions,/198-cm-to-feet/,198 cm to ft,42686,1,rapidtables.com,5.036,http://www.rapidtables.com/convert/length/cm-to-feet.html?x=198,val:cm>ft:198
9,value,conversions,/109-kg-to-lbs/,109 kg to lb,42455,1,rapidtables.com,5.033,http://www.rapidtables.com/convert/weight/kg-to-pound.html?x=109,val:kg>lb:109
9,value,conversions,/60-miles-to-km/,60 mi to km,42442,0,rapidtables.com,5.033,http://www.rapidtables.com/convert/length/mile-to-km.html?x=60,val:mi>km:60
9,converter,conversions,/psi-to-kpa/,psi to kpa,51976,48,unitconverters.net,5.032,http://www.unitconverters.net/pressure/psi-to-kpa.htm,conv:psi>kpa
9,value,conversions,/40-cm-to-inches/,40 cm to in,42366,3,rapidtables.com widgetly.co,5.032,http://www.rapidtables.com/convert/length/cm-to-inch.html?x=40,val:cm>in:40
9,converter,conversions,/cubic-inches-to-cubic-feet/,cuin to cuft,34676,6,inchcalculator.com unitconverters.net,5.031,http://www.inchcalculator.com/convert/cubic-inch-to-cubic-foot/,conv:cuin>cuft
9,converter,conversions,/kpa-to-psi/,kpa to psi,79434,79,unitconverters.net,5.027,http://www.unitconverters.net/pressure/kpa-to-psi.htm,conv:kpa>psi
9,converter,conversions,/lbs-to-cups/,lb to cup,51220,18,inchcalculator.com omnicalculator.com thecalculatorsite.com,5.025,http://www.inchcalculator.com/convert/pound-to-cup/,conv:lb>cup
9,value,conversions,/160-cm-to-feet/,160 cm to ft,41661,4,rapidtables.com,5.024,http://www.rapidtables.com/convert/length/cm-to-feet.html?x=160,val:cm>ft:160
9,converter,conversions,/gb-to-bytes/,gb to byte,50983,44,unitconverters.net,5.023,http://www.unitconverters.net/data-storage/gigabyte-to-byte.htm,conv:gb>byte
9,converter,conversions,/km-to-mm/,km to mm,50909,26,rapidtables.com,5.022,http://www.rapidtables.com/convert/length/km-to-mm.html,conv:km>mm
9,value,conversions,/6-miles-to-km/,6 mi to km,41345,1,rapidtables.com,5.021,http://www.rapidtables.com/convert/length/mile-to-km.html?x=6,val:mi>km:6
9,converter,conversions,/mbps-to-gbps/,mbps to gbps,50064,17,omnicalculator.com,5.015,http://www.omnicalculator.com/conversion/mbps-to-gbps,conv:mbps>gbps
9,value,conversions,/500-meters-to-miles/,500 m to mi,40843,0,rapidtables.com,5.015,http://www.rapidtables.com/convert/length/meter-to-mile.html?x=500,val:m>mi:500
9,converter,conversions,/mm-to-km/,mm to km,49831,33,rapidtables.com unitconverters.net,5.012,http://www.rapidtables.com/convert/length/mm-to-km.html,conv:mm>km
9,converter,conversions,/mph-to-knots/,mph to knot,48751,32,unitconverters.net,5.002,http://www.unitconverters.net/speed/mph-to-knot.htm,conv:mph>knot
9,converter,conversions,/ml-to-quarts/,ml to qt,48745,11,unitconverters.net,5.002,http://www.unitconverters.net/volume/milliliter-to-quart-us.htm,conv:ml>qt
9,converter,conversions,/lbs-to-liters/,lb to l,48690,31,inchcalculator.com,5.002,http://www.inchcalculator.com/convert/pound-to-liter/,conv:lb>l
9,value,conversions,/174-cm-to-feet/,174 cm to ft,39691,4,rapidtables.com,5.001,http://www.rapidtables.com/convert/length/cm-to-feet.html?x=174,val:cm>ft:174
9,value,conversions,/30-meters-to-feet/,30 m to ft,39344,1,rapidtables.com,4.997,http://www.rapidtables.com/convert/length/meter-to-feet.html?x=30,val:m>ft:30
9,value,conversions,/173-cm-to-feet/,173 cm to ft,39138,6,rapidtables.com,4.995,http://www.rapidtables.com/convert/length/cm-to-feet.html?x=173,val:cm>ft:173
9,calculator,time-date,/miles-per-hour-to-meters-per-second-calculator/,miles per hour to meters per second,60988,40,unitconverters.net,4.977,http://www.unitconverters.net/speed/miles-per-hour-to-meters-per-second.htm,calc:miles-per-hour-to-meters-per-second
9,calculator,everyday,/kg-to-pounds-ounces-calculator/,kg to pounds ounces,292495,221,thecalculatorsite.com,4.931,http://www.thecalculatorsite.com/conversions/common/kg-to-pounds-ounces.php,calc:kg-to-pounds-ounces
9,calculator,everyday,/metric-ton-to-pound-calculator/,metric ton to pound,74786,24,inchcalculator.com,4.917,http://www.inchcalculator.com/convert/metric-ton-to-pound/,calc:metric-ton-to-pound
9,calculator,business,/percentage-discount-calculator/,percentage discount,15355,222,omnicalculator.com,4.672,http://www.omnicalculator.com/finance/percentage-discount,calc:percentage-discount
9,calculator,business,/cpm-calculator/,cpm,7463,89,omnicalculator.com,4.647,http://www.omnicalculator.com/finance/cpm,calc:cpm
9,calculator,math,/decimal-to-percent-calculator/,decimal to percent,38140,20,calculatorsoup.com omnicalculator.com,4.622,http://www.calculatorsoup.com/calculators/math/decimal-to-percent-calculator.php,calc:decimal-to-percent
9,calculator,math,/hex-to-decimal-calculator/,hex to decimal,129769,816,rapidtables.com,4.613,http://www.rapidtables.com/convert/number/hex-to-decimal.html,calc:hex-to-decimal
9,calculator,math,/slope-calculator/,slope,128459,208,calculator.net calculatorsoup.com,4.609,http://www.calculatorsoup.com/calculators/geometry-plane/slope-calculator.php,calc:slope
9,calculator,math,/surfacearea-calculator/,surfacearea,56214,176,calculatorsoup.com,4.607,http://www.calculatorsoup.com/calculators/geometry-solids/surfacearea.php,calc:surfacearea
9,calculator,math,/hexagon-calculator/,hexagon,24909,7,gigacalculator.com omnicalculator.com,4.606,http://www.omnicalculator.com/math/hexagon,calc:hexagon
9,calculator,math,/square-calculator/,square,54180,115,calculatorsoup.com,4.592,http://www.calculatorsoup.com/calculators/algebra/square-calculator.php,calc:square
9,calculator,math,/equilateral-triangle-calculator/,equilateral triangle,53079,54,omnicalculator.com,4.583,http://www.omnicalculator.com/math/equilateral-triangle,calc:equilateral-triangle
9,calculator,science,/density-calculator/,density,113717,93,calculator.net calculatorsoup.com,4.55,http://www.calculator.net/density-calculator.html,calc:density
9,countdown,time-date,/how-long-until-6-30-am/,countdown: how long until 6 30 am,10470,0,inchcalculator.com,4.342,http://www.inchcalculator.com/countdown-timer/how-long-until-6-30-am/,countdown:how-long-until-6-30-am
9,date,time-date,/70-days-from-today/,70 days from today,6174,1,inchcalculator.com,4.339,http://www.inchcalculator.com/days-from/70-days-from-today/,date:days-from-today:70
9,countdown,time-date,/how-long-until-1-00-pm/,countdown: how long until 1 00 pm,10381,0,inchcalculator.com,4.338,http://www.inchcalculator.com/countdown-timer/how-long-until-1-00-pm/,countdown:how-long-until-1-00-pm
9,date,time-date,/25-days-from-today/,25 days from today,6103,0,inchcalculator.com,4.334,http://www.inchcalculator.com/days-from/25-days-from-today/,date:days-from-today:25
9,countdown,time-date,/how-long-until-1-30-pm/,countdown: how long until 1 30 pm,10166,0,inchcalculator.com,4.328,http://www.inchcalculator.com/countdown-timer/how-long-until-1-30-pm/,countdown:how-long-until-1-30-pm
9,date,time-date,/42-days-from-today/,42 days from today,6023,1,inchcalculator.com,4.327,http://www.inchcalculator.com/days-from/42-days-from-today/,date:days-from-today:42
9,countdown,time-date,/how-long-until-10-00-am/,countdown: how long until 10 00 am,10126,0,inchcalculator.com,4.326,http://www.inchcalculator.com/countdown-timer/how-long-until-10-00-am/,countdown:how-long-until-10-00-am
9,countdown,time-date,/how-long-until-3-15-pm/,countdown: how long until 3 15 pm,10105,1,inchcalculator.com,4.325,http://www.inchcalculator.com/countdown-timer/how-long-until-3-15-pm/,countdown:how-long-until-3-15-pm
9,countdown,time-date,/how-long-until-2-15-pm/,countdown: how long until 2 15 pm,9903,0,inchcalculator.com,4.315,http://www.inchcalculator.com/countdown-timer/how-long-until-2-15-pm/,countdown:how-long-until-2-15-pm
9,date,time-date,/31-days-from-today/,31 days from today,5764,0,inchcalculator.com,4.305,http://www.inchcalculator.com/days-from/31-days-from-today/,date:days-from-today:31
9,countdown,time-date,/valentines-day/,countdown: valentines day,9659,2,omnicalculator.com,4.304,http://www.omnicalculator.com/other/days-until-valentines-day,countdown:valentines-day
9,date,time-date,/18-weeks-from-today/,18 weeks from today,5753,1,inchcalculator.com,4.304,http://www.inchcalculator.com/weeks-from/18-weeks-from-today/,date:weeks-from-today:18
9,date,time-date,/48-hours-from-today/,48 hours from today,5670,0,inchcalculator.com,4.297,http://www.inchcalculator.com/hours-from/48-hours-from-now/,date:hours-from-today:48
9,date,time-date,/150-days-from-today/,150 days from today,5608,1,inchcalculator.com,4.292,http://www.inchcalculator.com/days-from/150-days-from-today/,date:days-from-today:150
9,calculator,finance,/interest-rate-calculator/,interest rate,22800,459,calculator.net,4.134,http://www.calculator.net/interest-rate-calculator.html,calc:interest-rate
9,calculator,finance,/daily-compound-interest-calculator/,daily compound interest,22234,363,thecalculatorsite.com,4.124,http://www.thecalculatorsite.com/finance/calculators/daily-compound-interest.php,calc:daily-compound-interest
9,calculator,finance,/rent-calculator/,rent,10703,171,calculator.net,4.11,http://www.calculator.net/rent-calculator.html,calc:rent
9,calculator,finance,/simple-interest-plus-principal-calculator/,simple interest plus principal,20711,342,calculatorsoup.com,4.094,http://www.calculatorsoup.com/calculators/financial/simple-interest-plus-principal-calculator.php,calc:simple-interest-plus-principal
9,calculator,finance,/ira-calculator/,ira,9710,128,calculator.net,4.067,http://www.calculator.net/ira-calculator.html,calc:ira
9,calculator,health,/calories-burned-calculator/,calories burned,112301,358,calculator.net,3.992,http://www.calculator.net/calories-burned-calculator.html,calc:calories-burned
9,calculator,health,/body-type-calculator/,body type,107196,676,calculator.net,3.976,http://www.calculator.net/body-type-calculator.html,calc:body-type
9,calculator,health,/pace-calculator/,pace,91528,222,calculator.net calculatorsoup.com,3.922,http://www.calculator.net/pace-calculator.html,calc:pace
9,es,es,/es/calculadora-de-embarazo/,calculadora de embarazo,6600,0,(ubersuggest es),3.898,,es:embarazo
9,calculator,construction,/paver-sand-calculator/,paver sand,2947,35,omnicalculator.com,3.897,http://www.omnicalculator.com/construction/paver-sand,calc:paver-sand
9,calculator,construction,/roof-shingle-calculator/,roof shingle,2783,35,omnicalculator.com,3.869,http://www.omnicalculator.com/construction/roof-shingle,calc:roof-shingle
9,calculator,construction,/river-rock-calculator/,river rock,3759,89,omnicalculator.com,3.861,http://www.omnicalculator.com/construction/river-rock,calc:river-rock
9,es,es,/es/calculadora-de-altura/,Convertidor de altura,5745,3,omnicalculator.com,3.837,http://www.omnicalculator.com/es/conversion/convertidor-de-altura,es:altura
9,es,es,/es/calculadora-de-horas-trabajadas/,calculadora de horas trabajadas,5400,0,(ubersuggest es),3.809,,es:horas-trabajadas
9,generator,generators,/random-picker/,random picker,5721,376,gigacalculator.com,3.22,http://www.gigacalculator.com/randomizers/random-picker.php,gen:random-picker
9,generator,generators,/random-state-generator/,random state generator,2021,12,gigacalculator.com,3.168,http://www.gigacalculator.com/randomizers/random-state-generator.php,gen:random-state-generator
10,value,conversions,/130-cm-to-feet-and-inches/,130 cm to feet and inches,38863,1,inchcalculator.com,4.991,http://www.inchcalculator.com/height-converter/130cm/,val:height:130cm>ftin
10,converter,conversions,/cubic-feet-to-cubic-meters/,cuft to cum,31743,3,thecalculatorsite.com unitconverters.net,4.988,http://www.unitconverters.net/volume/cubic-foot-to-cubic-meter.htm,conv:cuft>cum
10,converter,time-date,/months-to-hours/,month to hr,18735,6,inchcalculator.com,4.984,http://www.inchcalculator.com/convert/month-to-hour/,conv:month>hr
10,value,conversions,/4-feet-5-inches-to-cm/,"4'5"" to cm",37948,0,inchcalculator.com,4.98,http://www.inchcalculator.com/height-converter/4ft-5in/,val:height:4ft5in>cm
10,converter,conversions,/stone-to-lbs/,st to lb,46292,16,omnicalculator.com rapidtables.com,4.978,http://www.rapidtables.com/convert/weight/stone-to-pound.html,conv:st>lb
10,value,conversions,/3-lbs-to-kg/,3 lb to kg,37561,1,rapidtables.com,4.975,http://www.rapidtables.com/convert/weight/pound-to-kg.html?x=3,val:lb>kg:3
10,value,conversions,/155-cm-to-feet-and-inches/,155 cm to feet and inches,37471,0,inchcalculator.com,4.974,http://www.inchcalculator.com/height-converter/155cm/,val:height:155cm>ftin
10,converter,conversions,/fl-oz-to-cups/,floz to cup,30847,0,inchcalculator.com,4.974,http://www.inchcalculator.com/convert/fluid-ounce-to-cup/?oz=3,conv:floz>cup
10,value,conversions,/168-cm-to-feet-and-inches/,168 cm to ftin,37392,2,rapidtables.com,4.973,http://www.rapidtables.com/convert/length/cm-to-feet-inch.html?x=168,val:cm>ftin:168
10,value,conversions,/5-miles-to-km/,5 mi to km,37031,9,rapidtables.com,4.969,http://www.rapidtables.com/convert/length/mile-to-km.html?x=5,val:mi>km:5
10,converter,conversions,/psi-to-bar/,psi to bar,68673,85,unitconverters.net,4.963,http://www.unitconverters.net/pressure/psi-to-bar.htm,conv:psi>bar
10,converter,conversions,/kilojoules-to-calories/,kj to kcal,44591,30,thecalculatorsite.com unitconverters.net,4.961,http://www.unitconverters.net/energy/kj-to-kcal.htm,conv:kj>kcal
10,converter,conversions,/cups-to-tsp/,cup to tsp,29874,0,inchcalculator.com,4.959,http://www.inchcalculator.com/convert/cup-to-teaspoon/?cups=1/2,conv:cup>tsp
10,value,conversions,/11-kg-to-lbs/,11 kg to lb,35513,0,rapidtables.com,4.949,http://www.rapidtables.com/convert/weight/kg-to-pound.html?x=11,val:kg>lb:11
10,value,conversions,/2-km-to-miles/,2 km to mi,35497,1,rapidtables.com,4.949,http://www.rapidtables.com/convert/length/km-to-mile.html?x=2,val:km>mi:2
10,value,conversions,/500-lbs-to-kg/,500 lb to kg,35407,0,rapidtables.com,4.947,http://www.rapidtables.com/convert/weight/pound-to-kg.html?x=500,val:lb>kg:500
10,value,conversions,/193-cm-to-feet/,193 cm to ft,35336,3,rapidtables.com,4.946,http://www.rapidtables.com/convert/length/cm-to-feet.html?x=193,val:cm>ft:193
10,value,conversions,/182-cm-to-feet/,182 cm to ft,35301,2,rapidtables.com,4.946,http://www.rapidtables.com/convert/length/cm-to-feet.html?x=182,val:cm>ft:182
10,converter,conversions,/liters-to-grams/,l to g,43066,37,inchcalculator.com,4.945,http://www.inchcalculator.com/convert/liter-to-gram/,conv:l>g
10,value,conversions,/6-feet-0-inches-to-inches/,"6'0"" to inches",35189,0,inchcalculator.com,4.944,http://www.inchcalculator.com/height-converter/6ft-0in-to-inches/,val:height:6ft0in>inches
10,value,conversions,/5-cm-to-inches/,5 cm to in,35130,3,rapidtables.com,4.944,http://www.rapidtables.com/convert/length/cm-to-inch.html?x=5,val:cm>in:5
10,converter,conversions,/fl-oz-to-tbsp/,floz to tbsp,42842,20,inchcalculator.com,4.942,http://www.inchcalculator.com/convert/fluid-ounce-to-tablespoon/,conv:floz>tbsp
10,value,conversions,/100-mm-to-inches/,100 mm to in,35024,2,rapidtables.com,4.942,http://www.rapidtables.com/convert/length/mm-to-inch.html?x=100,val:mm>in:100
10,converter,conversions,/grains-to-grams/,grain to g,28758,8,unitconverters.net,4.941,http://www.unitconverters.net/weight-and-mass/grain-to-gram.htm,conv:grain>g
10,value,conversions,/20-meters-to-feet/,20 m to ft,34517,1,rapidtables.com,4.935,http://www.rapidtables.com/convert/length/meter-to-feet.html?x=20,val:m>ft:20
10,value,conversions,/13-cm-to-inches/,13 cm to in,34477,0,rapidtables.com widgetly.co,4.935,http://www.rapidtables.com/convert/length/cm-to-inch.html?x=13,val:cm>in:13
10,value,conversions,/1000-kg-to-lbs/,1000 kg to lb,34426,1,rapidtables.com,4.934,http://www.rapidtables.com/convert/weight/kg-to-pound.html?x=1000,val:kg>lb:1000
10,value,conversions,/6-feet-4-inches-to-inches/,"6'4"" to inches",34373,0,inchcalculator.com,4.933,http://www.inchcalculator.com/height-converter/6ft-4in-to-inches/,val:height:6ft4in>inches
10,converter,conversions,/mg-to-oz/,mg to oz,63651,53,inchcalculator.com unitconverters.net,4.929,http://www.unitconverters.net/weight-and-mass/milligram-to-ounce.htm,conv:mg>oz
10,converter,conversions,/tsp-to-mg/,tsp to mg,41661,28,inchcalculator.com,4.929,http://www.inchcalculator.com/convert/teaspoon-to-milligram/,conv:tsp>mg
10,converter,conversions,/cc-to-cubic-inches/,cc to cuin,27936,5,inchcalculator.com unitconverters.net,4.927,http://www.unitconverters.net/volume/cc-to-cubic-inch.htm,conv:cc>cuin
10,value,conversions,/6-km-to-miles/,6 km to mi,33486,0,rapidtables.com,4.921,http://www.rapidtables.com/convert/length/km-to-mile.html?x=6,val:km>mi:6
10,calculator,everyday,/newtons-to-lbs-calculator/,newtons to lbs,107634,51,unitconverters.net,4.881,http://www.unitconverters.net/force/newtons-to-lbs.htm,calc:newtons-to-lbs
10,calculator,time-date,/hours-minutes-calculator/,hours minutes,30530,2,calculatorsoup.com,4.844,http://www.calculatorsoup.com/calculators/time/hours-and-minutes-calculator.php,calc:hours-minutes
10,calculator,everyday,/nickels-to-dollars-calculator/,nickels to dollars,41368,1,omnicalculator.com,4.836,http://www.omnicalculator.com/conversion/nickels-to-dollars,calc:nickels-to-dollars
10,calculator,business,/cross-price-elasticity-calculator/,cross price elasticity,5221,19,omnicalculator.com,4.64,http://www.omnicalculator.com/finance/cross-price-elasticity,calc:cross-price-elasticity
10,calculator,math,/percentage-change-calculator/,percentage change,51816,182,omnicalculator.com,4.573,http://www.omnicalculator.com/math/percentage-change,calc:percentage-change
10,calculator,math,/proportion-calculator/,proportion,33906,17,omnicalculator.com,4.57,http://www.omnicalculator.com/math/proportion,calc:proportion
10,calculator,math,/pie-percentage-calculator/,pie percentage,23031,5,omnicalculator.com,4.57,http://www.omnicalculator.com/statistics/pie-chart-percentage,calc:pie-percentage
10,calculator,math,/square-pyramid-volume-calculator/,square pyramid volume,22968,8,omnicalculator.com,4.569,http://www.omnicalculator.com/math/square-pyramid-volume,calc:square-pyramid-volume
10,calculator,math,/rectangularprism-calculator/,rectangularprism,50614,188,calculatorsoup.com,4.563,http://www.calculatorsoup.com/calculators/geometry-solids/rectangularprism.php,calc:rectangularprism
10,calculator,math,/triangle-calculator/,triangle,114176,587,calculator.net,4.562,http://www.calculator.net/triangle-calculator.html,calc:triangle
10,calculator,math,/volume-hemisphere-calculator/,volume hemisphere,32396,16,omnicalculator.com,4.55,http://www.omnicalculator.com/math/volume-of-hemisphere,calc:volume-hemisphere
10,calculator,science,/kmph-to-mph-calculator/,kmph to mph,65204,40,gigacalculator.com,4.506,http://www.gigacalculator.com/converters/convert-kmph-to-mph.php,calc:kmph-to-mph
10,countdown,time-date,/how-long-until-8-00-am/,countdown: how long until 8 00 am,9389,0,inchcalculator.com,4.29,http://www.inchcalculator.com/countdown-timer/how-long-until-8-00-am/,countdown:how-long-until-8-00-am
10,countdown,time-date,/how-long-until-5-30-pm/,countdown: how long until 5 30 pm,9374,1,inchcalculator.com,4.29,http://www.inchcalculator.com/countdown-timer/how-long-until-5-30-pm/,countdown:how-long-until-5-30-pm
10,date,time-date,/30-weeks-from-today/,30 weeks from today,5588,0,inchcalculator.com,4.29,http://www.inchcalculator.com/weeks-from/30-weeks-from-today/,date:weeks-from-today:30
10,date,time-date,/5-hours-from-today/,5 hours from today,5424,0,inchcalculator.com,4.275,http://www.inchcalculator.com/hours-from/5-hours-from-now/,date:hours-from-today:5
10,countdown,time-date,/how-long-until-8-30-am/,countdown: how long until 8 30 am,9017,0,inchcalculator.com,4.271,http://www.inchcalculator.com/countdown-timer/how-long-until-8-30-am/,countdown:how-long-until-8-30-am
10,countdown,time-date,/how-long-until-9-00-am/,countdown: how long until 9 00 am,8996,0,inchcalculator.com,4.27,http://www.inchcalculator.com/countdown-timer/how-long-until-9-00-am/,countdown:how-long-until-9-00-am
10,date,time-date,/18-hours-from-today/,18 hours from today,5204,0,inchcalculator.com,4.254,http://www.inchcalculator.com/hours-from/18-hours-from-now/,date:hours-from-today:18
10,calculator,business,/missouri-sales-tax-calculator/,missouri sales tax,1913,10,omnicalculator.com,4.253,http://www.omnicalculator.com/finance/missouri-sales-tax,calc:missouri-sales-tax
10,date,time-date,/16-hours-from-today/,16 hours from today,5119,2,inchcalculator.com,4.246,http://www.inchcalculator.com/hours-from/16-hours-from-now/,date:hours-from-today:16
10,date,time-date,/65-days-from-today/,65 days from today,5063,1,inchcalculator.com,4.241,http://www.inchcalculator.com/days-from/65-days-from-today/,date:days-from-today:65
10,date,time-date,/13-hours-from-today/,13 hours from today,4863,0,inchcalculator.com,4.221,http://www.inchcalculator.com/hours-from/13-hours-from-now/,date:hours-from-today:13
10,date,time-date,/55-days-from-today/,55 days from today,4848,0,inchcalculator.com,4.219,http://www.inchcalculator.com/days-from/55-days-from-today/,date:days-from-today:55
10,date,time-date,/12-weeks-ago/,12 weeks ago,4780,0,inchcalculator.com,4.212,http://www.inchcalculator.com/weeks-from/12-weeks-ago-from-today/,date:weeks-ago:12
10,countdown,time-date,/how-long-until-6-30-pm/,countdown: how long until 6 30 pm,7831,0,inchcalculator.com,4.205,http://www.inchcalculator.com/countdown-timer/how-long-until-6-30-pm/,countdown:how-long-until-6-30-pm
10,countdown,time-date,/how-long-until-7-30-am/,countdown: how long until 7 30 am,7662,0,inchcalculator.com,4.195,http://www.inchcalculator.com/countdown-timer/how-long-until-7-30-am/,countdown:how-long-until-7-30-am
10,calculator,finance,/auto-lease-calculator/,auto lease,16877,206,calculator.net,4.01,http://www.calculator.net/auto-lease-calculator.html,calc:auto-lease
10,calculator,finance,/percentage-return-calculator/,percentage return,4326,8,omnicalculator.com,4.006,http://www.omnicalculator.com/finance/percentage-return,calc:percentage-return
10,calculator,finance,/credit-card-calculator/,credit card,16262,516,calculator.net,3.995,http://www.calculator.net/credit-card-calculator.html,calc:credit-card
10,calculator,finance,/budget-calculator/,budget,16012,294,calculator.net,3.988,http://www.calculator.net/budget-calculator.html,calc:budget
10,calculator,finance,/roth-ira-calculator/,roth ira,15275,218,calculator.net,3.969,http://www.calculator.net/roth-ira-calculator.html,calc:roth-ira
10,calculator,health,/protein-calculator/,protein,83083,768,calculator.net,3.889,http://www.calculator.net/protein-calculator.html,calc:protein
10,calculator,health,/walking-calorie-calculator/,walking calorie,74410,267,omnicalculator.com,3.851,http://www.omnicalculator.com/sports/walking-calorie,calc:walking-calorie
10,calculator,health,/pregnancy-conception-calculator/,pregnancy conception,73568,313,calculator.net,3.847,http://www.calculator.net/pregnancy-conception-calculator.html,calc:pregnancy-conception
10,calculator,construction,/ramp-slope-calculator/,ramp slope,3594,114,omnicalculator.com,3.84,http://www.omnicalculator.com/construction/ramp-slope,calc:ramp-slope
10,es,es,/es/mililitros-a-onzas/,Convertidor de ml a oz,5107,1,omnicalculator.com,3.785,http://www.omnicalculator.com/es/conversion/convertidor-de-ml-a-oz,es:mililitros-a-onzas
10,calculator,construction,/rolling-offset-calculator/,rolling offset,1673,9,omnicalculator.com,3.76,http://www.omnicalculator.com/construction/rolling-offset,calc:rolling-offset
10,calculator,construction,/glass-weight-calculator/,glass weight,2838,97,omnicalculator.com,3.729,http://www.omnicalculator.com/construction/glass-weight,calc:glass-weight
10,es,es,/es/calculadora-de-interes-compuesto/,calculadora de interes compuesto,4400,0,(ubersuggest es),3.719,,es:interes-compuesto
10,es,es,/es/horas-a-dias/,Cálculo de horas a días,4068,2,omnicalculator.com,3.684,http://www.omnicalculator.com/es/conversion/calculadora-de-horas-a-dias,es:horas-a-dias
10,generator,generators,/lottery-number-generator/,lottery number generator,4295,301,calculatorsoup.com,3.113,http://www.calculatorsoup.com/calculators/games/lottery-number-generator.php,gen:lottery-number-generator
10,generator,generators,/randomizer/,randomizer,2968,533,gigacalculator.com,2.976,http://www.gigacalculator.com/randomizers/randomizer.php,gen:randomizer
11,value,conversions,/7-km-to-miles/,7 km to mi,33300,0,rapidtables.com,4.918,http://www.rapidtables.com/convert/length/km-to-mile.html?x=7,val:km>mi:7
11,value,conversions,/195-cm-to-feet/,195 cm to ft,32687,0,rapidtables.com,4.91,http://www.rapidtables.com/convert/length/cm-to-feet.html?x=195,val:cm>ft:195
11,converter,conversions,/cups-to-grams/,cup to g,39645,21,inchcalculator.com thecalculatorsite.com,4.906,http://www.thecalculatorsite.com/cooking/cups-grams.php,conv:cup>g
11,converter,conversions,/cc-to-oz/,cc to oz,26196,9,omnicalculator.com unitconverters.net,4.896,http://www.omnicalculator.com/conversion/cc-to-oz-converter,conv:cc>oz
11,converter,conversions,/grains-to-mg/,grain to mg,26180,2,unitconverters.net,4.895,http://www.unitconverters.net/weight-and-mass/grain-to-milligram.htm,conv:grain>mg
11,value,conversions,/29-cm-to-inches/,29 cm to in,31472,0,widgetly.co,4.892,http://www.widgetly.co/convert/29-cm-to-inches,val:cm>in:29
11,value,conversions,/158-cm-to-feet/,158 cm to ft,31410,3,rapidtables.com,4.891,http://www.rapidtables.com/convert/length/cm-to-feet.html?x=158,val:cm>ft:158
11,converter,conversions,/kpa-to-atm/,kpa to atm,25939,4,omnicalculator.com,4.891,http://www.omnicalculator.com/conversion/kpa-to-atm-conversion,conv:kpa>atm
11,value,conversions,/4-feet-10-inches-to-cm/,"4'10"" to cm",31283,0,inchcalculator.com,4.889,http://www.inchcalculator.com/height-converter/4ft-10in/,val:height:4ft10in>cm
11,converter,conversions,/micrometers-to-mm/,um to mm,37882,27,unitconverters.net,4.885,http://www.unitconverters.net/length/micrometer-to-millimeter.htm,conv:um>mm
11,converter,conversions,/ml-to-pints/,ml to pint,37712,25,unitconverters.net,4.883,http://www.unitconverters.net/volume/ml-to-pint.htm,conv:ml>pint
11,converter,conversions,/square-feet-to-square-inches/,sqft to sqin,37664,25,inchcalculator.com,4.883,http://www.inchcalculator.com/convert/square-foot-to-square-inch/,conv:sqft>sqin
11,converter,conversions,/mg-to-tsp/,mg to tsp,25395,6,inchcalculator.com omnicalculator.com,4.881,http://www.inchcalculator.com/convert/milligram-to-teaspoon/,conv:mg>tsp
11,value,conversions,/152-cm-to-feet-and-inches/,152 cm to ftin,30730,2,rapidtables.com,4.88,http://www.rapidtables.com/convert/length/cm-to-feet-inch.html?x=152,val:cm>ftin:152
11,value,conversions,/200-cm-to-feet-and-inches/,200 cm to feet and inches,30656,2,inchcalculator.com,4.879,http://www.inchcalculator.com/height-converter/200cm/,val:height:200cm>ftin
11,converter,conversions,/liters-to-kg/,l to kg,56852,86,inchcalculator.com,4.878,http://www.inchcalculator.com/convert/liter-to-kilogram/,conv:l>kg
11,converter,conversions,/oz-to-cc/,oz to cc,25223,7,omnicalculator.com unitconverters.net,4.878,http://www.omnicalculator.com/conversion/oz-to-cc-converter,conv:oz>cc
11,value,conversions,/180-cm-to-feet/,180 cm to ft,30472,7,rapidtables.com,4.877,http://www.rapidtables.com/convert/length/cm-to-feet.html?x=180,val:cm>ft:180
11,value,conversions,/10-cm-to-inches/,10 cm to in,45313,13,rapidtables.com,4.876,http://www.rapidtables.com/convert/length/cm-to-inch.html?x=10,val:cm>in:10
11,value,conversions,/3-km-to-miles/,3 km to mi,30291,0,rapidtables.com,4.874,http://www.rapidtables.com/convert/length/km-to-mile.html?x=3,val:km>mi:3
11,value,conversions,/6-feet-6-inches-to-inches/,"6'6"" to inches",30239,0,inchcalculator.com,4.873,http://www.inchcalculator.com/height-converter/6ft-6in-to-inches/,val:height:6ft6in>inches
11,value,conversions,/120-cm-to-inches/,120 cm to in,29838,7,rapidtables.com,4.867,http://www.rapidtables.com/convert/length/cm-to-inch.html?x=120,val:cm>in:120
11,value,conversions,/200-grams-to-oz/,200 g to oz,29606,0,rapidtables.com,4.863,http://www.rapidtables.com/convert/weight/gram-to-ounce.html?x=200,val:g>oz:200
11,converter,conversions,/square-feet-to-square-yards/,sqft to sqyd,36052,34,inchcalculator.com unitconverters.net,4.862,http://www.inchcalculator.com/convert/square-foot-to-square-yard/,conv:sqft>sqyd
11,value,conversions,/149-cm-to-feet/,149 cm to ft,29543,1,rapidtables.com,4.862,http://www.rapidtables.com/convert/length/cm-to-feet.html?x=149,val:cm>ft:149
11,value,conversions,/240-mm-to-inches/,240 mm to in,29525,1,rapidtables.com,4.862,http://www.rapidtables.com/convert/length/mm-to-inch.html?x=240,val:mm>in:240
11,value,conversions,/160-cm-to-inches/,160 cm to in,29483,1,rapidtables.com,4.861,http://www.rapidtables.com/convert/length/cm-to-inch.html?x=160,val:cm>in:160
11,value,conversions,/195-lbs-to-kg/,195 lb to kg,29466,0,rapidtables.com,4.861,http://www.rapidtables.com/convert/weight/pound-to-kg.html?x=195,val:lb>kg:195
11,value,conversions,/164-cm-to-feet/,164 cm to ft,29448,1,rapidtables.com,4.86,http://www.rapidtables.com/convert/length/cm-to-feet.html?x=164,val:cm>ft:164
11,value,conversions,/400-meters-to-miles/,400 m to mi,29290,0,rapidtables.com,4.858,http://www.rapidtables.com/convert/length/meter-to-mile.html?x=400,val:m>mi:400
11,value,conversions,/6-feet-1-inches-to-inches/,"6'1"" to inches",29282,0,inchcalculator.com,4.858,http://www.inchcalculator.com/height-converter/6ft-1in-to-inches/,val:height:6ft1in>inches
11,converter,conversions,/stone-to-kg/,st to kg,35556,15,inchcalculator.com omnicalculator.com,4.856,http://www.inchcalculator.com/convert/stone-to-kilogram/,conv:st>kg
11,calculator,time-date,/minutes-to-decimal-calculator/,minutes to decimal,67826,62,calculatorsoup.com,4.831,http://www.calculatorsoup.com/calculators/conversions/minutes-to-decimal.php,calc:minutes-to-decimal
11,calculator,everyday,/megapascal-to-psi-calculator/,megapascal to psi,60902,48,unitconverters.net,4.827,http://www.unitconverters.net/pressure/megapascal-to-psi.htm,calc:megapascal-to-psi
11,calculator,everyday,/fuel-cost-calculator/,fuel cost,222234,399,calculator.net,4.823,http://www.calculator.net/fuel-cost-calculator.html,calc:fuel-cost
11,calculator,math,/fractionsequivalent-calculator/,fractionsequivalent,48191,176,calculatorsoup.com,4.542,http://www.calculatorsoup.com/calculators/math/fractionsequivalent.php,calc:fractionsequivalent
11,calculator,math,/pyramid-volume-calculator/,pyramid volume,47601,76,omnicalculator.com,4.537,http://www.omnicalculator.com/math/pyramid-volume,calc:pyramid-volume
11,calculator,math,/ratio-calculator/,ratio,105857,273,calculator.net,4.533,http://www.calculator.net/ratio-calculator.html,calc:ratio
11,calculator,math,/slope-percentage-calculator/,slope percentage,30560,15,omnicalculator.com,4.525,http://www.omnicalculator.com/math/slope-percentage,calc:slope-percentage
11,calculator,math,/mixed-numbers-calculator/,mixed numbers,96790,289,calculatorsoup.com,4.498,http://www.calculatorsoup.com/calculators/math/mixednumbers.php,calc:mixed-numbers
11,calculator,math,/hypotenuse-calculator/,hypotenuse,43054,143,omnicalculator.com,4.495,http://www.omnicalculator.com/math/hypotenuse,calc:hypotenuse
11,calculator,math,/square-inches-calculator/,square inches,19495,4,inchcalculator.com,4.494,http://www.inchcalculator.com/square-inches-calculator/,calc:square-inches
11,calculator,science,/velocity-calculator/,velocity,86766,185,omnicalculator.com,4.445,http://www.omnicalculator.com/physics/velocity,calc:velocity
11,countdown,time-date,/how-long-until-2-20-pm/,countdown: how long until 2 20 pm,7601,0,inchcalculator.com,4.191,http://www.inchcalculator.com/countdown-timer/how-long-until-2-20-pm/,countdown:how-long-until-2-20-pm
11,countdown,time-date,/how-long-until-12-30-pm/,countdown: how long until 12 30 pm,7540,1,inchcalculator.com,4.188,http://www.inchcalculator.com/countdown-timer/how-long-until-12-30-pm/,countdown:how-long-until-12-30-pm
11,countdown,time-date,/how-long-until-11-30-am/,countdown: how long until 11 30 am,7479,0,inchcalculator.com,4.184,http://www.inchcalculator.com/countdown-timer/how-long-until-11-30-am/,countdown:how-long-until-11-30-am
11,date,time-date,/17-hours-from-today/,17 hours from today,4505,0,inchcalculator.com,4.183,http://www.inchcalculator.com/hours-from/17-hours-from-now/,date:hours-from-today:17
11,countdown,time-date,/how-long-until-2-50-pm/,countdown: how long until 2 50 pm,7404,0,inchcalculator.com,4.179,http://www.inchcalculator.com/countdown-timer/how-long-until-2-50-pm/,countdown:how-long-until-2-50-pm
11,calculator,business,/california-sales-tax-calculator/,california sales tax,1678,10,omnicalculator.com,4.179,http://www.omnicalculator.com/finance/california-sales-tax,calc:california-sales-tax
11,date,time-date,/5-days-ago/,5 days ago,4455,1,inchcalculator.com,4.177,http://www.inchcalculator.com/days-from/5-days-ago-from-today/,date:days-ago:5
11,calculator,business,/margin-2-sets-calculator/,margin 2 sets,2214,32,omnicalculator.com,4.175,http://www.omnicalculator.com/finance/margin-2-sets,calc:margin-2-sets
11,date,time-date,/100-days-ago/,100 days ago,4259,7,inchcalculator.com,4.155,http://www.inchcalculator.com/days-from/100-days-ago-from-today/,date:days-ago:100
11,date,time-date,/72-hours-from-today/,72 hours from today,4194,0,inchcalculator.com,4.147,http://www.inchcalculator.com/hours-from/72-hours-from-now/,date:hours-from-today:72
11,date,time-date,/23-hours-ago/,23 hours ago,4042,0,inchcalculator.com,4.129,http://www.inchcalculator.com/hours-from/23-hours-ago/,date:hours-ago:23
11,date,time-date,/2-weeks-ago/,2 weeks ago,4032,0,inchcalculator.com,4.128,http://www.inchcalculator.com/weeks-from/2-weeks-ago-from-today/,date:weeks-ago:2
11,date,time-date,/22-hours-from-today/,22 hours from today,4019,0,inchcalculator.com,4.126,http://www.inchcalculator.com/hours-from/22-hours-from-now/,date:hours-from-today:22
11,date,time-date,/30-minutes-ago/,30 minutes ago,3990,0,inchcalculator.com,4.122,http://www.inchcalculator.com/minutes-from/30-minutes-ago/,date:minutes-ago:30
11,countdown,time-date,/how-long-until-10-30-am/,countdown: how long until 10 30 am,6285,0,inchcalculator.com,4.102,http://www.inchcalculator.com/countdown-timer/how-long-until-10-30-am/,countdown:how-long-until-10-30-am
11,countdown,time-date,/how-long-until-3-10-pm/,countdown: how long until 3 10 pm,6175,0,inchcalculator.com,4.094,http://www.inchcalculator.com/countdown-timer/how-long-until-3-10-pm/,countdown:how-long-until-3-10-pm
11,calculator,finance,/bond-calculator/,bond,5380,20,calculator.net,3.958,http://www.calculator.net/bond-calculator.html,calc:bond
11,calculator,finance,/debt-ratio-calculator/,debt ratio,14674,286,calculator.net,3.952,http://www.calculator.net/debt-ratio-calculator.html,calc:debt-ratio
11,calculator,finance,/gdp-per-capita-calculator/,gdp per capita,4698,41,omnicalculator.com,3.895,http://www.omnicalculator.com/finance/gdp-per-capita,calc:gdp-per-capita
11,calculator,finance,/gdp-growth-calculator/,gdp growth,4656,31,omnicalculator.com,3.891,http://www.omnicalculator.com/finance/gdp-growth,calc:gdp-growth
11,calculator,finance,/va-mortgage-calculator/,va mortgage,11937,237,calculator.net,3.867,http://www.calculator.net/va-mortgage-calculator.html,calc:va-mortgage
11,calculator,health,/mcg-to-iu-calculator/,mcg to iu,22373,41,omnicalculator.com,3.845,http://www.omnicalculator.com/health/mcg-to-iu-converter,calc:mcg-to-iu
11,calculator,health,/army-body-fat-calculator/,army body fat,71623,232,calculator.net,3.838,http://www.calculator.net/army-body-fat-calculator.html,calc:army-body-fat
11,calculator,health,/one-rep-max-calculator/,one rep max,27861,127,calculator.net,3.778,http://www.calculator.net/one-rep-max-calculator.html,calc:one-rep-max
11,calculator,construction,/framing-calculator/,framing,2715,122,omnicalculator.com,3.708,http://www.omnicalculator.com/construction/framing,calc:framing
11,calculator,construction,/furnace-size-calculator/,furnace size,1951,12,omnicalculator.com,3.696,http://www.omnicalculator.com/construction/furnace-size,calc:furnace-size
11,calculator,construction,/cfm-calculator/,cfm,2529,62,omnicalculator.com,3.675,http://www.omnicalculator.com/construction/cfm,calc:cfm
11,es,es,/es/calculadora-de-raiz-cuadrada/,Calculadora de raíz cuadrada,2462,2,omnicalculator.com,3.461,http://www.omnicalculator.com/es/matematicas/calculadora-raiz-cuadrada,es:raiz-cuadrada
11,es,es,/es/gramos-a-tazas/,Calculadora para convertir gramos a tazas,2158,0,omnicalculator.com,3.403,http://www.omnicalculator.com/es/comida/gramos-a-tazas,es:gramos-a-tazas
11,es,es,/es/horas-a-minutos/,Convertidor de horas a minutos,1894,0,omnicalculator.com,3.345,http://www.omnicalculator.com/es/conversion/convertidor-de-horas-a-minutos,es:horas-a-minutos
11,generator,generators,/coin-flipper/,coin flipper,1967,320,calculatorsoup.com,2.823,http://www.calculatorsoup.com/calculators/statistics/coin-flipper.php,gen:coin-flipper
11,generator,generators,/random-name-picker/,random name picker,1516,522,gigacalculator.com,2.726,http://www.gigacalculator.com/randomizers/random-name-picker.php,gen:random-name-picker
12,converter,conversions,/meters-to-micrometers/,m to um,24056,2,inchcalculator.com unitconverters.net,4.855,http://www.unitconverters.net/length/meter-to-micrometer.htm,conv:m>um
12,value,conversions,/86-kg-to-lbs/,86 kg to lb,29052,0,rapidtables.com,4.854,http://www.rapidtables.com/convert/weight/kg-to-pound.html?fbclid=IwAR0Nid-qfheGyC1zsEajXK9IPBch_yVOesYAUTU7a6YlPkPctqGiAU8w3I4&x=86,val:kg>lb:86
12,value,conversions,/40-km-to-miles/,40 km to mi,29044,0,rapidtables.com,4.854,http://www.rapidtables.com/convert/length/km-to-mile.html?x=40,val:km>mi:40
12,value,conversions,/6-feet-7-inches-to-cm/,"6'7"" to cm",28842,3,inchcalculator.com,4.851,http://www.inchcalculator.com/height-converter/6ft-7in/,val:height:6ft7in>cm
12,value,conversions,/100-meters-to-miles/,100 m to mi,28616,0,rapidtables.com,4.847,http://www.rapidtables.com/convert/length/meter-to-mile.html?x=100,val:m>mi:100
12,value,conversions,/10-meters-to-feet/,10 m to ft,28472,1,rapidtables.com,4.844,http://www.rapidtables.com/convert/length/meter-to-feet.html?x=10,val:m>ft:10
12,value,conversions,/184-cm-to-feet-and-inches/,184 cm to ftin,28442,5,rapidtables.com,4.844,http://www.rapidtables.com/convert/length/cm-to-feet-inch.html?x=184,val:cm>ftin:184
12,value,conversions,/8-oz-to-grams/,8 oz to g,28127,1,rapidtables.com,4.839,http://www.rapidtables.com/convert/weight/ounce-to-gram.html?x=8,val:oz>g:8
12,value,conversions,/181-cm-to-feet/,181 cm to ft,28122,5,rapidtables.com,4.839,http://www.rapidtables.com/convert/length/cm-to-feet.html?x=181,val:cm>ft:181
12,converter,conversions,/acres-to-square-meters/,acre to sqm,33940,33,unitconverters.net,4.834,http://www.unitconverters.net/area/acre-to-square-meter.htm,conv:acre>sqm
12,value,conversions,/4-feet-4-inches-to-inches/,"4'4"" to inches",27869,0,inchcalculator.com,4.834,http://www.inchcalculator.com/height-converter/4ft-4in-to-inches/,val:height:4ft4in>inches
12,value,conversions,/27-kg-to-lbs/,27 kg to lb,27864,0,rapidtables.com,4.834,http://www.rapidtables.com/convert/weight/kg-to-pound.html?x=27,val:kg>lb:27
12,value,conversions,/200-meters-to-feet/,200 m to ft,27860,0,rapidtables.com,4.834,http://www.rapidtables.com/convert/length/meter-to-feet.html?x=200,val:m>ft:200
12,value,conversions,/60-cm-to-inches/,60 cm to in,27744,0,rapidtables.com widgetly.co,4.832,http://www.rapidtables.com/convert/length/cm-to-inch.html?x=60,val:cm>in:60
12,value,conversions,/12-meters-to-feet/,12 m to ft,27643,0,rapidtables.com,4.83,http://www.rapidtables.com/convert/length/meter-to-feet.html?x=12,val:m>ft:12
12,value,conversions,/300-meters-to-miles/,300 m to mi,27448,0,rapidtables.com,4.827,http://www.rapidtables.com/convert/length/meter-to-mile.html?x=300,val:m>mi:300
12,value,conversions,/15-meters-to-feet/,15 m to ft,27388,0,rapidtables.com,4.826,http://www.rapidtables.com/convert/length/meter-to-feet.html?x=15,val:m>ft:15
12,value,conversions,/100-meters-to-feet/,100 m to ft,27079,0,rapidtables.com,4.821,http://www.rapidtables.com/convert/length/meter-to-feet.html?x=100,val:m>ft:100
12,value,conversions,/18-inches-to-mm/,18 in to mm,27060,0,rapidtables.com,4.82,http://www.rapidtables.com/convert/length/inch-to-mm.html?x=18,val:in>mm:18
12,converter,time-date,/weeks-to-seconds/,week to sec,13449,3,inchcalculator.com,4.816,http://www.inchcalculator.com/convert/week-to-second/,conv:week>sec
12,value,conversions,/76-lbs-to-kg/,76 lb to kg,26748,0,rapidtables.com,4.815,http://www.rapidtables.com/convert/weight/pound-to-kg.html?x=76,val:lb>kg:76
12,value,conversions,/4-feet-6-inches-to-cm/,"4'6"" to cm",26704,0,inchcalculator.com,4.814,http://www.inchcalculator.com/height-converter/4ft-6in/,val:height:4ft6in>cm
12,value,conversions,/30-mm-to-inches/,30 mm to in,26086,2,rapidtables.com,4.803,http://www.rapidtables.com/convert/length/mm-to-inch.html?x=30,val:mm>in:30
12,value,conversions,/163-cm-to-feet/,163 cm to ft,25981,1,rapidtables.com,4.801,http://www.rapidtables.com/convert/length/cm-to-feet.html?x=163,val:cm>ft:163
12,value,conversions,/45-cm-to-inches/,45 cm to in,25900,5,rapidtables.com,4.8,http://www.rapidtables.com/convert/length/cm-to-inch.html?x=45,val:cm>in:45
12,converter,time-date,/months-to-weeks/,month to week,13005,2,inchcalculator.com,4.799,http://www.inchcalculator.com/convert/month-to-week/,conv:month>week
12,converter,conversions,/mb-to-kb/,mb to kb,47061,51,unitconverters.net,4.794,http://www.unitconverters.net/data-storage/mb-to-kb.htm,conv:mb>kb
12,calculator,time-date,/weeks-left-in-year-calculator/,weeks left in year,27329,8,inchcalculator.com,4.792,http://www.inchcalculator.com/weeks-left-in-the-year/,calc:weeks-left-in-year
12,value,conversions,/30-inches-to-cm/,30 in to cm,25375,0,rapidtables.com,4.79,http://www.rapidtables.com/convert/length/inch-to-cm.html?x=30,val:in>cm:30
12,calculator,everyday,/eclipse-calculator/,eclipse,202955,1095,timeanddate.com,4.788,http://www.timeanddate.com/eclipse/,calc:eclipse
12,calculator,everyday,/inch-lbs-to-nm-calculator/,inch lbs to nm,37027,4,omnicalculator.com,4.786,http://www.omnicalculator.com/conversion/inch-lbs-to-nm,calc:inch-lbs-to-nm
12,converter,conversions,/pints-to-liters/,pint to l,30546,13,unitconverters.net,4.786,http://www.unitconverters.net/volume/pints-to-liters.htm,conv:pint>l
12,converter,time-date,/days-to-weeks/,day to week,18024,16,omnicalculator.com,4.78,http://www.omnicalculator.com/conversion/days-to-weeks,conv:day>week
12,calculator,everyday,/lbs-to-newton-calculator/,lbs to newton,36374,7,omnicalculator.com,4.778,http://www.omnicalculator.com/conversion/lbs-to-newton,calc:lbs-to-newton
12,calculator,time-date,/average-time-calculator/,average time,26560,0,inchcalculator.com,4.778,http://www.inchcalculator.com/average-time-calculator/,calc:average-time
12,calculator,time-date,/square-centimeter-to-square-meter-calculator/,square centimeter to square meter,26526,4,unitconverters.net,4.778,http://www.unitconverters.net/area/square-centimeter-to-square-meter.htm,calc:square-centimeter-to-square-meter
12,value,conversions,/150-cm-to-feet/,150 cm to ft,24652,2,rapidtables.com,4.776,http://www.rapidtables.com/convert/length/cm-to-feet.html?x=150,val:cm>ft:150
12,value,conversions,/4-feet-9-inches-to-cm/,"4'9"" to cm",24562,1,inchcalculator.com,4.775,http://www.inchcalculator.com/height-converter/4ft-9in/,val:height:4ft9in>cm
12,calculator,time-date,/acreage-calculator/,acreage,38558,29,inchcalculator.com omnicalculator.com,4.77,http://www.omnicalculator.com/conversion/acreage,calc:acreage
12,calculator,time-date,/average-speed-calculator/,average speed,57490,80,gigacalculator.com,4.76,http://www.gigacalculator.com/calculators/average-speed-calculator.php,calc:average-speed
12,calculator,math,/square-footage-circle-calculator/,square footage circle,28366,29,omnicalculator.com,4.492,http://www.omnicalculator.com/math/square-footage-circle,calc:square-footage-circle
12,calculator,math,/mean-median-mode-range-calculator/,mean median mode range,93523,279,calculator.net,4.484,http://www.calculator.net/mean-median-mode-range-calculator.html,calc:mean-median-mode-range
12,calculator,math,/trapezoidal-prism-volume-calculator/,trapezoidal prism volume,18559,5,omnicalculator.com,4.472,http://www.omnicalculator.com/math/trapezoidal-prism-volume,calc:trapezoidal-prism-volume
12,calculator,math,/cone-calculator/,cone,38224,95,calculatorsoup.com,4.445,http://www.calculatorsoup.com/calculators/geometry-solids/cone.php,calc:cone
12,calculator,science,/percent-yield-calculator/,percent yield,55881,42,omnicalculator.com,4.443,http://www.omnicalculator.com/chemistry/percent-yield,calc:percent-yield
12,calculator,science,/feet-per-second-to-mph-calculator/,feet per second to mph,55730,27,unitconverters.net,4.442,http://www.unitconverters.net/speed/feet-per-second-to-mph.htm,calc:feet-per-second-to-mph
12,calculator,math,/square-millimeter-to-square-meter-calculator/,square millimeter to square meter,16527,5,unitconverters.net,4.419,http://www.unitconverters.net/area/square-millimeter-to-square-meter.htm,calc:square-millimeter-to-square-meter
12,calculator,math,/square-feet-triangle-calculator/,square feet triangle,16414,7,omnicalculator.com,4.416,http://www.omnicalculator.com/math/square-feet-triangle,calc:square-feet-triangle
12,calculator,math,/basic-math-symbols-calculator/,basic math symbols,78045,812,rapidtables.com,4.413,http://www.rapidtables.com/math/symbols/Basic_Math_Symbols.html,calc:basic-math-symbols
12,calculator,business,/gross-pay-calculator/,gross pay,2864,187,calculatorsoup.com,4.148,http://www.calculatorsoup.com/calculators/financial/gross-pay-calculator.php,calc:gross-pay
12,countdown,time-date,/how-long-until-3-20-pm/,countdown: how long until 3 20 pm,6172,0,inchcalculator.com,4.094,http://www.inchcalculator.com/countdown-timer/how-long-until-3-20-pm/,countdown:how-long-until-3-20-pm
12,date,time-date,/18-months-ago/,18 months ago,5157,22,inchcalculator.com,4.093,http://www.inchcalculator.com/months-from/18-months-ago-from-today/,date:months-ago:18
12,countdown,time-date,/how-long-until-3-45-pm/,countdown: how long until 3 45 pm,6130,1,inchcalculator.com,4.09,http://www.inchcalculator.com/countdown-timer/how-long-until-3-45-pm/,countdown:how-long-until-3-45-pm
12,countdown,time-date,/how-long-until-2-40-pm/,countdown: how long until 2 40 pm,5618,0,inchcalculator.com,4.05,http://www.inchcalculator.com/countdown-timer/how-long-until-2-40-pm/,countdown:how-long-until-2-40-pm
12,countdown,time-date,/how-long-until-3-05-pm/,countdown: how long until 3 05 pm,5540,0,inchcalculator.com,4.043,http://www.inchcalculator.com/countdown-timer/how-long-until-3-05-pm/,countdown:how-long-until-3-05-pm
12,countdown,time-date,/how-long-until-2-10-pm/,countdown: how long until 2 10 pm,5399,0,inchcalculator.com,4.031,http://www.inchcalculator.com/countdown-timer/how-long-until-2-10-pm/,countdown:how-long-until-2-10-pm
12,countdown,time-date,/countdown/,countdown: countdown,5246,7,omnicalculator.com,4.017,http://www.omnicalculator.com/everyday-life/countdown,countdown:countdown
12,countdown,time-date,/how-long-until-9-30-am/,countdown: how long until 9 30 am,4693,0,inchcalculator.com,3.965,http://www.inchcalculator.com/countdown-timer/how-long-until-9-30-am/,countdown:how-long-until-9-30-am
12,countdown,time-date,/how-long-until-3-25-pm/,countdown: how long until 3 25 pm,4677,1,inchcalculator.com,3.964,http://www.inchcalculator.com/countdown-timer/how-long-until-3-25-pm/,countdown:how-long-until-3-25-pm
12,countdown,time-date,/how-long-until-2-35-pm/,countdown: how long until 2 35 pm,4442,0,inchcalculator.com,3.939,http://www.inchcalculator.com/countdown-timer/how-long-until-2-35-pm/,countdown:how-long-until-2-35-pm
12,countdown,time-date,/days-until/,countdown: days until,16995,407,thecalculatorsite.com,3.934,http://www.thecalculatorsite.com/time/days-until.php,countdown:days-until
12,countdown,time-date,/how-long-until-5-30-am/,countdown: how long until 5 30 am,4326,0,inchcalculator.com,3.927,http://www.inchcalculator.com/countdown-timer/how-long-until-5-30-am/,countdown:how-long-until-5-30-am
12,countdown,time-date,/how-long-until-2-55-pm/,countdown: how long until 2 55 pm,4284,2,inchcalculator.com,3.922,http://www.inchcalculator.com/countdown-timer/how-long-until-2-55-pm/,countdown:how-long-until-2-55-pm
12,countdown,time-date,/how-long-until-7-30-pm/,countdown: how long until 7 30 pm,4080,0,inchcalculator.com,3.9,http://www.inchcalculator.com/countdown-timer/how-long-until-7-30-pm/,countdown:how-long-until-7-30-pm
12,calculator,finance,/credit-card-payoff-calculator/,credit card payoff,6120,160,calculator.net,3.862,http://www.calculator.net/credit-card-payoff-calculator.html,calc:credit-card-payoff
12,calculator,finance,/apr-calculator/,apr,11702,269,calculator.net,3.859,http://www.calculator.net/apr-calculator.html,calc:apr
12,calculator,finance,/compound-interest-calculator/,compound interest,11348,497,calculatorsoup.com thecalculatorsite.com,3.846,http://www.thecalculatorsite.com/finance/calculators/compoundinterestcalculator.php,calc:compound-interest
12,calculator,finance,/student-loan-calculator/,student loan,10733,376,calculator.net,3.824,http://www.calculator.net/student-loan-calculator.html,calc:student-loan
12,calculator,finance,/basis-point-calculator/,basis point,10303,201,omnicalculator.com,3.807,http://www.omnicalculator.com/finance/basis-point,calc:basis-point
12,calculator,health,/pregnancy-weight-gain-calculator/,pregnancy weight gain,48916,250,calculator.net,3.707,http://www.calculator.net/pregnancy-weight-gain-calculator.html,calc:pregnancy-weight-gain
12,calculator,health,/ideal-weight-calculator/,ideal weight,46479,1168,calculator.net,3.689,http://www.calculator.net/ideal-weight-calculator.html,calc:ideal-weight
12,calculator,health,/conception-calculator/,conception,9483,2,calculator.net calculatorsoup.com,3.651,http://www.calculator.net/conception-calculator.html,calc:conception
12,es,es,/es/calculadora-de-medidas-longitud/,Convertidor de medidas de longitud,1848,1,omnicalculator.com,3.334,http://www.omnicalculator.com/es/conversion/convertidor-de-medidas-longitud,es:medidas-longitud
12,es,es,/es/calculadora-de-area-de-triangulo/,Calculadora del área de un triángulo,1720,1,omnicalculator.com,3.302,http://www.omnicalculator.com/es/matematicas/area-de-triangulo,es:area-de-triangulo
12,es,es,/es/calculadora-de-rectangulo/,Calculador del área de un rectángulo,1641,0,omnicalculator.com,3.281,http://www.omnicalculator.com/es/matematicas/calculadora-rectangulo,es:rectangulo
,converter,conversions,/micrometers-to-meters/,um to m,29678,28,unitconverters.net,4.772,http://www.unitconverters.net/length/micrometer-to-meter.htm,conv:um>m
,converter,conversions,/cups-to-mg/,cup to mg,20226,5,inchcalculator.com,4.771,http://www.inchcalculator.com/convert/cup-to-milligram/,conv:cup>mg
,value,conversions,/187-cm-to-feet/,187 cm to ft,24270,2,rapidtables.com,4.769,http://www.rapidtables.com/convert/length/cm-to-feet.html?x=187,val:cm>ft:187
,value,conversions,/5-feet-1-inches-to-inches/,"5'1"" to inches",23988,0,inchcalculator.com,4.764,http://www.inchcalculator.com/height-converter/5ft-1in-to-inches/,val:height:5ft1in>inches
,converter,conversions,/quarts-to-cubic-feet/,qt to cuft,19893,2,inchcalculator.com,4.763,http://www.inchcalculator.com/convert/quart-to-cubic-foot/,conv:qt>cuft
,converter,conversions,/kg-to-liters/,kg to l,29005,32,inchcalculator.com omnicalculator.com,4.762,http://www.inchcalculator.com/convert/kilogram-to-liter/,conv:kg>l
,converter,conversions,/micrometers-to-cm/,um to cm,19832,4,unitconverters.net,4.762,http://www.unitconverters.net/length/micrometer-to-centimeter.htm,conv:um>cm
,value,conversions,/4-meters-to-feet/,4 m to ft,23796,1,rapidtables.com,4.76,http://www.rapidtables.com/convert/length/meter-to-feet.html?x=4,val:m>ft:4
,value,conversions,/1-lbs-to-kg/,1 lb to kg,23727,0,rapidtables.com,4.758,http://www.rapidtables.com/convert/weight/pound-to-kg.html?x=1,val:lb>kg:1
,converter,conversions,/hp-to-kw/,hp to kw,43283,69,rapidtables.com unitconverters.net,4.757,http://www.unitconverters.net/power/hp-to-kw.htm,conv:hp>kw
,calculator,everyday,/day-counter-calculator/,day counter,79858,85,calculator.net omnicalculator.com,4.755,http://www.calculator.net/day-counter.html,calc:day-counter
,calculator,everyday,/180-day-calculator/,180 day,51327,16,omnicalculator.com,4.752,http://www.omnicalculator.com/everyday-life/180-day,calc:180-day
,value,conversions,/80-cm-to-inches/,80 cm to in,23319,2,rapidtables.com,4.75,http://www.rapidtables.com/convert/length/cm-to-inch.html?x=80,val:cm>in:80
,calculator,everyday,/million-to-billion-calculator/,million to billion,34033,8,omnicalculator.com,4.748,http://www.omnicalculator.com/conversion/million-to-billion,calc:million-to-billion
,value,conversions,/10-inches-to-mm/,10 in to mm,23220,1,rapidtables.com,4.748,http://www.rapidtables.com/convert/length/inch-to-mm.html?x=10,val:in>mm:10
,value,conversions,/179-cm-to-feet/,179 cm to ft,23101,3,rapidtables.com,4.746,http://www.rapidtables.com/convert/length/cm-to-feet.html?x=179,val:cm>ft:179
,value,conversions,/24-mm-to-inches/,24 mm to in,23098,1,rapidtables.com,4.746,http://www.rapidtables.com/convert/length/mm-to-inch.html?x=24,val:mm>in:24
,calculator,everyday,/dimes-to-dollars-calculator/,dimes to dollars,33817,2,omnicalculator.com,4.745,http://www.omnicalculator.com/conversion/dimes-to-dollars,calc:dimes-to-dollars
,calculator,everyday,/pound-sugar-to-cup-sugar-calculator/,pound sugar to cup sugar,33738,10,inchcalculator.com,4.744,http://www.inchcalculator.com/convert/pound-sugar-to-cup-sugar/,calc:pound-sugar-to-cup-sugar
,converter,conversions,/mm-to-feet-and-inches/,mm to ftin,41966,63,rapidtables.com,4.743,http://www.rapidtables.com/convert/length/mm-to-feet-inch.html,conv:mm>ftin
,value,conversions,/4-feet-9-inches-to-inches/,"4'9"" to inches",22982,1,inchcalculator.com,4.743,http://www.inchcalculator.com/height-converter/4ft-9in-to-inches/,val:height:4ft9in>inches
,value,conversions,/197-cm-to-feet/,197 cm to ft,22850,1,rapidtables.com,4.741,http://www.rapidtables.com/convert/length/cm-to-feet.html?x=197,val:cm>ft:197
,value,conversions,/145-lbs-to-kg/,145 lb to kg,22827,2,rapidtables.com,4.74,http://www.rapidtables.com/convert/weight/pound-to-kg.html?x=145,val:lb>kg:145
,value,conversions,/3-cm-to-inches/,3 cm to in,22816,0,rapidtables.com widgetly.co,4.74,http://www.rapidtables.com/convert/length/cm-to-inch.html?x=3,val:cm>in:3
,calculator,everyday,/mil-to-millimeter-calculator/,mil to millimeter,48991,33,unitconverters.net,4.731,http://www.unitconverters.net/length/mil-to-millimeter.htm,calc:mil-to-millimeter
,converter,conversions,/fl-oz-to-grams/,floz to g,40809,151,inchcalculator.com,4.731,http://www.inchcalculator.com/convert/fluid-ounce-to-gram/,conv:floz>g
,value,conversions,/50-mm-to-inches/,50 mm to in,22298,3,rapidtables.com,4.729,http://www.rapidtables.com/convert/length/mm-to-inch.html?x=50,val:mm>in:50
,converter,conversions,/quarts-to-pints/,qt to pint,18465,3,inchcalculator.com,4.727,http://www.inchcalculator.com/convert/quart-to-pint/,conv:qt>pint
,calculator,everyday,/cal-to-j-calculator/,cal to j,47692,27,unitconverters.net,4.72,http://www.unitconverters.net/energy/cal-to-j.htm,calc:cal-to-j
,value,conversions,/180-cm-to-inches/,180 cm to in,21740,0,rapidtables.com,4.717,http://www.rapidtables.com/convert/length/cm-to-inch.html?x=180,val:cm>in:180
,converter,conversions,/mcg-to-ml/,mcg to ml,17963,6,omnicalculator.com,4.714,http://www.omnicalculator.com/conversion/mcg-to-ml,conv:mcg>ml
,value,conversions,/24-cm-to-inches/,24 cm to in,21542,1,rapidtables.com,4.713,http://www.rapidtables.com/convert/length/cm-to-inch.html?x=24,val:cm>in:24
,value,conversions,/90-cm-to-inches/,90 cm to in,21368,0,rapidtables.com widgetly.co,4.709,http://www.rapidtables.com/convert/length/cm-to-inch.html?x=90,val:cm>in:90
,value,conversions,/1000-mm-to-inches/,1000 mm to in,21300,1,rapidtables.com,4.707,http://www.rapidtables.com/convert/length/mm-to-inch.html?x=1000,val:mm>in:1000
,value,conversions,/20-cm-to-inches/,20 cm to in,21268,7,rapidtables.com,4.707,http://www.rapidtables.com/convert/length/cm-to-inch.html?x=20,val:cm>in:20
,value,conversions,/2-miles-to-km/,2 mi to km,21227,0,rapidtables.com,4.706,http://www.rapidtables.com/convert/length/mile-to-km.html?x=2,val:mi>km:2
,calculator,everyday,/cents-to-dollars-calculator/,cents to dollars,30748,2,omnicalculator.com,4.701,http://www.omnicalculator.com/conversion/cents-to-dollars,calc:cents-to-dollars
,value,conversions,/150-meters-to-feet/,150 m to ft,20870,0,rapidtables.com,4.698,http://www.rapidtables.com/convert/length/meter-to-feet.html?x=150,val:m>ft:150
,converter,conversions,/kg-to-mg/,kg to mg,25050,26,rapidtables.com unitconverters.net,4.694,http://www.rapidtables.com/convert/weight/kg-to-mg.html,conv:kg>mg
,value,conversions,/176-cm-to-feet/,176 cm to ft,20634,3,rapidtables.com,4.692,http://www.rapidtables.com/convert/length/cm-to-feet.html?x=176,val:cm>ft:176
,calculator,everyday,/birth-year-calculator/,birth year,44510,14,omnicalculator.com,4.689,http://www.omnicalculator.com/everyday-life/birth-year,calc:birth-year
,value,conversions,/135-kg-to-lbs/,135 kg to lb,20375,0,rapidtables.com,4.686,http://www.rapidtables.com/convert/weight/kg-to-pound.html?x=135,val:kg>lb:135
,calculator,everyday,/deciliter-to-liter-calculator/,deciliter to liter,43784,35,unitconverters.net,4.682,http://www.unitconverters.net/volume/deciliter-to-liter.htm,calc:deciliter-to-liter
,converter,conversions,/liters-to-cubic-inches/,l to cuin,24432,31,unitconverters.net,4.682,http://www.unitconverters.net/volume/liters-to-cubic-inches.htm,conv:l>cuin
,value,conversions,/200-cm-to-feet/,200 cm to ft,20103,1,rapidtables.com,4.68,http://www.rapidtables.com/convert/length/cm-to-feet.html?x=200,val:cm>ft:200
,value,conversions,/19-cm-to-inches/,19 cm to in,20098,2,rapidtables.com,4.68,http://www.rapidtables.com/convert/length/cm-to-inch.html?x=19,val:cm>in:19
,value,conversions,/152-kg-to-lbs/,152 kg to lb,20049,0,rapidtables.com,4.679,http://www.rapidtables.com/convert/weight/kg-to-pound.html?x=152,val:kg>lb:152
,calculator,everyday,/speed-calculator/,speed,43146,17,calculator.net calculatorsoup.com omnicalculator.com,4.676,http://www.calculator.net/speed-calculator.html,calc:speed
,converter,conversions,/calories-to-kilojoules/,kcal to kj,24100,43,unitconverters.net,4.676,http://www.unitconverters.net/energy/kcal-to-kj.htm,conv:kcal>kj
,value,conversions,/190-kg-to-lbs/,190 kg to lb,19878,0,rapidtables.com,4.675,http://www.rapidtables.com/convert/weight/kg-to-pound.html?x=190,val:kg>lb:190
,value,conversions,/10-km-to-miles/,10 km to mi,19826,2,rapidtables.com,4.674,http://www.rapidtables.com/convert/length/km-to-mile.html?x=10,val:km>mi:10
,calculator,everyday,/payment-calculator/,payment,149034,455,calculator.net,4.667,http://www.calculator.net/payment-calculator.html,calc:payment
,converter,conversions,/cubic-feet-to-quarts/,cuft to qt,16237,1,inchcalculator.com,4.666,http://www.inchcalculator.com/convert/cubic-foot-to-quart/,conv:cuft>qt
,converter,conversions,/feet-and-inches-to-mm/,ftin to mm,23496,50,rapidtables.com,4.664,http://www.rapidtables.com/convert/length/feet-inch-to-mm.html,conv:ftin>mm
,value,conversions,/153-cm-to-feet/,153 cm to ft,19428,1,rapidtables.com,4.664,http://www.rapidtables.com/convert/length/cm-to-feet.html?x=153,val:cm>ft:153
,value,conversions,/3-miles-to-km/,3 mi to km,19292,0,rapidtables.com,4.661,http://www.rapidtables.com/convert/length/mile-to-km.html?x=3,val:mi>km:3
,converter,conversions,/gb-to-kb/,gb to kb,34291,70,unitconverters.net,4.653,http://www.unitconverters.net/data-storage/gb-to-kb.htm,conv:gb>kb
,converter,conversions,/fl-oz-to-oz/,floz to oz,15829,8,inchcalculator.com,4.653,http://www.inchcalculator.com/convert/fluid-ounce-to-ounce/,conv:floz>oz
,calculator,time-date,/time-until-calculator/,time until,20155,0,inchcalculator.com,4.649,http://www.inchcalculator.com/time-until-calculator/,calc:time-until
,value,conversions,/6-cm-to-inches/,6 cm to in,18793,0,rapidtables.com widgetly.co,4.648,http://www.rapidtables.com/convert/length/cm-to-inch.html?x=6,val:cm>in:6
,value,conversions,/167-cm-to-feet/,167 cm to ft,18787,6,rapidtables.com,4.648,http://www.rapidtables.com/convert/length/cm-to-feet.html?x=167,val:cm>ft:167
,converter,conversions,/fl-oz-to-lbs/,floz to lb,15662,3,inchcalculator.com omnicalculator.com,4.648,http://www.inchcalculator.com/convert/fluid-ounce-to-pound/,conv:floz>lb
,converter,conversions,/yards-to-cm/,yd to cm,22669,17,rapidtables.com unitconverters.net,4.647,http://www.unitconverters.net/length/yard-to-centimeter.htm,conv:yd>cm
,value,conversions,/4-feet-10-inches-to-inches/,"4'10"" to inches",18747,1,inchcalculator.com,4.647,http://www.inchcalculator.com/height-converter/4ft-10in-to-inches/,val:height:4ft10in>inches
,value,conversions,/188-cm-to-feet/,188 cm to ft,18693,4,rapidtables.com,4.646,http://www.rapidtables.com/convert/length/cm-to-feet.html?x=188,val:cm>ft:188
,calculator,time-date,/centimeter-calculator/,centimeter,19985,9,omnicalculator.com,4.645,http://www.omnicalculator.com/conversion/centimeter,calc:centimeter
,converter,conversions,/liters-to-lbs/,l to lb,15524,10,inchcalculator.com omnicalculator.com,4.644,http://www.inchcalculator.com/convert/liter-to-pound/,conv:l>lb
,value,conversions,/65-inches-to-cm/,65 in to cm,18580,0,rapidtables.com,4.643,http://www.rapidtables.com/convert/length/inch-to-cm.html?x=65,val:in>cm:65
,value,conversions,/173-lbs-to-kg/,173 lb to kg,18487,1,rapidtables.com,4.64,http://www.rapidtables.com/convert/weight/pound-to-kg.html?x=173,val:lb>kg:173
,converter,conversions,/pints-to-lbs/,pint to lb,22123,17,omnicalculator.com,4.636,http://www.omnicalculator.com/conversion/pint-to-pound,conv:pint>lb
,converter,conversions,/gallons-to-cubic-meters/,gal to cum,22105,24,unitconverters.net,4.636,http://www.unitconverters.net/volume/gallon-us-to-cubic-meter.htm,conv:gal>cum
,value,conversions,/6-feet-8-inches-to-cm/,"6'8"" to cm",18236,0,inchcalculator.com,4.634,http://www.inchcalculator.com/height-converter/6ft-8in/,val:height:6ft8in>cm
,converter,time-date,/weeks-to-hours/,week to hr,13297,44,inchcalculator.com,4.632,http://www.inchcalculator.com/convert/week-to-hour/,conv:week>hr
,converter,conversions,/cubic-inches-to-cc/,cuin to cc,21812,11,inchcalculator.com thecalculatorsite.com unitconverters.net,4.63,http://www.unitconverters.net/volume/cubic-inch-to-cc.htm,conv:cuin>cc
,value,conversions,/2-mm-to-inches/,2 mm to in,18089,0,rapidtables.com,4.63,http://www.rapidtables.com/convert/length/mm-to-inch.html?x=2,val:mm>in:2
,converter,conversions,/cubic-yards-to-tons/,cuyd to ton,32416,119,thecalculatorsite.com,4.628,http://www.thecalculatorsite.com/conversions/common/cubic-yards-tons.php,conv:cuyd>ton
,converter,conversions,/inches-to-miles/,in to mi,21743,19,rapidtables.com,4.628,http://www.rapidtables.com/convert/length/inch-to-mile.html,conv:in>mi
,value,conversions,/41-mm-to-inches/,41 mm to in,17951,0,rapidtables.com,4.627,http://www.rapidtables.com/convert/length/mm-to-inch.html?x=41,val:mm>in:41
,value,conversions,/156-cm-to-feet/,156 cm to ft,17878,1,rapidtables.com,4.625,http://www.rapidtables.com/convert/length/cm-to-feet.html?x=156,val:cm>ft:156
,calculator,everyday,/j-to-cal-calculator/,j to cal,37925,14,unitconverters.net,4.619,http://www.unitconverters.net/energy/j-to-cal.htm,calc:j-to-cal
,value,conversions,/3000-meters-to-feet/,3000 m to ft,17516,0,rapidtables.com,4.615,http://www.rapidtables.com/convert/length/meter-to-feet.html?x=3000,val:m>ft:3000
,value,conversions,/20-inches-to-cm/,20 in to cm,17511,0,rapidtables.com,4.615,http://www.rapidtables.com/convert/length/inch-to-cm.html?x=20,val:in>cm:20
,value,conversions,/11-cm-to-inches/,11 cm to in,17508,1,rapidtables.com,4.615,http://www.rapidtables.com/convert/length/cm-to-inch.html?x=11,val:cm>in:11
,converter,time-date,/years-to-months/,year to month,12822,15,inchcalculator.com,4.614,http://www.inchcalculator.com/convert/year-to-month/,conv:year>month
,value,conversions,/1000-meters-to-miles/,1000 m to mi,17271,0,rapidtables.com,4.608,http://www.rapidtables.com/convert/length/meter-to-mile.html?x=1000,val:m>mi:1000
,value,conversions,/76-cm-to-inches/,76 cm to in,17100,1,rapidtables.com,4.604,http://www.rapidtables.com/convert/length/cm-to-inch.html?x=76,val:cm>in:76
,value,conversions,/4-inches-to-cm/,4 in to cm,16840,1,rapidtables.com,4.596,http://www.rapidtables.com/convert/length/inch-to-cm.html?x=4,val:in>cm:4
,value,conversions,/7.5-cm-to-inches/,7.5 cm to in,16760,0,rapidtables.com,4.594,http://www.rapidtables.com/convert/length/cm-to-inch.html?x=7.5,val:cm>in:7.5
,converter,conversions,/tons-to-oz/,ton to oz,19980,12,inchcalculator.com,4.589,http://www.inchcalculator.com/convert/ton-to-ounce/,conv:ton>oz
,calculator,everyday,/tablespoon-sugar-to-gram-sugar-calculator/,tablespoon sugar to gram sugar,35323,46,inchcalculator.com,4.588,http://www.inchcalculator.com/convert/tablespoon-sugar-to-gram-sugar/,calc:tablespoon-sugar-to-gram-sugar
,converter,conversions,/gb-to-mb/,gb to mb,29588,120,unitconverters.net,4.587,http://www.unitconverters.net/data-storage/gb-to-mb.htm,conv:gb>mb
,value,conversions,/1000-meters-to-feet/,1000 m to ft,16505,0,rapidtables.com,4.587,http://www.rapidtables.com/convert/length/meter-to-feet.html?x=1000,val:m>ft:1000
,value,conversions,/18-inches-to-cm/,18 in to cm,16476,0,rapidtables.com,4.586,http://www.rapidtables.com/convert/length/inch-to-cm.html?fracsel=u&insel=u&x=18,val:in>cm:18
,value,conversions,/47-celsius-to-fahrenheit/,47 degc to degf,16358,0,widgetly.co,4.583,http://www.widgetly.co/convert/celsius/47-celsius-to-fahrenheit,val:degc>degf:47
,calculator,time-date,/time-zone-calculator/,time zone,84546,491,calculator.net,4.582,http://www.calculator.net/time-zone-calculator.html,calc:time-zone
,calculator,everyday,/ip-subnet-calculator/,ip subnet,118998,883,calculator.net,4.579,http://www.calculator.net/ip-subnet-calculator.html,calc:ip-subnet
,value,conversions,/169-cm-to-feet/,169 cm to ft,16181,4,rapidtables.com,4.578,http://www.rapidtables.com/convert/length/cm-to-feet.html?x=169,val:cm>ft:169
,calculator,everyday,/minecraft-circle-calculator/,minecraft circle,52331,178,omnicalculator.com,4.577,http://www.omnicalculator.com/other/minecraft-circle,calc:minecraft-circle
,value,conversions,/12-inches-to-mm/,12 in to mm,16145,0,rapidtables.com,4.576,http://www.rapidtables.com/convert/length/inch-to-mm.html?x=12,val:in>mm:12
,calculator,time-date,/liter-minute-to-gallon-minute-calculator/,liter minute to gallon minute,17207,0,unitconverters.net,4.575,http://www.unitconverters.net/flow/liter-minute-to-gallon-us-minute.htm,calc:liter-minute-to-gallon-minute
,converter,time-date,/years-to-weeks/,year to week,8368,5,inchcalculator.com,4.575,http://www.inchcalculator.com/convert/year-to-week/,conv:year>week
,value,conversions,/11-lbs-to-kg/,11 lb to kg,15983,0,rapidtables.com,4.572,http://www.rapidtables.com/convert/weight/pound-to-kg.html?x=11,val:lb>kg:11
,calculator,everyday,/day-year-calculator/,day year,23083,4,inchcalculator.com omnicalculator.com,4.571,http://www.inchcalculator.com/day-of-the-year/,calc:day-year
,value,conversions,/1.5-kg-to-lbs/,1.5 kg to lb,15868,10,rapidtables.com,4.568,http://www.rapidtables.com/convert/weight/kg-to-pound.html?x=1.5,val:kg>lb:1.5
,calculator,time-date,/years-to-decades-calculator/,years to decades,16931,6,omnicalculator.com,4.567,http://www.omnicalculator.com/conversion/years-to-decades,calc:years-to-decades
,value,conversions,/9-lbs-to-kg/,9 lb to kg,15617,0,rapidtables.com,4.561,http://www.rapidtables.com/convert/weight/pound-to-kg.html?x=9,val:lb>kg:9
,value,conversions,/205-cm-to-feet-and-inches/,205 cm to feet and inches,15477,0,inchcalculator.com,4.557,http://www.inchcalculator.com/height-converter/205cm/,val:height:205cm>ftin
,value,conversions,/6-feet-0-inches-to-cm/,"6'0"" to cm",15382,2,inchcalculator.com,4.554,http://www.inchcalculator.com/height-converter/6ft-0in/,val:height:6ft0in>cm
,value,conversions,/2-cm-to-mm/,2 cm to mm,15268,0,rapidtables.com,4.55,http://www.rapidtables.com/convert/length/cm-to-mm.html?x=2,val:cm>mm:2
,value,conversions,/4-mm-to-inches/,4 mm to in,15239,0,rapidtables.com,4.549,http://www.rapidtables.com/convert/length/mm-to-inch.html?x=4,val:mm>in:4
,calculator,everyday,/nanometer-to-meter-calculator/,nanometer to meter,32156,50,unitconverters.net,4.547,http://www.unitconverters.net/length/nanometer-to-meter.htm,calc:nanometer-to-meter
,calculator,everyday,/test-grade-calculator/,test grade,109311,460,omnicalculator.com,4.545,http://www.omnicalculator.com/other/test-grade,calc:test-grade
,converter,conversions,/cc-to-cubic-meters/,cc to cum,12411,1,inchcalculator.com unitconverters.net,4.536,http://www.unitconverters.net/volume/cubic-centimeter-to-cubic-meter.htm,conv:cc>cum
,value,conversions,/2000-meters-to-miles/,2000 m to mi,14779,0,rapidtables.com,4.535,http://www.rapidtables.com/convert/length/meter-to-mile.html?x=2000,val:m>mi:2000
,calculator,everyday,/mhz-to-hz-calculator/,mhz to hz,47254,82,rapidtables.com,4.534,http://www.rapidtables.com/convert/frequency/mhz-to-hz.html,calc:mhz-to-hz
,value,conversions,/166-cm-to-feet/,166 cm to ft,14597,5,rapidtables.com,4.529,http://www.rapidtables.com/convert/length/cm-to-feet.html?x=166,val:cm>ft:166
,value,conversions,/600-meters-to-feet/,600 m to ft,14543,0,rapidtables.com,4.527,http://www.rapidtables.com/convert/length/meter-to-feet.html?x=600,val:m>ft:600
,calculator,everyday,/list-calculator/,list,103972,1211,timeanddate.com,4.526,http://www.timeanddate.com/eclipse/list.html,calc:list
,value,conversions,/35-cm-to-inches/,35 cm to in,14516,0,rapidtables.com widgetly.co,4.526,http://www.rapidtables.com/convert/length/cm-to-inch.html?x=35,val:cm>in:35
,calculator,everyday,/newtons-to-kg-calculator/,newtons to kg,46022,68,unitconverters.net,4.523,http://www.unitconverters.net/force/newtons-to-kg.htm,calc:newtons-to-kg
,converter,conversions,/square-miles-to-acres/,sqmi to acre,25616,90,unitconverters.net,4.523,http://www.unitconverters.net/area/square-miles-to-acres.htm,conv:sqmi>acre
,value,conversions,/70-cm-to-inches/,70 cm to in,14280,2,rapidtables.com,4.519,http://www.rapidtables.com/convert/length/cm-to-inch.html?x=70,val:cm>in:70
,value,conversions,/8-miles-to-km/,8 mi to km,14260,0,rapidtables.com,4.518,http://www.rapidtables.com/convert/length/mile-to-km.html?x=8,val:mi>km:8
,calculator,everyday,/meter-to-mil-calculator/,meter to mil,20509,2,unitconverters.net,4.517,http://www.unitconverters.net/length/meter-to-mil.htm,calc:meter-to-mil
,converter,conversions,/cm-to-yards/,cm to yd,17116,28,unitconverters.net,4.517,http://www.unitconverters.net/length/centimeter-to-yard.htm,conv:cm>yd
,converter,conversions,/yards-to-km/,yd to km,11811,10,unitconverters.net,4.512,http://www.unitconverters.net/length/yard-to-kilometer.htm,conv:yd>km
,calculator,everyday,/gram-sugar-to-tablespoon-sugar-calculator/,gram sugar to tablespoon sugar,29555,17,inchcalculator.com,4.51,http://www.inchcalculator.com/convert/gram-sugar-to-tablespoon-sugar/,calc:gram-sugar-to-tablespoon-sugar
,calculator,time-date,/days-left-in-year-calculator/,days left in year,21567,12,inchcalculator.com,4.507,http://www.inchcalculator.com/days-left-in-the-year/,calc:days-left-in-year
,converter,conversions,/tbsp-to-tsp/,tbsp to tsp,16761,21,inchcalculator.com,4.507,http://www.inchcalculator.com/convert/tablespoon-to-teaspoon/,conv:tbsp>tsp
,value,conversions,/7-cm-to-inches/,7 cm to in,13946,0,rapidtables.com widgetly.co,4.507,http://www.rapidtables.com/convert/length/cm-to-inch.html?x=7,val:cm>in:7
,value,conversions,/1600-meters-to-miles/,1600 m to mi,13865,0,rapidtables.com,4.505,http://www.rapidtables.com/convert/length/meter-to-mile.html?x=1600,val:m>mi:1600
,value,conversions,/70-meters-to-feet/,70 m to ft,13844,0,rapidtables.com,4.504,http://www.rapidtables.com/convert/length/meter-to-feet.html?x=70,val:m>ft:70
,calculator,everyday,/ml-to-ul-calculator/,ml to ul,19807,8,omnicalculator.com,4.501,http://www.omnicalculator.com/conversion/ml-to-ul-conversion,calc:ml-to-ul
,value,conversions,/66-cm-to-inches/,66 cm to in,13737,0,widgetly.co,4.5,http://www.widgetly.co/convert/66-cm-to-inches,val:cm>in:66
,value,conversions,/135-cm-to-feet-and-inches/,135 cm to feet and inches,13618,0,inchcalculator.com,4.496,http://www.inchcalculator.com/height-converter/135cm/,val:height:135cm>ftin
,converter,conversions,/mm-to-micrometers/,mm to um,16240,20,unitconverters.net,4.493,http://www.unitconverters.net/length/millimeter-to-micrometer.htm,conv:mm>um
,converter,conversions,/cubic-inches-to-liters/,cuin to l,15824,42,unitconverters.net,4.481,http://www.unitconverters.net/volume/cubic-inches-to-liters.htm,conv:cuin>l
,value,conversions,/300-fahrenheit-to-celsius/,300 degf to degc,13072,0,widgetly.co,4.477,http://www.widgetly.co/convert/fahrenheit/300-fahrenheit-to-celsius,val:degf>degc:300
,converter,conversions,/fl-oz-to-tsp/,floz to tsp,15664,12,inchcalculator.com,4.476,http://www.inchcalculator.com/convert/fluid-ounce-to-teaspoon/,conv:floz>tsp
,value,conversions,/10-mm-to-inches/,10 mm to in,13051,5,rapidtables.com,4.476,http://www.rapidtables.com/convert/length/mm-to-inch.html?x=10,val:mm>in:10
,value,conversions,/54-fahrenheit-to-celsius/,54 degf to degc,12971,0,widgetly.co,4.473,http://www.widgetly.co/convert/fahrenheit/54-fahrenheit-to-celsius,val:degf>degc:54
,calculator,everyday,/water-weight-calculator/,water weight,40753,137,inchcalculator.com thecalculatorsite.com,4.472,http://www.thecalculatorsite.com/conversions/common/water-weight.php,calc:water-weight
,value,conversions,/23-cm-to-inches/,23 cm to in,12928,0,rapidtables.com widgetly.co,4.472,http://www.rapidtables.com/convert/length/cm-to-inch.html?x=23,val:cm>in:23
,calculator,time-date,/how-many-years-calculator/,how many years,13812,3,gigacalculator.com,4.471,http://www.gigacalculator.com/calculators/how-many-years-calculator.php,calc:how-many-years
,converter,conversions,/lbs-to-tbsp/,lb to tbsp,10806,9,inchcalculator.com,4.47,http://www.inchcalculator.com/convert/pound-to-tablespoon/,conv:lb>tbsp
,converter,conversions,/square-feet-to-cubic-feet/,sqft to cuft,22645,131,thecalculatorsite.com,4.468,http://www.thecalculatorsite.com/conversions/common/square-feet-cubic-feet.php,conv:sqft>cuft
,value,conversions,/9-inches-to-mm/,9 in to mm,12801,0,rapidtables.com,4.467,http://www.rapidtables.com/convert/length/inch-to-mm.html?x=9,val:in>mm:9
,converter,conversions,/mg-to-lbs/,mg to lb,10758,4,omnicalculator.com,4.467,http://www.omnicalculator.com/conversion/mg-to-lbs,conv:mg>lb
,value,conversions,/133-kg-to-lbs/,133 kg to lb,12692,0,rapidtables.com,4.463,http://www.rapidtables.com/convert/weight/kg-to-pound.html?x=133,val:kg>lb:133
,calculator,everyday,/from-milliliter-calculator/,from milliliter,17977,2,inchcalculator.com,4.457,http://www.inchcalculator.com/convert/from-milliliter/,calc:from-milliliter
,converter,conversions,/square-yards-to-square-feet/,sqyd to sqft,14965,15,unitconverters.net,4.455,http://www.unitconverters.net/area/square-yards-to-square-feet.htm,conv:sqyd>sqft
,value,conversions,/4-feet-6-inches-to-inches/,"4'6"" to inches",12478,0,inchcalculator.com,4.455,http://www.inchcalculator.com/height-converter/4ft-6in-to-inches/,val:height:4ft6in>inches
,calculator,everyday,/microliter-to-milliliter-calculator/,microliter to milliliter,26021,31,unitconverters.net,4.454,http://www.unitconverters.net/volume/microliter-to-milliliter.htm,calc:microliter-to-milliliter
,value,conversions,/172-cm-to-feet/,172 cm to ft,12374,5,rapidtables.com,4.451,http://www.rapidtables.com/convert/length/cm-to-feet.html?x=172,val:cm>ft:172
,calculator,everyday,/pixel-x-to-inch-calculator/,pixel x to inch,38720,94,unitconverters.net,4.45,http://www.unitconverters.net/typography/pixel-x-to-inch.htm,calc:pixel-x-to-inch
,converter,conversions,/gallons-to-cups/,gal to cup,10380,9,omnicalculator.com unitconverters.net,4.45,http://www.unitconverters.net/volume/gallon-to-cups.htm,conv:gal>cup
,converter,conversions,/mg-to-cc/,mg to cc,10373,10,omnicalculator.com,4.45,http://www.omnicalculator.com/conversion/mg-to-cc,conv:mg>cc
,value,conversions,/2000-meters-to-feet/,2000 m to ft,12322,0,rapidtables.com,4.449,http://www.rapidtables.com/convert/length/meter-to-feet.html?x=2000,val:m>ft:2000
,calculator,everyday,/decimeter-to-meter-calculator/,decimeter to meter,17614,5,omnicalculator.com unitconverters.net,4.448,http://www.unitconverters.net/length/decimeter-to-meter.htm,calc:decimeter-to-meter
,calculator,everyday,/week-calculator/,week,25422,13,omnicalculator.com,4.444,http://www.omnicalculator.com/everyday-life/week,calc:week
,calculator,everyday,/cup-sugar-to-pound-sugar-calculator/,cup sugar to pound sugar,17480,10,inchcalculator.com,4.444,http://www.inchcalculator.com/convert/cup-sugar-to-pound-sugar/,calc:cup-sugar-to-pound-sugar
,value,conversions,/60-fahrenheit-to-celsius/,60 degf to degc,12181,0,rapidtables.com,4.443,http://www.rapidtables.com/convert/temperature/fahrenheit-to-celsius.html?x=60,val:degf>degc:60
,value,conversions,/4-cm-to-inches/,4 cm to in,12097,7,rapidtables.com,4.44,http://www.rapidtables.com/convert/length/cm-to-inch.html?x=4,val:cm>in:4
,calculator,everyday,/kiloliter-to-liter-calculator/,kiloliter to liter,17271,3,unitconverters.net,4.439,http://www.unitconverters.net/volume/kiloliter-to-liter.htm,calc:kiloliter-to-liter
,value,conversions,/7-meters-to-feet/,7 m to ft,12069,0,rapidtables.com,4.439,http://www.rapidtables.com/convert/length/meter-to-feet.html?x=7,val:m>ft:7
,calculator,everyday,/centiliter-to-ounce-calculator/,centiliter to ounce,17228,0,unitconverters.net,4.438,http://www.unitconverters.net/volume/centiliter-to-fluid-ounce-us.htm,calc:centiliter-to-ounce
,calculator,everyday,/grams-to-tbsp-calculator/,grams to tbsp,17224,5,gigacalculator.com,4.438,http://www.gigacalculator.com/converters/convert-grams-to-tbsp.php,calc:grams-to-tbsp
,calculator,everyday,/centiliter-to-liter-calculator/,centiliter to liter,17206,3,unitconverters.net,4.437,http://www.unitconverters.net/volume/centiliter-to-liter.htm,calc:centiliter-to-liter
,converter,conversions,/mb-to-bytes/,mb to byte,10092,4,unitconverters.net,4.437,http://www.unitconverters.net/data-storage/megabyte-to-byte.htm,conv:mb>byte
,calculator,everyday,/working-days-calculator/,working days,24857,40,gigacalculator.com omnicalculator.com,4.434,http://www.omnicalculator.com/everyday-life/working-days,calc:working-days
,calculator,science,/grams-to-moles-calculator/,grams to moles,83713,100,omnicalculator.com,4.431,http://www.omnicalculator.com/chemistry/grams-to-moles,calc:grams-to-moles
,converter,conversions,/grams-to-grains/,g to grain,9961,0,unitconverters.net,4.43,http://www.unitconverters.net/weight-and-mass/gram-to-grain.htm,conv:g>grain
,calculator,everyday,/pound-butter-to-cup-butter-calculator/,pound butter to cup butter,16838,2,inchcalculator.com,4.427,http://www.inchcalculator.com/convert/pound-butter-to-cup-butter/,calc:pound-butter-to-cup-butter
,value,conversions,/12-mm-to-inches/,12 mm to in,11753,3,rapidtables.com,4.427,http://www.rapidtables.com/convert/length/mm-to-inch.html?x=12,val:mm>in:12
,calculator,time-date,/age-checker-calculator/,age checker,12487,2,calculatorsoup.com,4.424,http://www.calculatorsoup.com/calculators/time/age-checker.php,calc:age-checker
,calculator,everyday,/liter-to-deciliter-calculator/,liter to deciliter,16587,4,unitconverters.net,4.421,http://www.unitconverters.net/volume/liter-to-deciliter.htm,calc:liter-to-deciliter
,value,conversions,/151-cm-to-feet/,151 cm to ft,11627,0,rapidtables.com,4.421,http://www.rapidtables.com/convert/length/cm-to-feet.html?x=151,val:cm>ft:151
,value,conversions,/6-mm-to-inches/,6 mm to in,11609,5,rapidtables.com,4.421,http://www.rapidtables.com/convert/length/mm-to-inch.html?x=6,val:mm>in:6
,calculator,everyday,/billion-to-trillion-calculator/,billion to trillion,24048,37,omnicalculator.com,4.42,http://www.omnicalculator.com/conversion/billion-to-trillion-converter,calc:billion-to-trillion
,calculator,everyday,/psi-to-pascal-calculator/,psi to pascal,23936,28,unitconverters.net,4.418,http://www.unitconverters.net/pressure/psi-to-pascal.htm,calc:psi-to-pascal
,calculator,time-date,/radian-per-second-to-revolution-per-minute-calculator/,radian per second to revolution per minute,12301,8,inchcalculator.com,4.417,http://www.inchcalculator.com/convert/radian-per-second-to-revolution-per-minute/,calc:radian-per-second-to-revolution-per-minute
,calculator,everyday,/temperature-calculator/,temperature,78453,232,calculatorsoup.com,4.415,http://www.calculatorsoup.com/calculators/conversions/temperature.php,calc:temperature
,calculator,everyday,/mbps-to-kbps-calculator/,mbps to kbps,23814,25,gigacalculator.com unitconverters.net,4.415,http://www.unitconverters.net/data-transfer/mbps-to-kbps.htm,calc:mbps-to-kbps
,calculator,everyday,/pounds-to-lbs-calculator/,pounds to lbs,23649,25,omnicalculator.com,4.412,http://www.omnicalculator.com/conversion/pounds-to-lbs,calc:pounds-to-lbs
,converter,conversions,/ml-to-kg/,ml to kg,13648,13,inchcalculator.com omnicalculator.com,4.412,http://www.omnicalculator.com/conversion/ml-to-kg,conv:ml>kg
,value,conversions,/123-cm-to-feet/,123 cm to ft,11337,0,rapidtables.com,4.41,http://www.rapidtables.com/convert/length/cm-to-feet.html?x=123,val:cm>ft:123
,calculator,math,/factor-calculator/,factor,16183,0,calculator.net,4.409,http://www.calculator.net/factor-calculator.html,calc:factor
,calculator,math,/cubed-perfect-cubes-calculator/,cubed perfect cubes,16119,3,calculatorsoup.com,4.408,http://www.calculatorsoup.com/calculators/algebra/cubed-perfect-cubes.php,calc:cubed-perfect-cubes
,value,conversions,/178-cm-to-feet/,178 cm to ft,11286,3,rapidtables.com,4.407,http://www.rapidtables.com/convert/length/cm-to-feet.html?x=178,val:cm>ft:178
,value,conversions,/4-feet-3-inches-to-cm/,"4'3"" to cm",11273,0,inchcalculator.com,4.407,http://www.inchcalculator.com/height-converter/4ft-3in/,val:height:4ft3in>cm
,calculator,everyday,/megapascal-to-pascal-calculator/,megapascal to pascal,23280,20,unitconverters.net,4.405,http://www.unitconverters.net/pressure/megapascal-to-pascal.htm,calc:megapascal-to-pascal
,converter,conversions,/watts-to-kw/,w to kw,13438,26,unitconverters.net,4.405,http://www.unitconverters.net/power/watt-to-kilowatt.htm,conv:w>kw
,calculator,science,/kilonewton-to-pound-force-calculator/,kilonewton to pound force,33884,6,inchcalculator.com unitconverters.net,4.403,http://www.unitconverters.net/force/kilonewton-to-pound-force.htm,calc:kilonewton-to-pound-force
,value,conversions,/4-cm-to-mm/,4 cm to mm,11152,0,rapidtables.com,4.402,http://www.rapidtables.com/convert/length/cm-to-mm.html?x=4,val:cm>mm:4
,value,conversions,/8-cm-to-inches/,8 cm to in,11103,1,rapidtables.com,4.4,http://www.rapidtables.com/convert/length/cm-to-inch.html?x=8,val:cm>in:8
,calculator,math,/inches-to-fraction-calculator/,inches to fraction,34191,148,omnicalculator.com,4.398,http://www.omnicalculator.com/conversion/inches-to-fraction,calc:inches-to-fraction
,converter,conversions,/cups-to-pints/,cup to pint,9311,6,inchcalculator.com omnicalculator.com,4.398,http://www.omnicalculator.com/conversion/cups-to-pints-converter,conv:cup>pint
,calculator,math,/multiples-calculator/,multiples,34148,131,calculatorsoup.com,4.397,http://www.calculatorsoup.com/calculators/math/multiples.php,calc:multiples
,calculator,math,/volume-triangular-prism-calculator/,volume triangular prism,22832,12,omnicalculator.com,4.397,http://www.omnicalculator.com/math/volume-of-a-triangular-prism,calc:volume-triangular-prism
,value,conversions,/16-mm-to-inches/,16 mm to in,11016,1,rapidtables.com,4.396,http://www.rapidtables.com/convert/length/mm-to-inch.html?x=16,val:mm>in:16
,calculator,everyday,/pennyweight-to-gram-calculator/,pennyweight to gram,15664,0,unitconverters.net,4.395,http://www.unitconverters.net/weight-and-mass/pennyweight-to-gram.htm,calc:pennyweight-to-gram
,calculator,time-date,/centimeter-to-nanometer-calculator/,centimeter to nanometer,16768,14,unitconverters.net,4.393,http://www.unitconverters.net/length/centimeter-to-nanometer.htm,calc:centimeter-to-nanometer
,value,conversions,/95-cm-to-inches/,95 cm to in,10950,0,widgetly.co,4.393,http://www.widgetly.co/convert/95-cm-to-inches,val:cm>in:95
,calculator,math,/log-2-calculator/,log 2,33732,103,omnicalculator.com,4.392,http://www.omnicalculator.com/math/log-2,calc:log-2
,value,conversions,/4-feet-1-inches-to-inches/,"4'1"" to inches",10917,0,inchcalculator.com,4.392,http://www.inchcalculator.com/height-converter/4ft-1in-to-inches/,val:height:4ft1in>inches
,calculator,math,/square-meters-calculator/,square meters,33643,128,inchcalculator.com,4.391,http://www.inchcalculator.com/square-meters-calculator/,calc:square-meters
,calculator,math,/rectangular-prism-volume-calculator/,rectangular prism volume,33521,61,omnicalculator.com,4.39,http://www.omnicalculator.com/math/rectangular-prism-volume,calc:rectangular-prism-volume
,value,conversions,/2-cm-to-inches/,2 cm to in,15446,31,rapidtables.com,4.387,http://www.rapidtables.com/convert/length/cm-to-inch.html?x=2,val:cm>in:2
,calculator,science,/kg-to-newtons-calculator/,kg to newtons,32559,1,omnicalculator.com unitconverters.net,4.386,http://www.unitconverters.net/force/kg-to-newtons.htm,calc:kg-to-newtons
,calculator,math,/math-calculator/,math,72151,300,calculator.net calculatorsoup.com,4.383,http://www.calculator.net/math-calculator.html,calc:math
,value,conversions,/9-meters-to-feet/,9 m to ft,10725,0,rapidtables.com,4.383,http://www.rapidtables.com/convert/length/meter-to-feet.html?x=9,val:m>ft:9
,value,conversions,/6-inches-to-mm/,6 in to mm,10641,0,rapidtables.com,4.38,http://www.rapidtables.com/convert/length/inch-to-mm.html?x=6,val:in>mm:6
,calculator,time-date,/decimeter-to-centimeter-calculator/,decimeter to centimeter,11293,3,unitconverters.net,4.377,http://www.unitconverters.net/length/decimeter-to-centimeter.htm,calc:decimeter-to-centimeter
,calculator,everyday,/gematria-calculator/,gematria,21748,40,omnicalculator.com,4.376,http://www.omnicalculator.com/conversion/gematria,calc:gematria
,converter,conversions,/gallons-to-kg/,gal to kg,12585,12,inchcalculator.com omnicalculator.com,4.375,http://www.omnicalculator.com/conversion/gal-to-kg,conv:gal>kg
,value,conversions,/115-fahrenheit-to-celsius/,115 degf to degc,10535,0,widgetly.co,4.375,http://www.widgetly.co/convert/fahrenheit/115-fahrenheit-to-celsius,val:degf>degc:115
,value,conversions,/39-cm-to-inches/,39 cm to in,10524,0,widgetly.co,4.374,http://www.widgetly.co/convert/39-cm-to-inches,val:cm>in:39
,value,conversions,/6-feet-7-inches-to-inches/,"6'7"" to inches",10522,0,inchcalculator.com,4.374,http://www.inchcalculator.com/height-converter/6ft-7in-to-inches/,val:height:6ft7in>inches
,calculator,math,/quartile-calculator/,quartile,32173,109,calculatorsoup.com,4.372,http://www.calculatorsoup.com/calculators/statistics/quartile-calculator.php,calc:quartile
,converter,conversions,/gb-to-tb/,gb to tb,8790,3,unitconverters.net,4.37,http://www.unitconverters.net/data-storage/gigabyte-to-terabyte.htm,conv:gb>tb
,calculator,math,/round-to-nearest-cent-calculator/,round to nearest cent,14750,7,omnicalculator.com,4.367,http://www.omnicalculator.com/math/round-to-the-nearest-cent,calc:round-to-nearest-cent
,converter,conversions,/tsp-to-tbsp/,tsp to tbsp,17986,63,inchcalculator.com,4.366,http://www.inchcalculator.com/convert/teaspoon-to-tablespoon/,conv:tsp>tbsp
,value,conversions,/8-meters-to-feet/,8 m to ft,10315,1,rapidtables.com,4.365,http://www.rapidtables.com/convert/length/meter-to-feet.html?x=8,val:m>ft:8
,converter,time-date,/months-to-minutes/,month to min,5524,0,inchcalculator.com,4.365,http://www.inchcalculator.com/convert/month-to-minute/,conv:month>min
,calculator,everyday,/drops-to-ml-calculator/,drops to ml,14584,10,omnicalculator.com,4.362,http://www.omnicalculator.com/conversion/drops-to-ml-conversion,calc:drops-to-ml
,calculator,everyday,/bar-to-psig-calculator/,bar to psig,14388,4,omnicalculator.com,4.356,http://www.omnicalculator.com/conversion/bar-to-psig-conversion,calc:bar-to-psig
,value,conversions,/10-mm-to-cm/,10 mm to cm,10105,1,rapidtables.com,4.355,http://www.rapidtables.com/convert/length/mm-to-cm.html?x=10,val:mm>cm:10
,calculator,math,/lcd-calculator/,lcd,30720,122,calculatorsoup.com,4.353,http://www.calculatorsoup.com/calculators/math/lcd.php,calc:lcd
,value,conversions,/175-cm-to-feet/,175 cm to ft,10012,5,rapidtables.com,4.351,http://www.rapidtables.com/convert/length/cm-to-feet.html?x=175,val:cm>ft:175
,value,conversions,/140-cm-to-feet/,140 cm to ft,9993,0,rapidtables.com,4.35,http://www.rapidtables.com/convert/length/cm-to-feet.html?x=140,val:cm>ft:140
,calculator,everyday,/gallon-calculator/,gallon,20427,26,omnicalculator.com,4.348,http://www.omnicalculator.com/conversion/gallon,calc:gallon
,calculator,everyday,/psi-to-inches-water-calculator/,psi to inches water,14134,4,omnicalculator.com,4.348,http://www.omnicalculator.com/conversion/psi-to-inches-of-water-conversion,calc:psi-to-inches-water
,converter,conversions,/km-to-yards/,km to yd,8372,3,rapidtables.com unitconverters.net,4.347,http://www.unitconverters.net/length/kilometer-to-yard.htm,conv:km>yd
,value,conversions,/148-cm-to-feet/,148 cm to ft,14048,47,rapidtables.com,4.344,http://www.rapidtables.com/convert/length/cm-to-feet.html?x=148,val:cm>ft:148
,calculator,math,/isosceles-right-triangle-calculator/,isosceles right triangle,14029,3,omnicalculator.com,4.344,http://www.omnicalculator.com/math/isosceles-right-triangle,calc:isosceles-right-triangle
,calculator,math,/round-to-nearest-ten-calculator/,round to nearest ten,13997,5,omnicalculator.com,4.343,http://www.omnicalculator.com/math/round-to-the-nearest-ten,calc:round-to-nearest-ten
,converter,conversions,/miles-to-cm/,mi to cm,8283,8,unitconverters.net,4.342,http://www.unitconverters.net/length/mile-to-centimeter.htm,conv:mi>cm
,calculator,everyday,/psig-to-psia-calculator/,psig to psia,13876,5,omnicalculator.com,4.339,http://www.omnicalculator.com/conversion/psig-to-psia-conversion,calc:psig-to-psia
,calculator,time-date,/gallon-minute-to-liter-minute-calculator/,gallon minute to liter minute,10421,0,unitconverters.net,4.339,http://www.unitconverters.net/flow/gallon-us-minute-to-liter-minute.htm,calc:gallon-minute-to-liter-minute
,calculator,everyday,/joule-to-ev-calculator/,joule to ev,19961,40,rapidtables.com,4.338,http://www.rapidtables.com/convert/energy/joule-to-ev.html,calc:joule-to-ev
,value,conversions,/160-meters-to-feet/,160 m to ft,9742,0,rapidtables.com,4.338,http://www.rapidtables.com/convert/length/meter-to-feet.html?x=160,val:m>ft:160
,calculator,math,/prime-number-calculator/,prime number,29508,97,calculatorsoup.com,4.336,http://www.calculatorsoup.com/calculators/math/prime-number-calculator.php,calc:prime-number
,calculator,everyday,/fahrenheit-to-rankine-calculator/,fahrenheit to rankine,13747,2,calculatorsoup.com,4.335,http://www.calculatorsoup.com/calculators/conversions/fahrenheit-to-rankine.php,calc:fahrenheit-to-rankine
,calculator,everyday,/torr-to-atm-calculator/,torr to atm,19795,15,omnicalculator.com,4.334,http://www.omnicalculator.com/conversion/torr-to-atm,calc:torr-to-atm
,value,conversions,/22-lbs-to-kg/,22 lb to kg,9646,0,rapidtables.com,4.333,http://www.rapidtables.com/convert/weight/pound-to-kg.html?x=22,val:lb>kg:22
,calculator,math,/bar-to-pound-per-square-inch-calculator/,bar to pound per square inch,13644,6,inchcalculator.com,4.332,http://www.inchcalculator.com/convert/bar-to-pound-per-square-inch/,calc:bar-to-pound-per-square-inch
,value,conversions,/4-feet-8-inches-to-cm/,"4'8"" to cm",9571,0,inchcalculator.com,4.33,http://www.inchcalculator.com/height-converter/4ft-8in/,val:height:4ft8in>cm
,value,conversions,/80-meters-to-feet/,80 m to ft,9530,0,rapidtables.com,4.328,http://www.rapidtables.com/convert/length/meter-to-feet.html?x=80,val:m>ft:80
,calculator,math,/right-triangle-side-angle-calculator/,right triangle side angle,62559,277,omnicalculator.com,4.327,http://www.omnicalculator.com/math/right-triangle-side-angle,calc:right-triangle-side-angle
,value,conversions,/154-cm-to-feet/,154 cm to ft,13528,45,rapidtables.com,4.327,http://www.rapidtables.com/convert/length/cm-to-feet.html?x=154,val:cm>ft:154
,calculator,math,/lateral-surface-area-cylinder-calculator/,lateral surface area cylinder,19437,15,omnicalculator.com,4.326,http://www.omnicalculator.com/math/lateral-surface-area-cylinder,calc:lateral-surface-area-cylinder
,calculator,time-date,/nanometer-to-centimeter-calculator/,nanometer to centimeter,14444,14,unitconverters.net,4.326,http://www.unitconverters.net/length/nanometer-to-centimeter.htm,calc:nanometer-to-centimeter
,converter,conversions,/miles-to-inches/,mi to in,11137,26,rapidtables.com,4.318,http://www.rapidtables.com/convert/length/mile-to-inch.html,conv:mi>in
,calculator,everyday,/cubic-inches-calculator/,cubic inches,13205,2,inchcalculator.com,4.317,http://www.inchcalculator.com/cubic-inches-calculator/,calc:cubic-inches
,value,conversions,/147-cm-to-feet/,147 cm to ft,9315,0,rapidtables.com,4.317,http://www.rapidtables.com/convert/length/cm-to-feet.html?x=147,val:cm>ft:147
,calculator,everyday,/gram-to-pennyweight-calculator/,gram to pennyweight,13193,0,unitconverters.net,4.316,http://www.unitconverters.net/weight-and-mass/gram-to-pennyweight.htm,calc:gram-to-pennyweight
,calculator,everyday,/from-ton-calculator/,from ton,13187,1,inchcalculator.com,4.316,http://www.inchcalculator.com/convert/from-ton/,calc:from-ton
,calculator,math,/decimal-to-binary-calculator/,decimal to binary,60474,445,rapidtables.com,4.313,http://www.rapidtables.com/convert/number/decimal-to-binary.html,calc:decimal-to-binary
,value,conversions,/75-fahrenheit-to-celsius/,75 degf to degc,13139,20,rapidtables.com,4.313,http://www.rapidtables.com/convert/temperature/75-fahrenheit-to-celsius.html,val:degf>degc:75
,calculator,everyday,/letters-to-numbers-calculator/,letters to numbers,13106,1,omnicalculator.com,4.313,http://www.omnicalculator.com/other/letters-to-numbers,calc:letters-to-numbers
,value,conversions,/170-cm-to-feet/,170 cm to ft,9251,3,rapidtables.com,4.313,http://www.rapidtables.com/convert/length/cm-to-feet.html?x=170,val:cm>ft:170
,value,conversions,/91-fahrenheit-to-celsius/,91 degf to degc,9229,0,widgetly.co,4.312,http://www.widgetly.co/convert/fahrenheit/91-fahrenheit-to-celsius,val:degf>degc:91
,calculator,math,/square-diagonal-calculator/,square diagonal,27751,53,omnicalculator.com,4.31,http://www.omnicalculator.com/math/square-diagonal,calc:square-diagonal
,calculator,everyday,/newton-meter-calculator/,newton meter,18712,39,omnicalculator.com,4.31,http://www.omnicalculator.com/conversion/newton-meter,calc:newton-meter
,value,conversions,/11-inches-to-mm/,11 in to mm,9183,0,rapidtables.com,4.31,http://www.rapidtables.com/convert/length/inch-to-mm.html?x=11,val:in>mm:11
,value,conversions,/190-cm-to-feet/,190 cm to ft,9179,3,rapidtables.com,4.31,http://www.rapidtables.com/convert/length/cm-to-feet.html?x=190,val:cm>ft:190
,value,conversions,/2-meters-to-feet/,2 m to ft,9178,4,rapidtables.com,4.31,http://www.rapidtables.com/convert/length/meter-to-feet.html?x=2,val:m>ft:2
,calculator,everyday,/pennies-to-dollars-calculator/,pennies to dollars,27617,82,omnicalculator.com,4.308,http://www.omnicalculator.com/conversion/pennies-to-dollars,calc:pennies-to-dollars
,calculator,everyday,/tablespoon-butter-to-gram-butter-calculator/,tablespoon butter to gram butter,18650,28,inchcalculator.com,4.308,http://www.inchcalculator.com/convert/tablespoon-butter-to-gram-butter/,calc:tablespoon-butter-to-gram-butter
,converter,conversions,/in-lbs-to-nm/,inlb to nm,7718,9,inchcalculator.com,4.308,http://www.inchcalculator.com/convert/inch-pound-to-newton-meter/,conv:inlb>nm
,calculator,time-date,/gas-mileage-calculator/,gas mileage,20198,167,calculator.net calculatorsoup.com,4.305,http://www.calculator.net/gas-mileage-calculator.html,calc:gas-mileage
,calculator,math,/combinations-calculator/,combinations,58848,350,calculatorsoup.com,4.303,http://www.calculatorsoup.com/calculators/discretemathematics/combinations.php,calc:combinations
,calculator,math,/least-common-factor-calculator/,least common factor,12781,2,omnicalculator.com,4.302,http://www.omnicalculator.com/math/least-common-factor,calc:least-common-factor
,value,conversions,/40-mm-to-inches/,40 mm to in,8976,2,rapidtables.com,4.299,http://www.rapidtables.com/convert/length/mm-to-inch.html?x=40,val:mm>in:40
,calculator,math,/binary-to-decimal-calculator/,binary to decimal,57959,367,rapidtables.com,4.297,http://www.rapidtables.com/convert/number/binary-to-decimal.html,calc:binary-to-decimal
,calculator,math,/modulo-calculator/,modulo,26920,80,calculatorsoup.com omnicalculator.com,4.297,http://www.calculatorsoup.com/calculators/math/modulo-calculator.php,calc:modulo
,calculator,math,/cross-sectional-area-calculator/,cross sectional area,18122,12,omnicalculator.com,4.296,http://www.omnicalculator.com/math/cross-sectional-area,calc:cross-sectional-area
,calculator,math,/diagonal-rectangle-calculator/,diagonal rectangle,26813,96,omnicalculator.com,4.295,http://www.omnicalculator.com/math/diagonal-of-rectangle,calc:diagonal-rectangle
,converter,conversions,/ml-to-lbs/,ml to lb,7515,4,inchcalculator.com omnicalculator.com,4.295,http://www.omnicalculator.com/conversion/ml-to-lbs,conv:ml>lb
,value,conversions,/300-meters-to-feet/,300 m to ft,8874,0,rapidtables.com,4.294,http://www.rapidtables.com/convert/length/meter-to-feet.html?x=300,val:m>ft:300
,value,conversions,/4-feet-8-inches-to-inches/,"4'8"" to inches",8871,0,inchcalculator.com,4.294,http://www.inchcalculator.com/height-converter/4ft-8in-to-inches/,val:height:4ft8in>inches
,calculator,everyday,/scale-calculator/,scale,17957,45,inchcalculator.com omnicalculator.com,4.292,http://www.inchcalculator.com/scale-calculator/,calc:scale
,calculator,math,/probability-calculator/,probability,26436,181,calculator.net omnicalculator.com,4.29,http://www.calculator.net/probability-calculator.html,calc:probability
,value,conversions,/2-inches-to-mm/,2 in to mm,8809,1,rapidtables.com,4.29,http://www.rapidtables.com/convert/length/inch-to-mm.html?x=2,val:in>mm:2
,calculator,everyday,/pound-ounce-to-kg-calculator/,pound ounce to kg,26236,73,rapidtables.com,4.286,http://www.rapidtables.com/convert/weight/pound-ounce-to-kg.html,calc:pound-ounce-to-kg
,value,conversions,/50-meters-to-feet/,50 m to ft,8719,2,rapidtables.com,4.285,http://www.rapidtables.com/convert/length/meter-to-feet.html?x=50,val:m>ft:50
,calculator,everyday,/height-in-inches-calculator/,height in inches,12292,5,omnicalculator.com,4.284,http://www.omnicalculator.com/conversion/height-in-inches,calc:height-in-inches
,calculator,everyday,/length-calculator/,length,17523,23,inchcalculator.com unitconverters.net,4.281,http://www.unitconverters.net/length-converter.html,calc:length
,converter,conversions,/grains-to-oz/,grain to oz,7303,0,unitconverters.net,4.281,http://www.unitconverters.net/weight-and-mass/grain-to-ounce.htm,conv:grain>oz
,value,conversions,/5-feet-0-inches-to-inches/,"5'0"" to inches",8612,1,inchcalculator.com,4.28,http://www.inchcalculator.com/height-converter/5ft-0in-to-inches/,val:height:5ft0in>inches
,value,conversions,/315-lbs-to-kg/,315 lb to kg,8581,0,rapidtables.com,4.278,http://www.rapidtables.com/convert/weight/pound-to-kg.html?x=315,val:lb>kg:315
,calculator,time-date,/time-to-decimal-calculator/,time to decimal,39557,231,calculatorsoup.com,4.275,http://www.calculatorsoup.com/calculators/time/time-to-decimal-calculator.php,calc:time-to-decimal
,value,conversions,/15-mm-to-inches/,15 mm to in,8507,0,rapidtables.com,4.274,http://www.rapidtables.com/convert/length/mm-to-inch.html?x=15,val:mm>in:15
,calculator,math,/square-mile-to-square-kilometer-calculator/,square mile to square kilometer,11994,0,unitconverters.net,4.273,http://www.unitconverters.net/area/square-mile-to-square-kilometer.htm,calc:square-mile-to-square-kilometer
,converter,conversions,/mg-to-tbsp/,mg to tbsp,14545,52,inchcalculator.com,4.271,http://www.inchcalculator.com/convert/milligram-to-tablespoon/,conv:mg>tbsp
,calculator,everyday,/in-to-cm-calculator/,in to cm,17067,26,omnicalculator.com,4.269,http://www.omnicalculator.com/conversion/in-to-cm,calc:in-to-cm
,value,conversions,/62-fahrenheit-to-celsius/,62 degf to degc,8416,0,widgetly.co,4.269,http://www.widgetly.co/convert/fahrenheit/62-fahrenheit-to-celsius,val:degf>degc:62
,converter,conversions,/kw-to-watts/,kw to w,10007,30,unitconverters.net,4.268,http://www.unitconverters.net/power/kilowatt-to-watt.htm,conv:kw>w
,calculator,math,/hemisphere-calculator/,hemisphere,16838,48,calculatorsoup.com,4.263,http://www.calculatorsoup.com/calculators/geometry-solids/hemisphere.php,calc:hemisphere
,calculator,everyday,/milliliter-to-microliter-calculator/,milliliter to microliter,16811,22,unitconverters.net,4.263,http://www.unitconverters.net/volume/milliliter-to-microliter.htm,calc:milliliter-to-microliter
,calculator,math,/ln-0-calculator/,ln 0,16810,33,rapidtables.com,4.263,http://www.rapidtables.com/math/algebra/ln/Ln_of_0.html,calc:ln-0
,calculator,everyday,/psi-to-megapascal-calculator/,psi to megapascal,16597,45,unitconverters.net,4.257,http://www.unitconverters.net/pressure/psi-to-megapascal.htm,calc:psi-to-megapascal
,calculator,math,/significant-figures-counter-calculator/,significant figures counter,24354,91,calculatorsoup.com,4.255,http://www.calculatorsoup.com/calculators/math/significant-figures-counter.php,calc:significant-figures-counter
,value,conversions,/92-fahrenheit-to-celsius/,92 degf to degc,8110,0,widgetly.co,4.251,http://www.widgetly.co/convert/fahrenheit/92-fahrenheit-to-celsius,val:degf>degc:92
,calculator,everyday,/90-day-calculator/,90 day,16339,28,omnicalculator.com,4.25,http://www.omnicalculator.com/everyday-life/90-day,calc:90-day
,calculator,math,/diameter-to-radius-calculator/,diameter to radius,11335,3,omnicalculator.com,4.247,http://www.omnicalculator.com/math/diameter-to-radius,calc:diameter-to-radius
,calculator,math,/slope-intercept-form-calculator/,slope intercept form,23861,141,omnicalculator.com,4.246,http://www.omnicalculator.com/math/slope-intercept-form,calc:slope-intercept-form
,calculator,math,/rectangular-to-polar-calculator/,rectangular to polar,11309,8,omnicalculator.com,4.246,http://www.omnicalculator.com/math/rectangular-to-polar,calc:rectangular-to-polar
,calculator,math,/mixed-number-to-improper-fraction-calculator/,mixed number to improper fraction,23789,123,calculatorsoup.com,4.245,http://www.calculatorsoup.com/calculators/math/mixed-number-to-improper-fraction.php,calc:mixed-number-to-improper-fraction
,calculator,math,/3-8-as-percent-calculator/,3 8 as percent,11271,0,inchcalculator.com,4.245,http://www.inchcalculator.com/fraction-to-percent-calculator/3-8-as-a-percent/,calc:3-8-as-percent
,value,conversions,/175-cm-to-inches/,175 cm to in,7934,0,widgetly.co,4.241,http://www.widgetly.co/convert/175-cm-to-inches,val:cm>in:175
,value,conversions,/21-meters-to-feet/,21 m to ft,7912,0,rapidtables.com,4.24,http://www.rapidtables.com/convert/length/meter-to-feet.html?x=21,val:m>ft:21
,value,conversions,/46-cm-to-inches/,46 cm to in,7894,0,rapidtables.com,4.239,http://www.rapidtables.com/convert/length/cm-to-inch.html?x=46,val:cm>in:46
,calculator,math,/metric-ton-to-kilogram-calculator/,metric ton to kilogram,15891,26,inchcalculator.com,4.238,http://www.inchcalculator.com/convert/metric-ton-to-kilogram/,calc:metric-ton-to-kilogram
,value,conversions,/165-cm-to-feet/,165 cm to ft,7891,4,rapidtables.com,4.238,http://www.rapidtables.com/convert/length/cm-to-feet.html?x=165,val:cm>ft:165
,value,conversions,/14-cm-to-inches/,14 cm to in,7879,0,widgetly.co,4.238,http://www.widgetly.co/convert/14-cm-to-inches,val:cm>in:14
,converter,conversions,/cubic-feet-to-cubic-inches/,cuft to cuin,6666,4,inchcalculator.com,4.237,http://www.inchcalculator.com/convert/cubic-foot-to-cubic-inch/,conv:cuft>cuin
,calculator,math,/unit-rate-calculator/,unit rate,23258,184,calculatorsoup.com,4.236,http://www.calculatorsoup.com/calculators/math/unit-rate-calculator.php,calc:unit-rate
,calculator,science,/velocity-avg-calculator/,velocity avg,33493,45,calculatorsoup.com,4.235,http://www.calculatorsoup.com/calculators/physics/velocity_avg.php,calc:velocity-avg
,calculator,math,/matrix-calculator/,matrix,23179,200,calculator.net,4.234,http://www.calculator.net/matrix-calculator.html,calc:matrix
,calculator,time-date,/square-meter-to-square-centimeter-calculator/,square meter to square centimeter,8316,0,unitconverters.net,4.234,http://www.unitconverters.net/area/square-meter-to-square-centimeter.htm,calc:square-meter-to-square-centimeter
,value,conversions,/142-cm-to-feet/,142 cm to ft,7801,0,rapidtables.com,4.233,http://www.rapidtables.com/convert/length/cm-to-feet.html?x=142,val:cm>ft:142
,calculator,math,/squareroots-calculator/,squareroots,49097,215,calculatorsoup.com,4.232,http://www.calculatorsoup.com/calculators/algebra/squareroots.php,calc:squareroots
,value,conversions,/4-feet-7-inches-to-cm/,"4'7"" to cm",7758,0,inchcalculator.com,4.23,http://www.inchcalculator.com/height-converter/4ft-7in/,val:height:4ft7in>cm
,calculator,science,/kinetic-calculator/,kinetic,111768,228,calculatorsoup.com,4.225,http://www.calculatorsoup.com/calculators/physics/kinetic.php,calc:kinetic
,calculator,everyday,/milliamps-to-amps-calculator/,milliamps to amps,22664,82,unitconverters.net,4.225,http://www.unitconverters.net/current/milliamps-to-amps.htm,calc:milliamps-to-amps
,calculator,everyday,/rise-over-run-calculator/,rise over run,10775,8,inchcalculator.com,4.224,http://www.inchcalculator.com/rise-over-run-calculator/,calc:rise-over-run
,calculator,everyday,/birthday-calculator/,birthday,15349,16,omnicalculator.com thecalculatorsite.com,4.223,http://www.thecalculatorsite.com/misc/birthday-calculator.php,calc:birthday
,calculator,everyday,/height-ft-in-to-cm-calculator/,height ft in to cm,22464,128,calculatorsoup.com,4.221,http://www.calculatorsoup.com/calculators/conversions/height-ft-and-in-to-cm.php,calc:height-ft-in-to-cm
,converter,conversions,/volts-to-watts/,volt to w,12972,103,inchcalculator.com,4.22,http://www.inchcalculator.com/volts-to-watts-calculator/,conv:volt>w
,calculator,everyday,/sae-to-calculator/,sae to,10642,0,inchcalculator.com,4.219,http://www.inchcalculator.com/sae-to-metric-calculator/?sae=3/32,calc:sae-to
,calculator,math,/triangle-height-calculator/,triangle height,22330,100,omnicalculator.com,4.218,http://www.omnicalculator.com/math/triangle-height,calc:triangle-height
,value,conversions,/3-mm-to-inches/,3 mm to in,7559,2,rapidtables.com,4.218,http://www.rapidtables.com/convert/length/mm-to-inch.html?x=3,val:mm>in:3
,converter,conversions,/ml-to-cubic-meters/,ml to cum,6393,5,unitconverters.net,4.217,http://www.unitconverters.net/volume/milliliter-to-cubic-meter.htm,conv:ml>cum
,calculator,math,/percent-to-fraction-calculator/,percent to fraction,46992,229,calculatorsoup.com,4.215,http://www.calculatorsoup.com/calculators/math/percent-to-fraction-calculator.php,calc:percent-to-fraction
,converter,conversions,/watts-to-hp/,w to hp,8813,29,rapidtables.com unitconverters.net,4.21,http://www.unitconverters.net/power/watts-to-hp.htm,conv:w>hp
,calculator,everyday,/cup-flour-to-pound-flour-calculator/,cup flour to pound flour,14873,24,inchcalculator.com,4.209,http://www.inchcalculator.com/convert/cup-flour-to-pound-flour/,calc:cup-flour-to-pound-flour
,calculator,math,/area-hemisphere-calculator/,area hemisphere,10381,9,omnicalculator.com,4.207,http://www.omnicalculator.com/math/area-of-hemisphere,calc:area-hemisphere
,value,conversions,/9-mm-to-inches/,9 mm to in,7370,0,rapidtables.com,4.206,http://www.rapidtables.com/convert/length/mm-to-inch.html?x=9,val:mm>in:9
,calculator,math,/multiplication-calculator/,multiplication,21535,79,omnicalculator.com rapidtables.com,4.203,http://www.omnicalculator.com/math/multiplication,calc:multiplication
,value,conversions,/31-kg-to-lbs/,31 kg to lb,7304,0,rapidtables.com,4.202,http://www.rapidtables.com/convert/weight/kg-to-pound.html?x=31,val:kg>lb:31
,converter,conversions,/pints-to-grams/,pint to g,6201,1,inchcalculator.com,4.202,http://www.inchcalculator.com/convert/pint-to-gram/,conv:pint>g
,value,conversions,/2.5-inches-to-mm/,2.5 in to mm,7272,1,rapidtables.com,4.2,http://www.rapidtables.com/convert/length/inch-to-mm.html?x=2.5,val:in>mm:2.5
,value,conversions,/60-meters-to-feet/,60 m to ft,7229,0,rapidtables.com,4.197,http://www.rapidtables.com/convert/length/meter-to-feet.html?x=60,val:m>ft:60
,calculator,time-date,/second-to-nanosecond-calculator/,second to nanosecond,10835,26,unitconverters.net,4.196,http://www.unitconverters.net/time/second-to-nanosecond.htm,calc:second-to-nanosecond
,value,conversions,/31-cm-to-inches/,31 cm to in,7142,0,widgetly.co,4.191,http://www.widgetly.co/convert/31-cm-to-inches,val:cm>in:31
,value,conversions,/76-inches-to-feet/,76 in to ft,7137,3,rapidtables.com,4.191,http://www.rapidtables.com/convert/length/inch-to-feet.html?x=76,val:in>ft:76
,value,conversions,/11-mm-to-inches/,11 mm to in,7118,0,rapidtables.com,4.19,http://www.rapidtables.com/convert/length/mm-to-inch.html?x=11,val:mm>in:11
,calculator,math,/round-to-nearest-hundred-calculator/,round to nearest hundred,14209,12,omnicalculator.com,4.189,http://www.omnicalculator.com/math/round-to-the-nearest-hundred,calc:round-to-nearest-hundred
,value,conversions,/5000-meters-to-feet/,5000 m to ft,7064,0,rapidtables.com,4.186,http://www.rapidtables.com/convert/length/meter-to-feet.html?x=5000,val:m>ft:5000
,calculator,science,/weight-calculator/,weight,29578,46,calculator.net calculatorsoup.com omnicalculator.com thecalculatorsite.com,4.185,http://www.calculator.net/weight-calculator.html,calc:weight
,calculator,everyday,/shoe-size-calculator/,shoe size,14074,36,calculator.net,4.185,http://www.calculator.net/shoe-size-conversion.html,calc:shoe-size
,calculator,everyday,/grams-to-ml-calculator/,grams to ml,14062,17,gigacalculator.com,4.185,http://www.gigacalculator.com/converters/convert-grams-to-ml.php,calc:grams-to-ml
,calculator,math,/weighted-average-calculator/,weighted average,20582,196,rapidtables.com,4.184,http://www.rapidtables.com/calc/math/weighted-average-calculator.html,calc:weighted-average
,calculator,everyday,/finance-calculator/,finance,43118,490,calculator.net,4.181,http://www.calculator.net/finance-calculator.html,calc:finance
,calculator,everyday,/heightftcm-calculator/,heightftcm,43090,233,calculatorsoup.com,4.181,http://www.calculatorsoup.com/calculators/conversions/heightftcm.php,calc:heightftcm
,calculator,time-date,/kilometer-per-hour-to-mile-per-hour-calculator/,kilometer per hour to mile per hour,15185,83,inchcalculator.com,4.181,http://www.inchcalculator.com/convert/kilometer-per-hour-to-mile-per-hour/,calc:kilometer-per-hour-to-mile-per-hour
,calculator,everyday,/liter-to-centiliter-calculator/,liter to centiliter,9772,4,unitconverters.net,4.18,http://www.unitconverters.net/volume/liter-to-centiliter.htm,calc:liter-to-centiliter
,value,conversions,/91-cm-to-inches/,91 cm to in,6953,1,rapidtables.com,4.179,http://www.rapidtables.com/convert/length/cm-to-inch.html?x=91,val:cm>in:91
,calculator,math,/square-in-circle-calculator/,square in circle,13843,27,omnicalculator.com,4.178,http://www.omnicalculator.com/math/square-in-a-circle,calc:square-in-circle
,value,conversions,/3.8-kg-to-lbs/,3.8 kg to lb,6927,0,rapidtables.com,4.177,http://www.rapidtables.com/convert/weight/kg-to-pound.html?x=3.8,val:kg>lb:3.8
,calculator,everyday,/age-difference-calculator/,age difference,13788,37,omnicalculator.com thecalculatorsite.com,4.176,http://www.omnicalculator.com/everyday-life/age-difference,calc:age-difference
,calculator,math,/cone-surface-area-calculator/,cone surface area,13752,38,omnicalculator.com,4.175,http://www.omnicalculator.com/math/cone-surface-area,calc:cone-surface-area
,converter,conversions,/joules-to-calories/,j to kcal,8166,16,rapidtables.com,4.174,http://www.rapidtables.com/convert/energy/joule-to-kcal.html,conv:j>kcal
,calculator,time-date,/weeks-between-dates-calculator/,weeks between dates,7331,9,inchcalculator.com,4.174,http://www.inchcalculator.com/weeks-between-dates-calculator/,calc:weeks-between-dates
,calculator,math,/lowest-term-calculator/,lowest term,9624,3,omnicalculator.com,4.173,http://www.omnicalculator.com/math/lowest-term,calc:lowest-term
,value,conversions,/2-inches-to-cm/,2 in to cm,6848,1,rapidtables.com,4.171,http://www.rapidtables.com/convert/length/inch-to-cm.html?x=2,val:in>cm:2
,calculator,everyday,/microliter-to-liter-calculator/,microliter to liter,9570,9,unitconverters.net,4.17,http://www.unitconverters.net/volume/microliter-to-liter.htm,calc:microliter-to-liter
,converter,time-date,/days-to-hours/,day to hr,5134,11,inchcalculator.com,4.168,http://www.inchcalculator.com/convert/day-to-hour/,conv:day>hr
,value,conversions,/20-mm-to-inches/,20 mm to in,9531,11,rapidtables.com,4.167,http://www.rapidtables.com/convert/length/mm-to-inch.html?x=20,val:mm>in:20
,calculator,math,/expanded-form-calculator/,expanded form,19738,144,calculatorsoup.com,4.166,http://www.calculatorsoup.com/calculators/math/expanded-form-calculator.php,calc:expanded-form
,calculator,everyday,/lbs-to-pounds-calculator/,lbs to pounds,13422,50,omnicalculator.com,4.164,http://www.omnicalculator.com/conversion/lbs-to-pounds,calc:lbs-to-pounds
,calculator,math,/ln-infinity-calculator/,ln infinity,13293,20,rapidtables.com,4.16,http://www.rapidtables.com/math/algebra/ln/Ln_of_Infinity.html,calc:ln-infinity
,calculator,math,/round-to-nearest-tenth-calculator/,round to nearest tenth,9359,5,omnicalculator.com,4.16,http://www.omnicalculator.com/math/round-to-the-nearest-tenth,calc:round-to-nearest-tenth
,value,conversions,/100-cm-to-inches/,100 cm to in,6664,2,rapidtables.com,4.159,http://www.rapidtables.com/convert/length/cm-to-inch.html?x=100,val:cm>in:100
,calculator,time-date,/roman-numeral-date-calculator/,roman numeral date,29517,220,calculatorsoup.com,4.157,http://www.calculatorsoup.com/calculators/conversions/roman-numeral-date-converter.php,calc:roman-numeral-date
,calculator,math,/decimal-to-hex-calculator/,decimal to hex,40449,544,rapidtables.com,4.156,http://www.rapidtables.com/convert/number/decimal-to-hex.html,calc:decimal-to-hex
,calculator,everyday,/inch-calculator/,inch,13166,11,omnicalculator.com,4.156,http://www.omnicalculator.com/conversion/inch-converter,calc:inch
,calculator,everyday,/nanometer-to-millimeter-calculator/,nanometer to millimeter,13052,33,unitconverters.net,4.152,http://www.unitconverters.net/length/nanometer-to-millimeter.htm,calc:nanometer-to-millimeter
,calculator,math,/acre-to-square-kilometer-calculator/,acre to square kilometer,9199,0,unitconverters.net,4.152,http://www.unitconverters.net/area/acre-to-square-kilometer.htm,calc:acre-to-square-kilometer
,calculator,math,/vector-magnitude-calculator/,vector magnitude,9198,5,omnicalculator.com,4.152,http://www.omnicalculator.com/math/vector-magnitude,calc:vector-magnitude
,calculator,math,/hex-to-binary-calculator/,hex to binary,19023,169,rapidtables.com,4.151,http://www.rapidtables.com/convert/number/hex-to-binary.html,calc:hex-to-binary
,calculator,science,/pound-force-to-kilonewton-calculator/,pound force to kilonewton,18576,0,unitconverters.net,4.149,http://www.unitconverters.net/force/pound-force-to-kilonewton.htm,calc:pound-force-to-kilonewton
,calculator,everyday,/millimeter-to-nanometer-calculator/,millimeter to nanometer,12952,26,unitconverters.net,4.149,http://www.unitconverters.net/length/millimeter-to-nanometer.htm,calc:millimeter-to-nanometer
,value,conversions,/1.6-meters-to-feet/,1.6 m to ft,6513,1,rapidtables.com,4.148,http://www.rapidtables.com/convert/length/meter-to-feet.html?x=1.6,val:m>ft:1.6
,converter,conversions,/gallons-to-tsp/,gal to tsp,5536,0,inchcalculator.com,4.148,http://www.inchcalculator.com/convert/gallon-to-teaspoon/,conv:gal>tsp
,calculator,everyday,/kbps-to-mbps-calculator/,kbps to mbps,18866,55,gigacalculator.com unitconverters.net,4.147,http://www.unitconverters.net/data-transfer/kbps-to-mbps.htm,calc:kbps-to-mbps
,calculator,math,/standard-form-calculator/,standard form,18814,158,calculatorsoup.com,4.146,http://www.calculatorsoup.com/calculators/math/standard-form-calculator.php,calc:standard-form
,calculator,everyday,/mil-to-inch-calculator/,mil to inch,9076,4,omnicalculator.com,4.146,http://www.omnicalculator.com/conversion/mil-to-inch-conversion,calc:mil-to-inch
,converter,conversions,/micrometers-to-inches/,um to in,7661,26,unitconverters.net,4.145,http://www.unitconverters.net/length/micron-to-inch.htm,conv:um>in
,converter,conversions,/cubic-feet-to-lbs/,cuft to lb,5448,5,omnicalculator.com,4.14,http://www.omnicalculator.com/conversion/cubic-feet-to-pounds,conv:cuft>lb
,value,conversions,/1.82-meters-to-feet-and-inches/,1.82 m to ftin,6377,1,rapidtables.com,4.138,http://www.rapidtables.com/convert/length/meter-to-feet-inch.html?x=1.82,val:m>ftin:1.82
,value,conversions,/120-meters-to-feet/,120 m to ft,6372,0,rapidtables.com,4.137,http://www.rapidtables.com/convert/length/meter-to-feet.html?x=120,val:m>ft:120
,calculator,math,/statistics-calculator/,statistics,18356,146,calculator.net calculatorsoup.com,4.136,http://www.calculator.net/statistics-calculator.html,calc:statistics
,value,conversions,/1-inches-to-mm/,1 in to mm,6293,0,rapidtables.com,4.131,http://www.rapidtables.com/convert/length/inch-to-mm.html?x=1,val:in>mm:1
,value,conversions,/84-cm-to-inches/,84 cm to in,6276,0,widgetly.co,4.13,http://www.widgetly.co/convert/84-cm-to-inches,val:cm>in:84
,calculator,everyday,/micrometer-to-nanometer-calculator/,micrometer to nanometer,12376,21,unitconverters.net,4.129,http://www.unitconverters.net/length/micrometer-to-nanometer.htm,calc:micrometer-to-nanometer
,calculator,math,/significant-figures-rounding-calculator/,significant figures rounding,18004,121,calculatorsoup.com,4.128,http://www.calculatorsoup.com/calculators/math/significant-figures-rounding.php,calc:significant-figures-rounding
,value,conversions,/13-mm-to-inches/,13 mm to in,6235,0,rapidtables.com,4.127,http://www.rapidtables.com/convert/length/mm-to-inch.html?x=13,val:mm>in:13
,calculator,everyday,/gb-to-tb-calculator/,gb to tb,12311,47,gigacalculator.com,4.126,http://www.gigacalculator.com/converters/convert-gb-to-tb.php,calc:gb-to-tb
,calculator,everyday,/gallon-to-barrel-oil-calculator/,gallon to barrel oil,8682,9,unitconverters.net,4.126,http://www.unitconverters.net/volume/gallon-us-to-barrel-oil.htm,calc:gallon-to-barrel-oil
,value,conversions,/500-meters-to-feet/,500 m to ft,6170,0,rapidtables.com,4.122,http://www.rapidtables.com/convert/length/meter-to-feet.html?x=500,val:m>ft:500
,calculator,everyday,/ft-to-m-feet-to-meters-calculator/,ft to m feet to meters,12131,43,gigacalculator.com,4.12,http://www.gigacalculator.com/converters/convert-ft-to-m-feet-to-meters.php,calc:ft-to-m-feet-to-meters
,converter,conversions,/lbs-to-psi/,lb to psi,7270,13,omnicalculator.com,4.12,http://www.omnicalculator.com/conversion/lbs-to-psi,conv:lb>psi
,calculator,math,/prime-factors-calculator/,prime factors,36848,204,calculatorsoup.com,4.119,http://www.calculatorsoup.com/calculators/math/prime-factors.php,calc:prime-factors
,calculator,math,/ratios-calculator/,ratios,36840,376,calculatorsoup.com,4.119,http://www.calculatorsoup.com/calculators/math/ratios.php,calc:ratios
,calculator,time-date,/mileage-calculator/,mileage,26781,380,calculator.net,4.118,http://www.calculator.net/mileage-calculator.html,calc:mileage
,calculator,everyday,/kcal-to-cal-calculator/,kcal to cal,12067,38,unitconverters.net,4.118,http://www.unitconverters.net/energy/kcal-to-cal.htm,calc:kcal-to-cal
,value,conversions,/350-fahrenheit-to-celsius/,350 degf to degc,12243,55,rapidtables.com,4.117,http://www.rapidtables.com/convert/temperature/350-fahrenheit-to-celsius.html,val:degf>degc:350
,value,conversions,/1.6-kg-to-lbs/,1.6 kg to lb,6108,1,rapidtables.com,4.117,http://www.rapidtables.com/convert/weight/kg-to-pound.html?x=1.6,val:kg>lb:1.6
,calculator,science,/impulse-calculator/,impulse,24964,28,calculatorsoup.com,4.116,http://www.calculatorsoup.com/calculators/physics/impulse.php,calc:impulse
,calculator,math,/adding-subtracting-integers-calculator/,adding subtracting integers,17520,193,calculatorsoup.com,4.116,http://www.calculatorsoup.com/calculators/math/adding-and-subtracting-integers-calculator.php,calc:adding-subtracting-integers
,value,conversions,/125-cm-to-feet-and-inches/,125 cm to feet and inches,6045,0,inchcalculator.com,4.112,http://www.inchcalculator.com/height-converter/125cm/,val:height:125cm>ftin
,calculator,science,/kw-to-amp-calculator/,kw to amp,36882,151,rapidtables.com,4.11,http://www.rapidtables.com/calc/electric/kW_to_Amp_Calculator.html,calc:kw-to-amp
,calculator,science,/average-atomic-mass-calculator/,average atomic mass,24616,16,omnicalculator.com,4.11,http://www.omnicalculator.com/chemistry/average-atomic-mass,calc:average-atomic-mass
,calculator,science,/wave-speed-calculator/,wave speed,24570,16,omnicalculator.com,4.109,http://www.omnicalculator.com/physics/wave-speed,calc:wave-speed
,value,conversions,/5-mm-to-inches/,5 mm to in,5998,4,rapidtables.com,4.109,http://www.rapidtables.com/convert/length/mm-to-inch.html?x=5,val:mm>in:5
,value,conversions,/4-miles-to-km/,4 mi to km,5976,10,rapidtables.com,4.107,http://www.rapidtables.com/convert/length/mile-to-km.html?x=4,val:mi>km:4
,calculator,math,/ascii-to-binary-calculator/,ascii to binary,35554,321,rapidtables.com,4.105,http://www.rapidtables.com/convert/number/ascii-to-binary.html,calc:ascii-to-binary
,calculator,math,/triangle-perimeter-calculator/,triangle perimeter,11715,21,omnicalculator.com,4.105,http://www.omnicalculator.com/math/triangle-perimeter,calc:triangle-perimeter
,calculator,math,/cos-inverse-calculator/,cos inverse,8295,4,omnicalculator.com,4.105,http://www.omnicalculator.com/math/cos-inverse,calc:cos-inverse
,calculator,science,/mass-calculator/,mass,36272,80,calculator.net,4.104,http://www.calculator.net/mass-calculator.html,calc:mass
,calculator,math,/area-trapezoid-calculator/,area trapezoid,17037,88,omnicalculator.com,4.104,http://www.omnicalculator.com/math/area-of-a-trapezoid,calc:area-trapezoid
,calculator,time-date,/nanosecond-to-second-calculator/,nanosecond to second,8820,25,unitconverters.net,4.103,http://www.unitconverters.net/time/nanosecond-to-second.htm,calc:nanosecond-to-second
,calculator,everyday,/millibar-to-psi-calculator/,millibar to psi,11635,26,unitconverters.net,4.102,http://www.unitconverters.net/pressure/millibar-to-psi.htm,calc:millibar-to-psi
,calculator,science,/pound-force-inch-to-newton-meter-calculator/,pound force inch to newton meter,16564,3,unitconverters.net,4.101,http://www.unitconverters.net/torque/pound-force-inch-to-newton-meter.htm,calc:pound-force-inch-to-newton-meter
,calculator,math,/from-pound-per-square-inch-calculator/,from pound per square inch,11612,11,inchcalculator.com,4.101,http://www.inchcalculator.com/convert/from-pound-per-square-inch/,calc:from-pound-per-square-inch
,value,conversions,/89-fahrenheit-to-celsius/,89 degf to degc,5894,0,widgetly.co,4.101,http://www.widgetly.co/convert/fahrenheit/89-fahrenheit-to-celsius,val:degf>degc:89
,calculator,math,/vertex-form-calculator/,vertex form,16850,58,omnicalculator.com,4.1,http://www.omnicalculator.com/math/vertex-form,calc:vertex-form
,value,conversions,/1500-meters-to-feet/,1500 m to ft,5888,1,rapidtables.com,4.1,http://www.rapidtables.com/convert/length/meter-to-feet.html?x=1500,val:m>ft:1500
,calculator,science,/acceleration-calculator/,acceleration,78820,292,omnicalculator.com,4.098,http://www.omnicalculator.com/physics/acceleration,calc:acceleration
,calculator,time-date,/decimal-to-time-calculator/,decimal to time,12527,187,calculatorsoup.com,4.098,http://www.calculatorsoup.com/calculators/time/decimal-to-time-calculator.php,calc:decimal-to-time
,calculator,math,/inverse-sine-calculator/,inverse sine,8167,4,omnicalculator.com,4.098,http://www.omnicalculator.com/math/inverse-sine,calc:inverse-sine
,value,conversions,/2500-meters-to-miles/,2500 m to mi,5867,0,rapidtables.com,4.098,http://www.rapidtables.com/convert/length/meter-to-mile.html?x=2500,val:m>mi:2500
,calculator,time-date,/add-times-calculator/,add times,8690,20,inchcalculator.com,4.097,http://www.inchcalculator.com/add-times-calculator/,calc:add-times
,calculator,everyday,/centigram-to-gram-calculator/,centigram to gram,8148,7,unitconverters.net,4.097,http://www.unitconverters.net/weight-and-mass/centigram-to-gram.htm,calc:centigram-to-gram
,calculator,everyday,/acre-foot-to-gallon-calculator/,acre foot to gallon,8135,6,unitconverters.net,4.096,http://www.unitconverters.net/volume/acre-foot-to-gallon-us.htm,calc:acre-foot-to-gallon
,value,conversions,/600-meters-to-miles/,600 m to mi,5838,0,rapidtables.com,4.096,http://www.rapidtables.com/convert/length/meter-to-mile.html?x=600,val:m>mi:600
,calculator,science,/pressure-calculator/,pressure,16304,5,calculatorsoup.com unitconverters.net,4.094,http://www.unitconverters.net/pressure-converter.html,calc:pressure
,calculator,math,/average-percentage-calculator/,average percentage,16569,88,omnicalculator.com,4.093,http://www.omnicalculator.com/math/average-percentage,calc:average-percentage
,calculator,everyday,/megajoule-to-joule-calculator/,megajoule to joule,8076,7,unitconverters.net,4.093,http://www.unitconverters.net/energy/megajoule-to-joule.htm,calc:megajoule-to-joule
,calculator,everyday,/megaw-to-kw-calculator/,megaw to kw,11292,30,rapidtables.com,4.088,http://www.rapidtables.com/convert/power/megaw-to-kw.html,calc:megaw-to-kw
,calculator,science,/mph-to-feet-per-second-calculator/,mph to feet per second,23235,26,unitconverters.net,4.087,http://www.unitconverters.net/speed/mph-to-feet-per-second.htm,calc:mph-to-feet-per-second
,calculator,time-date,/how-old-am-i-calculator/,how old am i,6078,3,calculatorsoup.com,4.086,http://www.calculatorsoup.com/calculators/time/how-old-am-i.php,calc:how-old-am-i
,calculator,everyday,/byte-to-megabit-calculator/,byte to megabit,7929,1,unitconverters.net,4.085,http://www.unitconverters.net/data-storage/byte-to-megabit.htm,calc:byte-to-megabit
,calculator,math,/octagon-calculator/,octagon,16207,127,omnicalculator.com,4.083,http://www.omnicalculator.com/math/octagon,calc:octagon
,calculator,everyday,/gram-flour-to-cup-flour-calculator/,gram flour to cup flour,16150,58,inchcalculator.com,4.082,http://www.inchcalculator.com/convert/gram-flour-to-cup-flour/,calc:gram-flour-to-cup-flour
,calculator,time-date,/mach-to-mile-per-hour-calculator/,mach to mile per hour,8396,34,inchcalculator.com,4.081,http://www.inchcalculator.com/convert/mach-to-mile-per-hour/,calc:mach-to-mile-per-hour
,calculator,everyday,/gram-to-centigram-calculator/,gram to centigram,11075,11,unitconverters.net,4.08,http://www.unitconverters.net/weight-and-mass/gram-to-centigram.htm,calc:gram-to-centigram
,value,conversions,/38-celsius-to-fahrenheit/,38 degc to degf,5649,0,widgetly.co,4.08,http://www.widgetly.co/convert/celsius/38-celsius-to-fahrenheit,val:degc>degf:38
,calculator,math,/binary-calculator/,binary,33160,435,calculator.net,4.078,http://www.calculator.net/binary-calculator.html,calc:binary
,value,conversions,/21-mm-to-inches/,21 mm to in,5607,0,rapidtables.com,4.077,http://www.rapidtables.com/convert/length/mm-to-inch.html?x=21,val:mm>in:21
,converter,conversions,/kg-to-cups/,kg to cup,4746,10,inchcalculator.com,4.074,http://www.inchcalculator.com/convert/kilogram-to-cup/,conv:kg>cup
,calculator,everyday,/barrel-to-gallon-calculator/,barrel to gallon,10843,19,unitconverters.net,4.071,http://www.unitconverters.net/volume/barrel-us-to-gallon-us.htm,calc:barrel-to-gallon
,calculator,everyday,/30-day-calculator/,30 day,7691,6,omnicalculator.com,4.071,http://www.omnicalculator.com/everyday-life/30-day,calc:30-day
,value,conversions,/14-mm-to-inches/,14 mm to in,5523,0,rapidtables.com,4.07,http://www.rapidtables.com/convert/length/mm-to-inch.html?x=14,val:mm>in:14
,value,conversions,/69-fahrenheit-to-celsius/,69 degf to degc,5509,0,widgetly.co,4.069,http://www.widgetly.co/convert/fahrenheit/69-fahrenheit-to-celsius,val:degf>degc:69
,calculator,math,/surface-area-triangular-prism-calculator/,surface area triangular prism,10665,34,omnicalculator.com,4.063,http://www.omnicalculator.com/math/surface-area-of-a-triangular-prism,calc:surface-area-triangular-prism
,calculator,everyday,/pound-flour-to-cup-flour-calculator/,pound flour to cup flour,10659,11,inchcalculator.com,4.063,http://www.inchcalculator.com/convert/pound-flour-to-cup-flour/,calc:pound-flour-to-cup-flour
,calculator,everyday,/deciliter-to-milliliter-calculator/,deciliter to milliliter,10606,44,unitconverters.net,4.061,http://www.unitconverters.net/volume/deciliter-to-milliliter.htm,calc:deciliter-to-milliliter
,value,conversions,/6-feet-9-inches-to-cm/,"6'9"" to cm",5400,1,inchcalculator.com,4.059,http://www.inchcalculator.com/height-converter/6ft-9in/,val:height:6ft9in>cm
,converter,conversions,/kg-to-ml/,kg to ml,6319,15,inchcalculator.com omnicalculator.com,4.055,http://www.omnicalculator.com/conversion/kg-to-ml,conv:kg>ml
,calculator,everyday,/nanometer-to-micrometer-calculator/,nanometer to micrometer,10431,28,unitconverters.net,4.054,http://www.unitconverters.net/length/nanometer-to-micrometer.htm,calc:nanometer-to-micrometer
,calculator,everyday,/centiliter-to-milliliter-calculator/,centiliter to milliliter,7411,1,unitconverters.net,4.054,http://www.unitconverters.net/volume/centiliter-to-milliliter.htm,calc:centiliter-to-milliliter
,calculator,math,/square-kilometer-to-square-mile-calculator/,square kilometer to square mile,7410,1,unitconverters.net,4.054,http://www.unitconverters.net/area/square-kilometer-to-square-mile.htm,calc:square-kilometer-to-square-mile
,converter,conversions,/kg-to-stone/,kg to st,6294,14,inchcalculator.com omnicalculator.com,4.054,http://www.inchcalculator.com/convert/kilogram-to-stone/,conv:kg>st
,calculator,everyday,/ounce-butter-to-tablespoon-butter-calculator/,ounce butter to tablespoon butter,7385,8,inchcalculator.com,4.052,http://www.inchcalculator.com/convert/ounce-butter-to-tablespoon-butter/,calc:ounce-butter-to-tablespoon-butter
,calculator,math,/2-5-as-percent-calculator/,2 5 as percent,7362,0,inchcalculator.com,4.051,http://www.inchcalculator.com/fraction-to-percent-calculator/2-5-as-a-percent/,calc:2-5-as-percent
,value,conversions,/5-inches-to-mm/,5 in to mm,5311,0,rapidtables.com,4.051,http://www.rapidtables.com/convert/length/inch-to-mm.html?x=5,val:in>mm:5
,value,conversions,/3000-meters-to-miles/,3000 m to mi,5306,0,rapidtables.com,4.051,http://www.rapidtables.com/convert/length/meter-to-mile.html?x=3000,val:m>mi:3000
,converter,conversions,/lbs-to-mg/,lb to mg,4484,2,inchcalculator.com,4.046,http://www.inchcalculator.com/convert/pound-to-milligram/,conv:lb>mg
,calculator,science,/mole-calculator/,mole,30957,82,omnicalculator.com,4.042,http://www.omnicalculator.com/chemistry/mole,calc:mole
,calculator,everyday,/nanocoulomb-to-coulomb-calculator/,nanocoulomb to coulomb,10139,21,rapidtables.com,4.041,http://www.rapidtables.com/convert/charge/nanocoulomb-to-coulomb.html,calc:nanocoulomb-to-coulomb
,value,conversions,/4-feet-7-inches-to-inches/,"4'7"" to inches",5195,0,inchcalculator.com,4.041,http://www.inchcalculator.com/height-converter/4ft-7in-to-inches/,val:height:4ft7in>inches
,converter,conversions,/psi-to-atm/,psi to atm,4413,4,omnicalculator.com,4.039,http://www.omnicalculator.com/conversion/psi-to-atm-conversion,conv:psi>atm
,calculator,math,/percentile-calculator/,percentile,14557,191,calculatorsoup.com,4.038,http://www.calculatorsoup.com/calculators/statistics/percentile-calculator.php,calc:percentile
,value,conversions,/19-celsius-to-fahrenheit/,19 degc to degf,5165,0,widgetly.co,4.038,http://www.widgetly.co/convert/celsius/19-celsius-to-fahrenheit,val:degc>degf:19
,calculator,math,/sample-size-calculator/,sample size,29787,600,calculator.net,4.036,http://www.calculator.net/sample-size-calculator.html,calc:sample-size
,calculator,everyday,/idr-to-usd-calculator/,idr to usd,14485,80,unitconverters.net,4.036,http://www.unitconverters.net/currency/idr-to-usd.htm,calc:idr-to-usd
,calculator,everyday,/mv-to-volt-calculator/,mv to volt,14420,55,rapidtables.com,4.034,http://www.rapidtables.com/convert/voltage/mv-to-volt.html,calc:mv-to-volt
,calculator,math,/remainder-calculator/,remainder,29521,291,omnicalculator.com,4.033,http://www.omnicalculator.com/math/remainder,calc:remainder
,calculator,everyday,/bytes-to-mb-calculator/,bytes to mb,14359,62,gigacalculator.com,4.032,http://www.gigacalculator.com/converters/convert-bytes-to-mb.php,calc:bytes-to-mb
,calculator,everyday,/electricity-calculator/,electricity,29437,303,calculator.net,4.031,http://www.calculator.net/electricity-calculator.html,calc:electricity
,calculator,math,/cross-multiplication-calculator/,cross multiplication,7007,6,omnicalculator.com,4.029,http://www.omnicalculator.com/math/cross-multiplication,calc:cross-multiplication
,calculator,everyday,/microcoulomb-to-coulomb-calculator/,microcoulomb to coulomb,9823,28,rapidtables.com,4.027,http://www.rapidtables.com/convert/charge/microcoulomb-to-coulomb.html,calc:microcoulomb-to-coulomb
,calculator,time-date,/square-meters-to-square-centimeters-calculator/,square meters to square centimeters,7444,41,thecalculatorsite.com,4.027,http://www.thecalculatorsite.com/conversions/area/square-meters-to-square-centimeters.php,calc:square-meters-to-square-centimeters
,calculator,everyday,/ppi-calculator/,ppi,28840,322,calculatorsoup.com,4.023,http://www.calculatorsoup.com/calculators/technology/ppi-calculator.php,calc:ppi
,converter,conversions,/calories-to-joules/,kcal to j,5894,28,rapidtables.com,4.023,http://www.rapidtables.com/convert/energy/kcal-to-joule.html,conv:kcal>j
,calculator,everyday,/mb-to-mbps-calculator/,mb to mbps,14005,74,gigacalculator.com,4.022,http://www.gigacalculator.com/converters/convert-mb-to-mbps.php,calc:mb-to-mbps
,calculator,everyday,/tbsp-to-grams-calculator/,tbsp to grams,9700,16,gigacalculator.com,4.022,http://www.gigacalculator.com/converters/convert-tbsp-to-grams.php,calc:tbsp-to-grams
,calculator,time-date,/day-week-calculator/,day week,20989,220,calculator.net,4.019,http://www.calculator.net/day-of-the-week-calculator.html,calc:day-week
,calculator,math,/pascal-to-standard-atmosphere-calculator/,pascal to standard atmosphere,6829,7,unitconverters.net,4.017,http://www.unitconverters.net/pressure/pascal-to-standard-atmosphere.htm,calc:pascal-to-standard-atmosphere
,calculator,everyday,/cubic-millimeter-to-liter-calculator/,cubic millimeter to liter,6828,5,unitconverters.net,4.017,http://www.unitconverters.net/volume/cubic-millimeter-to-liter.htm,calc:cubic-millimeter-to-liter
,converter,conversions,/cubic-inches-to-oz/,cuin to oz,4203,4,inchcalculator.com,4.015,http://www.inchcalculator.com/convert/cubic-inch-to-fluid-ounce/,conv:cuin>oz
,calculator,math,/radius-sphere-calculator/,radius sphere,9519,32,omnicalculator.com,4.014,http://www.omnicalculator.com/math/radius-of-sphere,calc:radius-sphere
,calculator,everyday,/amps-to-milliamps-calculator/,amps to milliamps,13713,59,unitconverters.net,4.013,http://www.unitconverters.net/current/amps-to-milliamps.htm,calc:amps-to-milliamps
,value,conversions,/162-cm-to-feet/,162 cm to ft,4882,3,rapidtables.com,4.012,http://www.rapidtables.com/convert/length/cm-to-feet.html?x=162,val:cm>ft:162
,value,conversions,/206-lbs-to-kg/,206 lb to kg,4866,0,rapidtables.com,4.01,http://www.rapidtables.com/convert/weight/pound-to-kg.html?x=206,val:lb>kg:206
,calculator,math,/exponent-calculator/,exponent,27774,266,calculator.net calculatorsoup.com,4.009,http://www.calculator.net/exponent-calculator.html,calc:exponent
,calculator,math,/difference-two-squares-calculator/,difference two squares,9424,48,calculatorsoup.com,4.009,http://www.calculatorsoup.com/calculators/algebra/difference-of-two-squares-calculator.php,calc:difference-two-squares
,calculator,math,/standard-atmosphere-to-psi-calculator/,standard atmosphere to psi,6703,4,unitconverters.net,4.008,http://www.unitconverters.net/pressure/standard-atmosphere-to-psi.htm,calc:standard-atmosphere-to-psi
,calculator,math,/inch-fraction-calculator/,inch fraction,27587,255,inchcalculator.com,4.006,http://www.inchcalculator.com/inch-fraction-calculator/,calc:inch-fraction
,calculator,everyday,/meter-to-decimeter-calculator/,meter to decimeter,6638,3,unitconverters.net,4.004,http://www.unitconverters.net/length/meter-to-decimeter.htm,calc:meter-to-decimeter
,calculator,everyday,/pascal-to-megapascal-calculator/,pascal to megapascal,9298,16,unitconverters.net,4.003,http://www.unitconverters.net/pressure/pascal-to-megapascal.htm,calc:pascal-to-megapascal
,value,conversions,/1000-feet-to-miles/,1000 ft to mi,4783,0,rapidtables.com,4.002,http://www.rapidtables.com/convert/length/feet-to-mile.html?x=1000,val:ft>mi:1000
,calculator,everyday,/liter-to-microliter-calculator/,liter to microliter,6592,6,unitconverters.net,4.001,http://www.unitconverters.net/volume/liter-to-microliter.htm,calc:liter-to-microliter
,converter,conversions,/cubic-inches-to-quarts/,cuin to qt,4082,3,inchcalculator.com,4.001,http://www.inchcalculator.com/convert/cubic-inch-to-quart/,conv:cuin>qt
,value,conversions,/230-fahrenheit-to-celsius/,230 degf to degc,4765,0,widgetly.co,4.0,http://www.widgetly.co/convert/fahrenheit/230-fahrenheit-to-celsius,val:degf>degc:230
,value,conversions,/7-mm-to-inches/,7 mm to in,4757,3,rapidtables.com,3.999,http://www.rapidtables.com/convert/length/mm-to-inch.html?x=7,val:mm>in:7
,calculator,math,/percent-error-calculator/,percent error,13216,125,calculator.net calculatorsoup.com,3.997,http://www.calculator.net/percent-error-calculator.html,calc:percent-error
,calculator,everyday,/ml-to-cups-calculator/,ml to cups,6533,4,gigacalculator.com,3.997,http://www.gigacalculator.com/converters/convert-ml-to-cups.php,calc:ml-to-cups
,value,conversions,/28-cm-to-inches/,28 cm to in,4733,0,widgetly.co,3.997,http://www.widgetly.co/convert/28-cm-to-inches,val:cm>in:28
,calculator,everyday,/month-counter-calculator/,month counter,9077,32,gigacalculator.com omnicalculator.com,3.993,http://www.omnicalculator.com/everyday-life/month-counter,calc:month-counter
,calculator,everyday,/6-month-calculator/,6 month,9071,15,omnicalculator.com,3.992,http://www.omnicalculator.com/everyday-life/6-month,calc:6-month
,calculator,everyday,/graduation-year-calculator/,graduation year,6446,1,omnicalculator.com,3.991,http://www.omnicalculator.com/other/graduation-year,calc:graduation-year
,calculator,everyday,/cup-butter-to-ounce-butter-calculator/,cup butter to ounce butter,6423,3,inchcalculator.com,3.989,http://www.inchcalculator.com/convert/cup-butter-to-ounce-butter/,calc:cup-butter-to-ounce-butter
,calculator,science,/elastic-potential-calculator/,elastic potential,12643,9,calculatorsoup.com,3.987,http://www.calculatorsoup.com/calculators/physics/elastic-potential.php,calc:elastic-potential
,calculator,everyday,/millibar-to-pascal-calculator/,millibar to pascal,6388,10,unitconverters.net,3.987,http://www.unitconverters.net/pressure/millibar-to-pascal.htm,calc:millibar-to-pascal
,calculator,time-date,/cm-to-mm-centimeters-to-millimeters-calculator/,cm to mm centimeters to millimeters,4920,10,gigacalculator.com,3.987,http://www.gigacalculator.com/converters/convert-cm-to-mm-centimeters-to-millimeters.php,calc:cm-to-mm-centimeters-to-millimeters
,calculator,science,/amp-to-kw-calculator/,amp to kw,26348,149,rapidtables.com,3.979,http://www.rapidtables.com/calc/electric/Amp_to_kW_Calculator.html,calc:amp-to-kw
,converter,conversions,/kpa-to-mmhg/,kpa to mmhg,3898,5,omnicalculator.com,3.979,http://www.omnicalculator.com/conversion/kpa-to-mmhg-conversion,conv:kpa>mmhg
,calculator,math,/intersection-two-lines-calculator/,intersection two lines,6272,9,omnicalculator.com,3.978,http://www.omnicalculator.com/math/intersection-of-two-lines,calc:intersection-two-lines
,calculator,everyday,/price-per-unit-calculator/,price per unit,6233,9,omnicalculator.com,3.975,http://www.omnicalculator.com/everyday-life/price-per-unit,calc:price-per-unit
,calculator,time-date,/subtract-times-calculator/,subtract times,4789,6,inchcalculator.com,3.975,http://www.inchcalculator.com/subtract-times-calculator/,calc:subtract-times
,calculator,science,/force-newton-to-pound-force-calculator/,force newton to pound force,17614,23,inchcalculator.com,3.974,http://www.inchcalculator.com/convert/force-newton-to-pound-force/,calc:force-newton-to-pound-force
,value,conversions,/4-feet-4-inches-to-cm/,"4'4"" to cm",4506,1,inchcalculator.com,3.974,http://www.inchcalculator.com/height-converter/4ft-4in/,val:height:4ft4in>cm
,calculator,everyday,/currency-calculator/,currency,25296,626,calculator.net,3.972,http://www.calculator.net/currency-calculator.html,calc:currency
,calculator,everyday,/years-between-dates-calculator/,years between dates,8658,37,omnicalculator.com,3.972,http://www.omnicalculator.com/everyday-life/years-between-dates,calc:years-between-dates
,converter,conversions,/gallons-to-grams/,gal to g,3841,5,omnicalculator.com,3.972,http://www.omnicalculator.com/conversion/gallons-to-grams,conv:gal>g
,calculator,everyday,/desk-height-calculator/,desk height,12416,198,omnicalculator.com,3.971,http://www.omnicalculator.com/everyday-life/desk-height,calc:desk-height
,calculator,everyday,/liter-to-kiloliter-calculator/,liter to kiloliter,8610,32,unitconverters.net,3.97,http://www.unitconverters.net/volume/liter-to-kiloliter.htm,calc:liter-to-kiloliter
,calculator,everyday,/nanogram-to-milligram-calculator/,nanogram to milligram,6140,3,unitconverters.net,3.968,http://www.unitconverters.net/weight-and-mass/nanogram-to-milligram.htm,calc:nanogram-to-milligram
,calculator,everyday,/love-calculator/,love,24734,273,calculator.net,3.963,http://www.calculator.net/love-calculator.html,calc:love
,calculator,math,/surface-area-volume-ratio-calculator/,surface area volume ratio,8481,17,omnicalculator.com,3.963,http://www.omnicalculator.com/math/surface-area-volume-ratio,calc:surface-area-volume-ratio
,calculator,everyday,/bar-to-pascal-calculator/,bar to pascal,8421,27,unitconverters.net,3.96,http://www.unitconverters.net/pressure/bar-to-pascal.htm,calc:bar-to-pascal
,calculator,time-date,/mile-per-hour-to-kilometer-per-hour-calculator/,mile per hour to kilometer per hour,9104,65,inchcalculator.com,3.959,http://www.inchcalculator.com/convert/mile-per-hour-to-kilometer-per-hour/,calc:mile-per-hour-to-kilometer-per-hour
,calculator,everyday,/meters-to-miles-calculator/,meters to miles,8413,12,gigacalculator.com,3.959,http://www.gigacalculator.com/converters/convert-meters-to-miles.php,calc:meters-to-miles
,calculator,everyday,/winning-percentage-calculator/,winning percentage,24409,310,omnicalculator.com,3.958,http://www.omnicalculator.com/sports/winning-percentage,calc:winning-percentage
,calculator,science,/friction-calculator/,friction,16824,14,calculatorsoup.com omnicalculator.com,3.955,http://www.calculatorsoup.com/calculators/physics/friction.php,calc:friction
,calculator,everyday,/joules-to-kilojoules-j-to-kj-calculator/,joules to kilojoules j to kj,5964,8,gigacalculator.com,3.955,http://www.gigacalculator.com/converters/convert-joules-to-kilojoules-j-to-kj.php,calc:joules-to-kilojoules-j-to-kj
,value,conversions,/6-feet-10-inches-to-cm/,"6'10"" to cm",4331,0,inchcalculator.com,3.955,http://www.inchcalculator.com/height-converter/6ft-10in/,val:height:6ft10in>cm
,calculator,everyday,/ppm-to-mgl-calculator/,ppm to mgl,8296,25,omnicalculator.com,3.953,http://www.omnicalculator.com/conversion/ppm-to-mgl-converter,calc:ppm-to-mgl
,calculator,everyday,/metric-ton-to-ton-calculator/,metric ton to ton,8292,18,inchcalculator.com,3.953,http://www.inchcalculator.com/convert/metric-ton-to-ton/,calc:metric-ton-to-ton
,calculator,science,/power-to-weight-ratio-calculator/,power to weight ratio,24599,51,omnicalculator.com,3.952,http://www.omnicalculator.com/physics/power-to-weight-ratio,calc:power-to-weight-ratio
,value,conversions,/145-cm-to-feet/,145 cm to ft,4302,0,rapidtables.com,3.952,http://www.rapidtables.com/convert/length/cm-to-feet.html?x=145,val:cm>ft:145
,value,conversions,/1500-kg-to-lbs/,1500 kg to lb,4300,0,rapidtables.com,3.952,http://www.rapidtables.com/convert/weight/kg-to-pound.html?x=1500,val:kg>lb:1500
,calculator,science,/watt-calculator/,watt,16626,43,omnicalculator.com,3.951,http://www.omnicalculator.com/physics/watt,calc:watt
,calculator,everyday,/feet-inches-calculator/,feet inches,8237,22,omnicalculator.com,3.95,http://www.omnicalculator.com/conversion/feet-and-inches,calc:feet-inches
,calculator,science,/dog-pregnancy-calculator/,dog pregnancy,16550,36,omnicalculator.com,3.949,http://www.omnicalculator.com/biology/dog-pregnancy,calc:dog-pregnancy
,calculator,math,/factors-calculator/,factors,23808,244,calculatorsoup.com,3.948,http://www.calculatorsoup.com/calculators/math/factors.php,calc:factors
,calculator,math,/hex-to-ascii-calculator/,hex to ascii,23729,802,rapidtables.com,3.947,http://www.rapidtables.com/convert/number/hex-to-ascii.html,calc:hex-to-ascii
,calculator,math,/cos-1-calculator/,cos 1,5854,3,omnicalculator.com,3.947,http://www.omnicalculator.com/math/cos-1,calc:cos-1
,calculator,everyday,/tbsp-to-cups-calculator/,tbsp to cups,8164,14,gigacalculator.com,3.946,http://www.gigacalculator.com/converters/convert-tbsp-to-cups.php,calc:tbsp-to-cups
,calculator,math,/right-triangle-area-calculator/,right triangle area,11673,72,omnicalculator.com,3.945,http://www.omnicalculator.com/math/right-triangle-area,calc:right-triangle-area
,calculator,math,/commonfactors-calculator/,commonfactors,11630,98,calculatorsoup.com,3.944,http://www.calculatorsoup.com/calculators/math/commonfactors.php,calc:commonfactors
,calculator,everyday,/ml-to-grams-calculator/,ml to grams,8125,12,gigacalculator.com,3.944,http://www.gigacalculator.com/converters/convert-ml-to-grams.php,calc:ml-to-grams
,calculator,everyday,/pascal-to-psi-calculator/,pascal to psi,8104,29,unitconverters.net,3.943,http://www.unitconverters.net/pressure/pascal-to-psi.htm,calc:pascal-to-psi
,calculator,math,/relative-standard-deviation-calculator/,relative standard deviation,5804,9,inchcalculator.com,3.943,http://www.inchcalculator.com/relative-standard-deviation-calculator/,calc:relative-standard-deviation
,value,conversions,/73-celsius-to-fahrenheit/,73 degc to degf,4221,0,widgetly.co,3.943,http://www.widgetly.co/convert/celsius/73-celsius-to-fahrenheit,val:degc>degf:73
,calculator,math,/perimeter-calculator/,perimeter,8091,50,omnicalculator.com,3.942,http://www.omnicalculator.com/math/perimeter,calc:perimeter
,calculator,math,/tangent-angle-calculator/,tangent angle,5794,2,omnicalculator.com,3.942,http://www.omnicalculator.com/math/tangent-angle,calc:tangent-angle
,calculator,time-date,/sunrise-sunset-calculator/,sunrise sunset,8714,88,calculatorsoup.com,3.94,http://www.calculatorsoup.com/calculators/time/sunrise_sunset.php,calc:sunrise-sunset
,calculator,math,/kilogram-flour-to-cup-flour-calculator/,kilogram flour to cup flour,7988,19,inchcalculator.com,3.937,http://www.inchcalculator.com/convert/kilogram-flour-to-cup-flour/,calc:kilogram-flour-to-cup-flour
,calculator,everyday,/ksi-to-psi-calculator/,ksi to psi,5726,5,omnicalculator.com,3.937,http://www.omnicalculator.com/conversion/ksi-to-psi-conversion,calc:ksi-to-psi
,calculator,everyday,/kwh-to-joule-calculator/,kwh to joule,11307,51,rapidtables.com,3.932,http://www.rapidtables.com/convert/energy/kWh_to_Joule.html,calc:kwh-to-joule
,calculator,time-date,/ratio-percentage-calculator/,ratio percentage,6019,28,inchcalculator.com,3.931,http://www.inchcalculator.com/ratio-percentage-calculator/,calc:ratio-percentage
,calculator,math,/cuboid-surface-area-calculator/,cuboid surface area,5642,4,omnicalculator.com,3.93,http://www.omnicalculator.com/math/cuboid-surface-area,calc:cuboid-surface-area
,calculator,math,/longdivision-calculator/,longdivision,22576,383,calculatorsoup.com,3.927,http://www.calculatorsoup.com/calculators/math/longdivision.php,calc:longdivision
,calculator,math,/tangent-circle-calculator/,tangent circle,5584,2,omnicalculator.com,3.925,http://www.omnicalculator.com/math/tangent-circle,calc:tangent-circle
,calculator,everyday,/millivolt-to-volt-calculator/,millivolt to volt,5568,5,inchcalculator.com,3.924,http://www.inchcalculator.com/convert/millivolt-to-volt/,calc:millivolt-to-volt
,value,conversions,/185-cm-to-feet/,185 cm to ft,4056,2,rapidtables.com,3.924,http://www.rapidtables.com/convert/length/cm-to-feet.html?x=185,val:cm>ft:185
,calculator,everyday,/thb-to-usd-calculator/,thb to usd,7746,23,unitconverters.net,3.923,http://www.unitconverters.net/currency/thb-to-usd.htm,calc:thb-to-usd
,calculator,everyday,/date-birth-calculator/,date birth,7744,43,omnicalculator.com,3.923,http://www.omnicalculator.com/everyday-life/date-of-birth,calc:date-birth
,value,conversions,/375-fahrenheit-to-celsius/,375 degf to degc,15398,240,rapidtables.com,3.922,http://www.rapidtables.com/convert/temperature/375-fahrenheit-to-celsius.html,val:degf>degc:375
,converter,conversions,/grams-to-calories/,g to kcal,6634,77,omnicalculator.com,3.921,http://www.omnicalculator.com/conversion/grams-to-calories,conv:g>kcal
,value,conversions,/77-fahrenheit-to-celsius/,77 degf to degc,4025,0,rapidtables.com,3.92,http://www.rapidtables.com/convert/temperature/fahrenheit-to-celsius.html?x=77,val:degf>degc:77
,value,conversions,/122-cm-to-feet/,122 cm to ft,3999,1,rapidtables.com,3.917,http://www.rapidtables.com/convert/length/cm-to-feet.html?x=122,val:cm>ft:122
,calculator,everyday,/kw-to-megaw-calculator/,kw to megaw,7614,40,rapidtables.com,3.916,http://www.rapidtables.com/convert/power/kw-to-megaw.html,calc:kw-to-megaw
,calculator,science,/ideal-gas-law-calculator/,ideal gas law,22390,70,calculatorsoup.com,3.915,http://www.calculatorsoup.com/calculators/physics/ideal-gas-law.php,calc:ideal-gas-law
,value,conversions,/750-meters-to-miles/,750 m to mi,3978,0,rapidtables.com,3.915,http://www.rapidtables.com/convert/length/meter-to-mile.html?x=750,val:m>mi:750
,calculator,science,/potential-energy-calculator/,potential energy,22327,109,omnicalculator.com,3.914,http://www.omnicalculator.com/physics/potential-energy,calc:potential-energy
,calculator,math,/rectangular-pyramid-volume-calculator/,rectangular pyramid volume,5418,2,omnicalculator.com,3.912,http://www.omnicalculator.com/math/rectangular-pyramid-volume,calc:rectangular-pyramid-volume
,value,conversions,/8-mm-to-inches/,8 mm to in,3952,7,rapidtables.com,3.912,http://www.rapidtables.com/convert/length/mm-to-inch.html?x=8,val:mm>in:8
,calculator,time-date,/date-day-calculator/,date day,15993,402,calculatorsoup.com,3.91,http://www.calculatorsoup.com/calculators/time/date-day.php,calc:date-day
,value,conversions,/14-meters-to-feet/,14 m to ft,3928,0,rapidtables.com,3.909,http://www.rapidtables.com/convert/length/meter-to-feet.html?x=14,val:m>ft:14
,calculator,math,/height-cylinder-calculator/,height cylinder,5375,9,omnicalculator.com,3.908,http://www.omnicalculator.com/math/height-of-cylinder,calc:height-cylinder
,calculator,everyday,/rub-to-usd-calculator/,rub to usd,7440,50,unitconverters.net,3.906,http://www.unitconverters.net/currency/rub-to-usd.htm,calc:rub-to-usd
,calculator,everyday,/linear-inches-calculator/,linear inches,5353,9,omnicalculator.com,3.906,http://www.omnicalculator.com/everyday-life/linear-inches,calc:linear-inches
,value,conversions,/250-meters-to-feet/,250 m to ft,3890,0,rapidtables.com,3.904,http://www.rapidtables.com/convert/length/meter-to-feet.html?x=250,val:m>ft:250
,value,conversions,/86-fahrenheit-to-celsius/,86 degf to degc,3870,0,widgetly.co,3.902,http://www.widgetly.co/convert/fahrenheit/86-fahrenheit-to-celsius,val:degf>degc:86
,calculator,science,/ohms-law-calculator/,ohms law,21618,156,calculator.net,3.901,http://www.calculator.net/ohms-law-calculator.html,calc:ohms-law
,calculator,science,/watts-to-joules-calculator/,watts to joules,14606,42,gigacalculator.com,3.898,http://www.gigacalculator.com/converters/convert-watts-to-joules.php,calc:watts-to-joules
,calculator,math,/exponential-growth-calculator/,exponential growth,10351,152,omnicalculator.com rapidtables.com,3.895,http://www.omnicalculator.com/math/exponential-growth,calc:exponential-growth
,calculator,math,/significant-figures-calculator/,significant figures,10351,122,calculatorsoup.com,3.895,http://www.calculatorsoup.com/calculators/math/significant-figures.php,calc:significant-figures
,calculator,everyday,/gram-sugar-to-cup-sugar-calculator/,gram sugar to cup sugar,7239,17,inchcalculator.com,3.894,http://www.inchcalculator.com/convert/gram-sugar-to-cup-sugar/,calc:gram-sugar-to-cup-sugar
,calculator,math,/cuboid-volume-calculator/,cuboid volume,5216,4,omnicalculator.com,3.894,http://www.omnicalculator.com/math/cuboid-volume,calc:cuboid-volume
,calculator,math,/foil-calculator/,foil,5187,2,calculatorsoup.com,3.892,http://www.calculatorsoup.com/calculators/algebra/foil-calculator.php,calc:foil
,calculator,everyday,/chronological-age-calculator/,chronological age,10274,77,thecalculatorsite.com,3.891,http://www.thecalculatorsite.com/misc/chronological-age.php,calc:chronological-age
,calculator,everyday,/sek-to-usd-calculator/,sek to usd,7190,44,unitconverters.net,3.891,http://www.unitconverters.net/currency/sek-to-usd.htm,calc:sek-to-usd
,calculator,everyday,/pound-butter-to-stick-butter-calculator/,pound butter to stick butter,5169,3,inchcalculator.com,3.89,http://www.inchcalculator.com/convert/pound-butter-to-stick-butter/,calc:pound-butter-to-stick-butter
,calculator,everyday,/picometer-to-meter-calculator/,picometer to meter,7165,26,unitconverters.net,3.889,http://www.unitconverters.net/length/picometer-to-meter.htm,calc:picometer-to-meter
,calculator,everyday,/hz-to-mhz-calculator/,hz to mhz,7164,47,rapidtables.com,3.889,http://www.rapidtables.com/convert/frequency/hz-to-mhz.html,calc:hz-to-mhz
,calculator,science,/kva-to-amp-calculator/,kva to amp,20854,137,rapidtables.com,3.887,http://www.rapidtables.com/calc/electric/kVA_to_Amp_Calculator.html,calc:kva-to-amp
,value,conversions,/2500-kg-to-lbs/,2500 kg to lb,3723,1,rapidtables.com,3.884,http://www.rapidtables.com/convert/weight/kg-to-pound.html?x=2500,val:kg>lb:2500
,calculator,science,/mph-to-kmph-calculator/,mph to kmph,14079,30,gigacalculator.com,3.883,http://www.gigacalculator.com/converters/convert-mph-to-kmph.php,calc:mph-to-kmph
,value,conversions,/75-meters-to-feet/,75 m to ft,3716,0,rapidtables.com,3.883,http://www.rapidtables.com/convert/length/meter-to-feet.html?x=75,val:m>ft:75
,value,conversions,/104-fahrenheit-to-celsius/,104 degf to degc,3715,0,widgetly.co,3.883,http://www.widgetly.co/convert/fahrenheit/104-fahrenheit-to-celsius,val:degf>degc:104
,calculator,math,/factorials-calculator/,factorials,9992,162,calculatorsoup.com,3.88,http://www.calculatorsoup.com/calculators/discretemathematics/factorials.php,calc:factorials
,calculator,math,/variance-calculator/,variance,19878,232,calculatorsoup.com,3.878,http://www.calculatorsoup.com/calculators/statistics/variance-calculator.php,calc:variance
,calculator,everyday,/gram-salt-to-teaspoon-salt-calculator/,gram salt to teaspoon salt,9960,60,inchcalculator.com,3.878,http://www.inchcalculator.com/convert/gram-salt-to-teaspoon-salt/,calc:gram-salt-to-teaspoon-salt
,calculator,everyday,/byte-calculator/,byte,6968,17,omnicalculator.com,3.877,http://www.omnicalculator.com/conversion/byte-converter,calc:byte
,calculator,everyday,/kilopascal-to-bar-calculator/,kilopascal to bar,6950,36,unitconverters.net,3.876,http://www.unitconverters.net/pressure/kilopascal-to-bar.htm,calc:kilopascal-to-bar
,value,conversions,/3000-lbs-to-kg/,3000 lb to kg,3663,0,rapidtables.com,3.876,http://www.rapidtables.com/convert/weight/pound-to-kg.html?x=3000,val:lb>kg:3000
,calculator,science,/force-calculator/,force,20136,75,calculatorsoup.com omnicalculator.com,3.874,http://www.calculatorsoup.com/calculators/physics/force.php,calc:force
,calculator,math,/area-sphere-calculator/,area sphere,6915,26,omnicalculator.com,3.874,http://www.omnicalculator.com/math/area-of-sphere,calc:area-sphere
,calculator,everyday,/ampere-to-milliampere-calculator/,ampere to milliampere,4979,6,inchcalculator.com,3.873,http://www.inchcalculator.com/convert/ampere-to-milliampere/,calc:ampere-to-milliampere
,calculator,everyday,/nanogram-to-microgram-calculator/,nanogram to microgram,6885,15,unitconverters.net,3.872,http://www.unitconverters.net/weight-and-mass/nanogram-to-microgram.htm,calc:nanogram-to-microgram
,calculator,everyday,/from-gram-calculator/,from gram,4972,4,inchcalculator.com,3.872,http://www.inchcalculator.com/convert/from-gram/,calc:from-gram
,calculator,everyday,/liters-to-cl-calculator/,liters to cl,4967,3,omnicalculator.com,3.872,http://www.omnicalculator.com/conversion/liters-to-cl,calc:liters-to-cl
,calculator,everyday,/from-ounce-calculator/,from ounce,4954,2,inchcalculator.com,3.871,http://www.inchcalculator.com/convert/from-ounce/,calc:from-ounce
,calculator,everyday,/100-day-calculator/,100 day,6866,26,omnicalculator.com,3.87,http://www.omnicalculator.com/everyday-life/100-day,calc:100-day
,value,conversions,/28-meters-to-feet/,28 m to ft,3615,0,rapidtables.com,3.87,http://www.rapidtables.com/convert/length/meter-to-feet.html?x=28,val:m>ft:28
,calculator,science,/pound-force-to-force-newton-calculator/,pound force to force newton,9547,7,inchcalculator.com,3.868,http://www.inchcalculator.com/convert/pound-force-to-force-newton/,calc:pound-force-to-force-newton
,calculator,science,/gravitational-potential-calculator/,gravitational potential,19774,120,calculatorsoup.com,3.866,http://www.calculatorsoup.com/calculators/physics/gravitational-potential.php,calc:gravitational-potential
,calculator,math,/quotient-calculator/,quotient,9648,51,omnicalculator.com,3.865,http://www.omnicalculator.com/math/quotient,calc:quotient
,value,conversions,/143-cm-to-feet/,143 cm to ft,3560,0,rapidtables.com,3.862,http://www.rapidtables.com/convert/length/cm-to-feet.html?x=143,val:cm>ft:143
,countdown,time-date,/my-birthday/,countdown: my birthday,5141,28,inchcalculator.com,3.859,http://www.inchcalculator.com/how-many-days-until-my-birthday/,countdown:my-birthday
,calculator,everyday,/test-calculator/,test,9481,161,rapidtables.com,3.858,http://www.rapidtables.com/calc/grade/test-calculator.html,calc:test
,calculator,science,/specific-heat-calculator/,specific heat,19178,195,omnicalculator.com,3.855,http://www.omnicalculator.com/physics/specific-heat,calc:specific-heat
,calculator,science,/net-ionic-equation-calculator/,net ionic equation,9254,2,omnicalculator.com,3.855,http://www.omnicalculator.com/chemistry/net-ionic-equation,calc:net-ionic-equation
,value,conversions,/700-meters-to-feet/,700 m to ft,3498,1,rapidtables.com,3.854,http://www.rapidtables.com/convert/length/meter-to-feet.html?x=700,val:m>ft:700
,calculator,everyday,/kj-to-cal-calculator/,kj to cal,9350,83,rapidtables.com,3.852,http://www.rapidtables.com/convert/energy/kj-to-cal.html,calc:kj-to-cal
,calculator,everyday,/gigapascal-to-pascal-calculator/,gigapascal to pascal,6574,31,unitconverters.net,3.851,http://www.unitconverters.net/pressure/gigapascal-to-pascal.htm,calc:gigapascal-to-pascal
,calculator,everyday,/wh-to-ah-calculator/,wh to ah,4746,8,inchcalculator.com,3.851,http://www.inchcalculator.com/wh-to-ah-calculator/,calc:wh-to-ah
,calculator,science,/mph-to-mps-calculator/,mph to mps,12987,24,gigacalculator.com,3.85,http://www.gigacalculator.com/converters/convert-mph-to-mps.php,calc:mph-to-mps
,calculator,math,/fractionscomparing-calculator/,fractionscomparing,9318,134,calculatorsoup.com,3.85,http://www.calculatorsoup.com/calculators/math/fractionscomparing.php,calc:fractionscomparing
,value,conversions,/203-cm-to-feet/,203 cm to ft,3466,0,rapidtables.com,3.85,http://www.rapidtables.com/convert/length/cm-to-feet.html?x=203,val:cm>ft:203
,calculator,math,/ratio-3-numbers-calculator/,ratio 3 numbers,4722,9,omnicalculator.com,3.849,http://www.omnicalculator.com/math/ratio-of-3-numbers,calc:ratio-3-numbers
,value,conversions,/59-celsius-to-fahrenheit/,59 degc to degf,3458,0,widgetly.co,3.849,http://www.widgetly.co/convert/celsius/59-celsius-to-fahrenheit,val:degc>degf:59
,calculator,everyday,/cal-to-kcal-calculator/,cal to kcal,6528,20,unitconverters.net,3.848,http://www.unitconverters.net/energy/cal-to-kcal.htm,calc:cal-to-kcal
,calculator,math,/percent-time-calculator/,percent time,4707,4,omnicalculator.com,3.848,http://www.omnicalculator.com/math/percent-time,calc:percent-time
,calculator,everyday,/angstrom-to-nanometer-calculator/,angstrom to nanometer,6490,20,unitconverters.net,3.846,http://www.unitconverters.net/length/angstrom-to-nanometer.htm,calc:angstrom-to-nanometer
,value,conversions,/185-cm-to-inches/,185 cm to in,3435,0,widgetly.co,3.846,http://www.widgetly.co/convert/185-cm-to-inches,val:cm>in:185
,value,conversions,/139-cm-to-feet/,139 cm to ft,3432,0,rapidtables.com,3.845,http://www.rapidtables.com/convert/length/cm-to-feet.html?x=139,val:cm>ft:139
,calculator,math,/completing-square-calculator/,completing square,9190,87,calculatorsoup.com,3.844,http://www.calculatorsoup.com/calculators/algebra/completing-the-square-calculator.php,calc:completing-square
,calculator,math,/binary-to-hex-calculator/,binary to hex,18200,238,rapidtables.com,3.843,http://www.rapidtables.com/convert/number/binary-to-hex.html,calc:binary-to-hex
,calculator,math,/radius-cylinder-calculator/,radius cylinder,4651,7,omnicalculator.com,3.842,http://www.omnicalculator.com/math/radius-of-cylinder,calc:radius-cylinder
,converter,conversions,/cc-to-grams/,cc to g,2890,5,omnicalculator.com,3.835,http://www.omnicalculator.com/conversion/cc-to-grams-converter,conv:cc>g
,calculator,everyday,/miles-to-kilometers-calculator/,miles to kilometers,4553,10,gigacalculator.com,3.832,http://www.gigacalculator.com/converters/convert-miles-to-kilometers.php,calc:miles-to-kilometers
,calculator,everyday,/gram-butter-to-tablespoon-butter-calculator/,gram butter to tablespoon butter,6252,25,inchcalculator.com,3.829,http://www.inchcalculator.com/convert/gram-butter-to-tablespoon-butter/,calc:gram-butter-to-tablespoon-butter
,calculator,math,/triangle-law-cosines-calculator/,triangle law cosines,8827,134,calculatorsoup.com,3.827,http://www.calculatorsoup.com/calculators/geometry-plane/triangle-law-of-cosines.php,calc:triangle-law-cosines
,calculator,science,/half-life-calculator/,half life,37061,291,calculator.net,3.824,http://www.calculator.net/half-life-calculator.html,calc:half-life
,calculator,math,/length-line-segment-calculator/,length line segment,6174,17,omnicalculator.com,3.824,http://www.omnicalculator.com/math/length-of-a-line-segment,calc:length-line-segment
,calculator,math,/ratio-simplifier-calculator/,ratio simplifier,8739,177,calculatorsoup.com,3.823,http://www.calculatorsoup.com/calculators/math/ratio-simplifier.php,calc:ratio-simplifier
,calculator,everyday,/gram-sugar-to-teaspoon-sugar-calculator/,gram sugar to teaspoon sugar,8709,177,inchcalculator.com,3.822,http://www.inchcalculator.com/convert/gram-sugar-to-teaspoon-sugar/,calc:gram-sugar-to-teaspoon-sugar
,calculator,math,/circle-length-calculator/,circle length,4450,3,omnicalculator.com,3.822,http://www.omnicalculator.com/math/circle-length,calc:circle-length
,calculator,math,/mixed-number-to-decimal-calculator/,mixed number to decimal,8677,84,calculatorsoup.com,3.82,http://www.calculatorsoup.com/calculators/math/mixed-number-to-decimal-calculator.php,calc:mixed-number-to-decimal
,calculator,math,/pyramid-calculator/,pyramid,8675,81,calculatorsoup.com,3.82,http://www.calculatorsoup.com/calculators/geometry-solids/pyramid.php,calc:pyramid
,calculator,math,/height-cone-calculator/,height cone,4433,3,omnicalculator.com,3.82,http://www.omnicalculator.com/math/height-of-cone,calc:height-cone
,calculator,everyday,/kbps-to-gbps-calculator/,kbps to gbps,4422,0,inchcalculator.com,3.819,http://www.inchcalculator.com/convert/kbps-to-gbps/,calc:kbps-to-gbps
,calculator,math,/geometric-mean-calculator/,geometric mean,8638,87,gigacalculator.com,3.818,http://www.gigacalculator.com/calculators/geometric-mean-calculator.php,calc:geometric-mean
,calculator,math,/triangle-slope-calculator/,triangle slope,4411,4,omnicalculator.com,3.818,http://www.omnicalculator.com/math/triangle-slope,calc:triangle-slope
,value,conversions,/3-mm-to-cm/,3 mm to cm,3242,0,rapidtables.com,3.818,http://www.rapidtables.com/convert/length/mm-to-cm.html?x=3,val:mm>cm:3
,calculator,everyday,/price-per-ounce-calculator/,price per ounce,4398,8,omnicalculator.com,3.817,http://www.omnicalculator.com/everyday-life/price-per-ounce,calc:price-per-ounce
,calculator,math,/circumference-area-circle-calculator/,circumference area circle,6054,24,omnicalculator.com,3.815,http://www.omnicalculator.com/math/circumference-area-circle,calc:circumference-area-circle
,calculator,science,/amps-to-va-calculator/,amps to va,17291,60,rapidtables.com,3.814,http://www.rapidtables.com/calc/electric/amps-to-va-calculator.html,calc:amps-to-va
,calculator,everyday,/flag-calculator/,flag,8542,76,omnicalculator.com,3.814,http://www.omnicalculator.com/other/flag,calc:flag
,value,conversions,/152-cm-to-inches/,152 cm to in,3211,0,widgetly.co,3.814,http://www.widgetly.co/convert/152-cm-to-inches,val:cm>in:152
,value,conversions,/97-fahrenheit-to-celsius/,97 degf to degc,3207,0,widgetly.co,3.813,http://www.widgetly.co/convert/fahrenheit/97-fahrenheit-to-celsius,val:degf>degc:97
,value,conversions,/33-cm-to-inches/,33 cm to in,3193,0,widgetly.co,3.811,http://www.widgetly.co/convert/33-cm-to-inches,val:cm>in:33
,calculator,math,/gcf-lcm-calculator/,gcf lcm,5948,26,omnicalculator.com,3.808,http://www.omnicalculator.com/math/gcf-and-lcm,calc:gcf-lcm
,value,conversions,/40-meters-to-feet/,40 m to ft,3170,0,rapidtables.com,3.808,http://www.rapidtables.com/convert/length/meter-to-feet.html?x=40,val:m>ft:40
,calculator,finance,/business-loan-calculator/,business loan,10228,369,calculator.net,3.804,http://www.calculator.net/business-loan-calculator.html,calc:business-loan
,value,conversions,/4000-meters-to-miles/,4000 m to mi,3137,0,rapidtables.com,3.803,http://www.rapidtables.com/convert/length/meter-to-mile.html?x=4000,val:m>mi:4000
,calculator,math,/cubicequation-calculator/,cubicequation,8311,113,calculatorsoup.com,3.802,http://www.calculatorsoup.com/calculators/algebra/cubicequation.php,calc:cubicequation
,calculator,math,/polar-to-rectangular-calculator/,polar to rectangular,4241,1,omnicalculator.com,3.8,http://www.omnicalculator.com/math/polar-to-rectangular,calc:polar-to-rectangular
,calculator,everyday,/volt-to-millivolt-calculator/,volt to millivolt,4241,2,inchcalculator.com,3.8,http://www.inchcalculator.com/convert/volt-to-millivolt/,calc:volt-to-millivolt
,calculator,math,/cube-calculator/,cube,8224,80,calculatorsoup.com,3.798,http://www.calculatorsoup.com/calculators/algebra/cube-calculator.php,calc:cube
,calculator,finance,/biweekly-pay-calculator/,biweekly pay,5285,79,omnicalculator.com,3.798,http://www.omnicalculator.com/finance/biweekly-pay,calc:biweekly-pay
,value,conversions,/27-celsius-to-fahrenheit/,27 degc to degf,3101,0,widgetly.co,3.797,http://www.widgetly.co/convert/celsius/27-celsius-to-fahrenheit,val:degc>degf:27
,calculator,math,/trapezoid-calculator/,trapezoid,4205,2,calculatorsoup.com omnicalculator.com,3.796,http://www.calculatorsoup.com/calculators/geometry-plane/trapezoid.php,calc:trapezoid
,calculator,math,/aspect-ratio-calculator/,aspect ratio,5774,24,calculatorsoup.com,3.795,http://www.calculatorsoup.com/calculators/technology/aspect-ratio-calculator.php,calc:aspect-ratio
,calculator,math,/slant-height-calculator/,slant height,4181,6,omnicalculator.com,3.794,http://www.omnicalculator.com/math/slant-height,calc:slant-height
,value,conversions,/50-km-to-miles/,50 km to mi,3081,0,rapidtables.com,3.794,http://www.rapidtables.com/convert/length/km-to-mile.html?x=50,val:km>mi:50
,calculator,everyday,/grams-to-cups-calculator/,grams to cups,5737,27,gigacalculator.com,3.792,http://www.gigacalculator.com/converters/convert-grams-to-cups.php,calc:grams-to-cups
,calculator,math,/standard-error-calculator/,standard error,4159,7,omnicalculator.com,3.791,http://www.omnicalculator.com/statistics/standard-error,calc:standard-error
,calculator,math,/critical-value-calculator/,critical value,15886,507,omnicalculator.com,3.79,http://www.omnicalculator.com/statistics/critical-value,calc:critical-value
,calculator,everyday,/inch-to-pixel-x-calculator/,inch to pixel x,8068,106,unitconverters.net,3.79,http://www.unitconverters.net/typography/inch-to-pixel-x.htm,calc:inch-to-pixel-x
,calculator,everyday,/frames-to-timecode-calculator/,frames to timecode,5712,49,omnicalculator.com,3.79,http://www.omnicalculator.com/other/frames-to-timecode,calc:frames-to-timecode
,value,conversions,/48-km-to-miles/,48 km to mi,3051,0,rapidtables.com,3.79,http://www.rapidtables.com/convert/length/km-to-mile.html?x=48,val:km>mi:48
,calculator,everyday,/krw-to-usd-calculator/,krw to usd,8056,54,unitconverters.net,3.789,http://www.unitconverters.net/currency/krw-to-usd.htm,calc:krw-to-usd
,calculator,math,/permutation-combination-calculator/,permutation combination,8015,162,calculator.net,3.787,http://www.calculator.net/permutation-and-combination-calculator.html,calc:permutation-combination
,calculator,everyday,/cal-to-kj-calculator/,cal to kj,5648,44,rapidtables.com,3.785,http://www.rapidtables.com/convert/energy/cal-to-kj.html,calc:cal-to-kj
,calculator,everyday,/grade-curve-calculator/,grade curve,4085,1,omnicalculator.com,3.783,http://www.omnicalculator.com/other/grade-curve,calc:grade-curve
,calculator,math,/trapezoid-height-calculator/,trapezoid height,4078,9,omnicalculator.com,3.782,http://www.omnicalculator.com/math/trapezoid-height,calc:trapezoid-height
,calculator,everyday,/yeast-calculator/,yeast,5550,29,omnicalculator.com,3.777,http://www.omnicalculator.com/food/yeast-converter,calc:yeast
,converter,conversions,/km-to-inches/,km to in,2562,10,rapidtables.com,3.777,http://www.rapidtables.com/convert/length/km-to-inch.html,conv:km>in
,calculator,math,/longmultiplication-calculator/,longmultiplication,15293,228,calculatorsoup.com,3.775,http://www.calculatorsoup.com/calculators/math/longmultiplication.php,calc:longmultiplication
,calculator,math,/cylinder-diameter-calculator/,cylinder diameter,4005,3,omnicalculator.com,3.774,http://www.omnicalculator.com/math/cylinder-diameter,calc:cylinder-diameter
,calculator,math,/percentage-difference-calculator/,percentage difference,15062,314,omnicalculator.com,3.769,http://www.omnicalculator.com/math/percentage-difference,calc:percentage-difference
,calculator,finance,/irr-calculator/,irr,4959,113,calculator.net,3.769,http://www.calculator.net/irr-calculator.html,calc:irr
,calculator,everyday,/ft-to-km-feet-to-kilometers-calculator/,ft to km feet to kilometers,3961,8,gigacalculator.com,3.769,http://www.gigacalculator.com/converters/convert-ft-to-km-feet-to-kilometers.php,calc:ft-to-km-feet-to-kilometers
,calculator,science,/watt-to-amp-calculator/,watt to amp,31645,390,rapidtables.com,3.767,http://www.rapidtables.com/calc/electric/Watt_to_Amp_Calculator.html,calc:watt-to-amp
,calculator,everyday,/price-per-pound-calculator/,price per pound,3918,6,omnicalculator.com,3.764,http://www.omnicalculator.com/everyday-life/price-per-pound,calc:price-per-pound
,calculator,everyday,/hertz-seconds-calculator/,hertz seconds,7570,86,thecalculatorsite.com,3.763,http://www.thecalculatorsite.com/conversions/common/hertz-seconds.php,calc:hertz-seconds
,value,conversions,/45-meters-to-feet/,45 m to ft,2882,1,rapidtables.com,3.763,http://www.rapidtables.com/convert/length/meter-to-feet.html?x=45,val:m>ft:45
,calculator,science,/gravitational-force-calculator/,gravitational force,15141,96,omnicalculator.com,3.762,http://www.omnicalculator.com/physics/gravitational-force,calc:gravitational-force
,calculator,math,/permutations-calculator/,permutations,14805,202,calculatorsoup.com,3.762,http://www.calculatorsoup.com/calculators/discretemathematics/permutations.php,calc:permutations
,converter,conversions,/mm-to-atm/,mm to atm,2469,4,omnicalculator.com,3.759,http://www.omnicalculator.com/conversion/mm-to-atm-conversion,conv:mm>atm
,value,conversions,/82-fahrenheit-to-celsius/,82 degf to degc,2847,0,widgetly.co,3.757,http://www.widgetly.co/convert/fahrenheit/82-fahrenheit-to-celsius,val:degf>degc:82
,calculator,everyday,/pool-salt-calculator/,pool salt,5250,24,omnicalculator.com,3.753,http://www.omnicalculator.com/everyday-life/pool-salt,calc:pool-salt
,calculator,finance,/effective-interest-rate-calculator/,effective interest rate,4785,132,calculatorsoup.com,3.753,http://www.calculatorsoup.com/calculators/financial/effective-interest-rate-calculator.php,calc:effective-interest-rate
,calculator,science,/newton-to-gram-force-calculator/,newton to gram force,7243,9,unitconverters.net,3.752,http://www.unitconverters.net/force/newton-to-gram-force.htm,calc:newton-to-gram-force
,value,conversions,/1.90-meters-to-feet/,1.90 m to ft,2818,0,rapidtables.com,3.752,http://www.rapidtables.com/convert/length/meter-to-feet.html?x=1.90,val:m>ft:1.90
,calculator,everyday,/elapsed-time-calculator/,elapsed time,3811,5,omnicalculator.com,3.751,http://www.omnicalculator.com/everyday-life/elapsed-time,calc:elapsed-time
,calculator,everyday,/ml-to-tsp-calculator/,ml to tsp,3809,1,gigacalculator.com,3.751,http://www.gigacalculator.com/converters/convert-ml-to-tsp.php,calc:ml-to-tsp
,calculator,math,/cos-calculator/,cos,7322,157,rapidtables.com,3.749,http://www.rapidtables.com/calc/math/Cos_Calculator.html,calc:cos
,value,conversions,/1-mm-to-inches/,1 mm to in,2795,1,rapidtables.com,3.748,http://www.rapidtables.com/convert/length/mm-to-inch.html?x=1,val:mm>in:1
,calculator,everyday,/tablespoon-butter-to-ounce-butter-calculator/,tablespoon butter to ounce butter,5183,12,inchcalculator.com,3.747,http://www.inchcalculator.com/convert/tablespoon-butter-to-ounce-butter/,calc:tablespoon-butter-to-ounce-butter
,converter,time-date,/gallons-to-minutes/,gal to min,2941,61,omnicalculator.com,3.746,http://www.omnicalculator.com/construction/gallons-per-minute,conv:gal>min
,calculator,math,/chord-length-calculator/,chord length,3749,4,omnicalculator.com,3.744,http://www.omnicalculator.com/math/chord-length,calc:chord-length
,calculator,everyday,/tablespoon-flour-to-gram-flour-calculator/,tablespoon flour to gram flour,5135,13,inchcalculator.com,3.743,http://www.inchcalculator.com/convert/tablespoon-flour-to-gram-flour/,calc:tablespoon-flour-to-gram-flour
,calculator,math,/fractionssolvex-calculator/,fractionssolvex,7211,139,calculatorsoup.com,3.742,http://www.calculatorsoup.com/calculators/math/fractionssolvex.php,calc:fractionssolvex
,value,conversions,/96-fahrenheit-to-celsius/,96 degf to degc,2751,0,widgetly.co,3.741,http://www.widgetly.co/convert/fahrenheit/96-fahrenheit-to-celsius,val:degf>degc:96
,calculator,math,/greater-less-calculator/,greater less,5065,22,omnicalculator.com,3.737,http://www.omnicalculator.com/math/greater-less,calc:greater-less
,calculator,math,/isosceles-triangle-area-calculator/,isosceles triangle area,3694,4,omnicalculator.com,3.737,http://www.omnicalculator.com/math/isosceles-triangle-area,calc:isosceles-triangle-area
,calculator,science,/watts-to-kwh-calculator/,watts to kwh,14154,129,inchcalculator.com,3.736,http://www.inchcalculator.com/watts-to-kwh-calculator/,calc:watts-to-kwh
,calculator,everyday,/mil-to-mm-calculator/,mil to mm,3665,6,omnicalculator.com,3.734,http://www.omnicalculator.com/conversion/mil-to-mm-conversion,calc:mil-to-mm
,calculator,science,/resistor-calculator/,resistor,28804,346,calculator.net,3.733,http://www.calculator.net/resistor-calculator.html,calc:resistor
,value,conversions,/400-fahrenheit-to-celsius/,400 degf to degc,3666,36,rapidtables.com,3.733,http://www.rapidtables.com/convert/temperature/400-fahrenheit-to-celsius.html,val:degf>degc:400
,calculator,math,/isosceles-trapezoid-calculator/,isosceles trapezoid,3662,7,omnicalculator.com,3.733,http://www.omnicalculator.com/math/isosceles-trapezoid,calc:isosceles-trapezoid
,calculator,everyday,/jpy-to-usd-calculator/,jpy to usd,7037,73,unitconverters.net,3.732,http://www.unitconverters.net/currency/jpy-to-usd.htm,calc:jpy-to-usd
,calculator,math,/general-form-equation-circle-calculator/,general form equation circle,3637,5,omnicalculator.com,3.73,http://www.omnicalculator.com/math/general-form-equation-circle,calc:general-form-equation-circle
,calculator,math,/percent-to-goal-calculator/,percent to goal,3634,6,omnicalculator.com,3.73,http://www.omnicalculator.com/math/percent-to-goal,calc:percent-to-goal
,value,conversions,/32-fahrenheit-to-celsius/,32 degf to degc,2692,2,rapidtables.com,3.73,http://www.rapidtables.com/convert/temperature/fahrenheit-to-celsius.html?x=32,val:degf>degc:32
,calculator,science,/wind-chill-calculator/,wind chill,13791,99,calculator.net,3.726,http://www.calculator.net/wind-chill-calculator.html,calc:wind-chill
,calculator,everyday,/mb-to-gb-calculator/,mb to gb,6933,83,gigacalculator.com,3.726,http://www.gigacalculator.com/converters/convert-mb-to-gb.php,calc:mb-to-gb
,calculator,everyday,/kilometers-to-nautical-miles-calculator/,kilometers to nautical miles,4942,11,gigacalculator.com,3.726,http://www.gigacalculator.com/converters/convert-kilometers-to-nautical-miles.php,calc:kilometers-to-nautical-miles
,value,conversions,/83-fahrenheit-to-celsius/,83 degf to degc,2661,0,widgetly.co,3.725,http://www.widgetly.co/convert/fahrenheit/83-fahrenheit-to-celsius,val:degf>degc:83
,value,conversions,/52-fahrenheit-to-celsius/,52 degf to degc,2634,0,widgetly.co,3.72,http://www.widgetly.co/convert/fahrenheit/52-fahrenheit-to-celsius,val:degf>degc:52
,calculator,everyday,/yd-to-m-yards-to-miles-calculator/,yd to m yards to miles,4856,24,gigacalculator.com,3.719,http://www.gigacalculator.com/converters/convert-yd-to-m-yards-to-miles.php,calc:yd-to-m-yards-to-miles
,calculator,math,/surface-area-square-pyramid-calculator/,surface area square pyramid,4838,11,omnicalculator.com,3.717,http://www.omnicalculator.com/math/surface-area-of-square-pyramid,calc:surface-area-square-pyramid
,calculator,math,/angle-calculator/,angle,6781,141,calculatorsoup.com,3.716,http://www.calculatorsoup.com/calculators/conversions/angle.php,calc:angle
,converter,conversions,/watts-to-volts/,w to volt,4183,76,inchcalculator.com,3.716,http://www.inchcalculator.com/watts-to-volts-calculator/,conv:w>volt
,calculator,math,/quarter-circle-area-calculator/,quarter circle area,3524,3,omnicalculator.com,3.716,http://www.omnicalculator.com/math/quarter-circle-area,calc:quarter-circle-area
,calculator,everyday,/number-to-million-calculator/,number to million,6761,193,omnicalculator.com,3.715,http://www.omnicalculator.com/conversion/number-to-million,calc:number-to-million
,calculator,math,/round-to-nearest-thousand-calculator/,round to nearest thousand,4790,50,omnicalculator.com,3.713,http://www.omnicalculator.com/math/round-to-the-nearest-thousand,calc:round-to-nearest-thousand
,value,conversions,/70-fahrenheit-to-celsius/,70 degf to degc,2595,1,widgetly.co,3.713,http://www.widgetly.co/convert/fahrenheit/70-fahrenheit-to-celsius,val:degf>degc:70
,value,conversions,/55-meters-to-feet/,55 m to ft,2582,0,rapidtables.com,3.711,http://www.rapidtables.com/convert/length/meter-to-feet.html?x=55,val:m>ft:55
,calculator,science,/tension-calculator/,tension,13257,68,omnicalculator.com,3.71,http://www.omnicalculator.com/physics/tension,calc:tension
,calculator,math,/central-angle-calculator/,central angle,6627,76,omnicalculator.com,3.707,http://www.omnicalculator.com/math/central-angle,calc:central-angle
,value,conversions,/47-meters-to-feet/,47 m to ft,2563,0,rapidtables.com,3.707,http://www.rapidtables.com/convert/length/meter-to-feet.html?x=47,val:m>ft:47
,calculator,finance,/25-dollars-per-hour-calculator/,25 dollars per hour,4273,137,thecalculatorsite.com,3.703,http://www.thecalculatorsite.com/finance/pay/25-dollars-per-hour.php,calc:25-dollars-per-hour
,calculator,science,/gibbs-energy-calculator/,gibbs energy,8984,19,omnicalculator.com,3.7,http://www.omnicalculator.com/chemistry/gibbs-energy,calc:gibbs-energy
,calculator,science,/impulse-momentum-calculator/,impulse momentum,8940,38,calculatorsoup.com omnicalculator.com,3.698,http://www.omnicalculator.com/physics/impulse-and-momentum,calc:impulse-momentum
,calculator,everyday,/fuel-consumption-calculator/,fuel consumption,4633,36,omnicalculator.com,3.698,http://www.omnicalculator.com/everyday-life/fuel-consumption,calc:fuel-consumption
,calculator,math,/cylinder-circumference-calculator/,cylinder circumference,3382,3,omnicalculator.com,3.697,http://www.omnicalculator.com/math/cylinder-circumference,calc:cylinder-circumference
,calculator,everyday,/minus-53-fahrenheit-to-celsius-calculator/,minus 53 fahrenheit to celsius,3370,0,widgetly.co,3.696,http://www.widgetly.co/convert/fahrenheit/minus-53-fahrenheit-to-celsius,calc:minus-53-fahrenheit-to-celsius
,calculator,everyday,/hz-to-rad-s-calculator/,hz to rad s,4596,30,rapidtables.com,3.695,http://www.rapidtables.com/convert/frequency/hz-to-rad-s.html,calc:hz-to-rad-s
,calculator,math,/diamond-problem-solver-calculator/,diamond problem solver,4586,17,calculatorsoup.com,3.694,http://www.calculatorsoup.com/calculators/math/diamond-problem-solver.php,calc:diamond-problem-solver
,value,conversions,/54-celsius-to-fahrenheit/,54 degc to degf,2490,0,widgetly.co,3.694,http://www.widgetly.co/convert/celsius/54-celsius-to-fahrenheit,val:degc>degf:54
,calculator,everyday,/unit-price-calculator/,unit price,6408,55,inchcalculator.com omnicalculator.com,3.693,http://www.omnicalculator.com/everyday-life/unit-price,calc:unit-price
,calculator,math,/pie-calculator/,pie,4556,21,omnicalculator.com,3.691,http://www.omnicalculator.com/statistics/pie-chart,calc:pie
,calculator,everyday,/metric-to-inches-calculator/,metric to inches,6369,83,omnicalculator.com,3.69,http://www.omnicalculator.com/conversion/metric-to-inches,calc:metric-to-inches
,calculator,everyday,/mpa-to-psi-calculator/,mpa to psi,3325,5,omnicalculator.com,3.689,http://www.omnicalculator.com/conversion/mpa-to-psi-conversion,calc:mpa-to-psi
,calculator,everyday,/milliseconds-calculator/,milliseconds,3319,5,omnicalculator.com,3.689,http://www.omnicalculator.com/conversion/milliseconds-converter,calc:milliseconds
,calculator,everyday,/fuel-economy-calculator/,fuel economy,4492,41,omnicalculator.com,3.685,http://www.omnicalculator.com/conversion/fuel-economy-converter,calc:fuel-economy
,calculator,finance,/deadweight-loss-calculator/,deadweight loss,2213,9,omnicalculator.com,3.685,http://www.omnicalculator.com/finance/deadweight-loss,calc:deadweight-loss
,calculator,everyday,/gdp-calculator/,gdp,6267,86,calculator.net,3.683,http://www.calculator.net/gdp-calculator.html,calc:gdp
,calculator,everyday,/ml-to-tbsp-calculator/,ml to tbsp,3274,3,gigacalculator.com,3.682,http://www.gigacalculator.com/converters/convert-ml-to-tbsp.php,calc:ml-to-tbsp
,value,conversions,/177-cm-to-feet/,177 cm to ft,2429,8,rapidtables.com,3.682,http://www.rapidtables.com/convert/length/cm-to-feet.html?x=177,val:cm>ft:177
,calculator,math,/fraction-to-mixed-number-calculator/,fraction to mixed number,6236,87,inchcalculator.com,3.681,http://www.inchcalculator.com/fraction-to-mixed-number-calculator/,calc:fraction-to-mixed-number
,calculator,everyday,/download-time-calculator/,download time,12016,219,omnicalculator.com,3.68,http://www.omnicalculator.com/other/download-time,calc:download-time
,calculator,math,/round-to-nearest-dollar-calculator/,round to nearest dollar,3248,2,omnicalculator.com,3.679,http://www.omnicalculator.com/math/round-to-the-nearest-dollar,calc:round-to-nearest-dollar
,calculator,math,/longdivisiondecimals-calculator/,longdivisiondecimals,11833,250,calculatorsoup.com,3.674,http://www.calculatorsoup.com/calculators/math/longdivisiondecimals.php,calc:longdivisiondecimals
,calculator,math,/hex-to-rgb-calculator/,hex to rgb,11808,296,rapidtables.com,3.674,http://www.rapidtables.com/convert/color/hex-to-rgb.html,calc:hex-to-rgb
,calculator,math,/abc-triangle-calculator/,abc triangle,3206,2,omnicalculator.com,3.673,http://www.omnicalculator.com/math/abc-triangle,calc:abc-triangle
,calculator,everyday,/rain-to-snow-calculator/,rain to snow,4361,38,omnicalculator.com,3.672,http://www.omnicalculator.com/other/rain-to-snow,calc:rain-to-snow
,calculator,everyday,/meters-to-nautical-miles-calculator/,meters to nautical miles,3198,4,gigacalculator.com,3.672,http://www.gigacalculator.com/converters/convert-meters-to-nautical-miles.php,calc:meters-to-nautical-miles
,calculator,everyday,/atm-to-pascals-calculator/,atm to pascals,3194,4,omnicalculator.com,3.671,http://www.omnicalculator.com/conversion/atm-to-pascals-conversion,calc:atm-to-pascals
,calculator,everyday,/land-miles-to-nautical-miles-calculator/,land miles to nautical miles,3180,8,gigacalculator.com,3.669,http://www.gigacalculator.com/converters/convert-land-miles-to-nautical-miles.php,calc:land-miles-to-nautical-miles
,calculator,math,/doubling-time-calculator/,doubling time,4321,29,omnicalculator.com,3.668,http://www.omnicalculator.com/math/doubling-time,calc:doubling-time
,calculator,math,/orthocenter-calculator/,orthocenter,4305,20,omnicalculator.com,3.666,http://www.omnicalculator.com/math/orthocenter,calc:orthocenter
,calculator,math,/isosceles-trapezoid-area-calculator/,isosceles trapezoid area,3155,2,omnicalculator.com,3.666,http://www.omnicalculator.com/math/isosceles-trapezoid-area,calc:isosceles-trapezoid-area
,calculator,math,/median-calculator/,median,5996,80,omnicalculator.com,3.665,http://www.omnicalculator.com/statistics/median,calc:median
,countdown,time-date,/date/,countdown: date,2476,8,omnicalculator.com,3.665,http://www.omnicalculator.com/everyday-life/date-countdown,countdown:date
,calculator,math,/liquidvolume-calculator/,liquidvolume,5982,137,thecalculatorsite.com,3.664,http://www.thecalculatorsite.com/conversions/liquidvolume.php,calc:liquidvolume
,converter,conversions,/inches-to-km/,in to km,2019,4,rapidtables.com,3.662,http://www.rapidtables.com/convert/length/inch-to-km.html,conv:in>km
,calculator,math,/width-rectangle-calculator/,width rectangle,4258,32,omnicalculator.com,3.661,http://www.omnicalculator.com/math/width-of-a-rectangle,calc:width-rectangle
,value,conversions,/500-feet-to-miles/,500 ft to mi,2323,0,rapidtables.com,3.661,http://www.rapidtables.com/convert/length/feet-to-mile.html?x=500,val:ft>mi:500
,value,conversions,/124-cm-to-feet/,124 cm to ft,2322,0,rapidtables.com,3.661,http://www.rapidtables.com/convert/length/cm-to-feet.html?x=124,val:cm>ft:124
,calculator,everyday,/microwave-wattage-calculator/,microwave wattage,4250,16,omnicalculator.com,3.66,http://www.omnicalculator.com/everyday-life/microwave-wattage,calc:microwave-wattage
,calculator,everyday,/number-to-billion-calculator/,number to billion,3116,6,omnicalculator.com,3.66,http://www.omnicalculator.com/conversion/number-to-billion-converter,calc:number-to-billion
,calculator,math,/point-estimate-calculator/,point estimate,3116,10,omnicalculator.com,3.66,http://www.omnicalculator.com/statistics/point-estimate,calc:point-estimate
,calculator,math,/dimensions-rectangle-calculator/,dimensions rectangle,4230,21,omnicalculator.com,3.658,http://www.omnicalculator.com/math/dimensions-of-a-rectangle,calc:dimensions-rectangle
,calculator,time-date,/square-inches-to-square-centimeters-calculator/,square inches to square centimeters,3288,36,thecalculatorsite.com,3.658,http://www.thecalculatorsite.com/conversions/area/square-inches-to-square-centimeters.php,calc:square-inches-to-square-centimeters
,value,conversions,/182-cm-to-inches/,182 cm to in,2307,0,widgetly.co,3.658,http://www.widgetly.co/convert/182-cm-to-inches,val:cm>in:182
,calculator,math,/twos-complement-calculator/,twos complement,5855,119,omnicalculator.com,3.655,http://www.omnicalculator.com/math/twos-complement,calc:twos-complement
,calculator,math,/tan-1-calculator/,tan 1,3083,3,omnicalculator.com,3.655,http://www.omnicalculator.com/math/tan-1,calc:tan-1
,calculator,math,/triangle-law-sines-calculator/,triangle law sines,5846,140,calculatorsoup.com,3.654,http://www.calculatorsoup.com/calculators/geometry-plane/triangle-law-of-sines.php,calc:triangle-law-sines
,calculator,everyday,/celsius-to-rankine-calculator/,celsius to rankine,3073,3,calculatorsoup.com,3.654,http://www.calculatorsoup.com/calculators/conversions/celsius-to-rankine.php,calc:celsius-to-rankine
,value,conversions,/141-cm-to-feet/,141 cm to ft,2291,0,rapidtables.com,3.654,http://www.rapidtables.com/convert/length/cm-to-feet.html?x=141,val:cm>ft:141
,calculator,time-date,/date-time-duration-calculator/,date time duration,8457,288,gigacalculator.com,3.652,http://www.gigacalculator.com/calculators/date-time-duration-calculator.php,calc:date-time-duration
,calculator,math,/fraction-to-percentage-calculator/,fraction to percentage,5802,51,omnicalculator.com,3.651,http://www.omnicalculator.com/math/convert-fraction-to-percentage,calc:fraction-to-percentage
,calculator,everyday,/ounce-to-ounce-calculator/,ounce to ounce,5790,145,inchcalculator.com,3.65,http://www.inchcalculator.com/convert/ounce-to-fluid-ounce/,calc:ounce-to-ounce
,calculator,everyday,/uncooked-to-cooked-rice-calculator/,uncooked to cooked rice,4153,17,omnicalculator.com,3.65,http://www.omnicalculator.com/food/uncooked-to-cooked-rice,calc:uncooked-to-cooked-rice
,calculator,math,/ellipse-area-calculator/,ellipse area,3026,8,omnicalculator.com,3.647,http://www.omnicalculator.com/math/ellipse-area,calc:ellipse-area
,calculator,everyday,/nautical-miles-to-meters-calculator/,nautical miles to meters,3014,1,gigacalculator.com,3.645,http://www.gigacalculator.com/converters/convert-nautical-miles-to-meters.php,calc:nautical-miles-to-meters
,calculator,finance,/price-elasticity-supply-calculator/,price elasticity supply,2034,9,omnicalculator.com,3.644,http://www.omnicalculator.com/finance/price-elasticity-supply,calc:price-elasticity-supply
,calculator,science,/frequency-calculator/,frequency,11134,64,omnicalculator.com,3.642,http://www.omnicalculator.com/physics/frequency,calc:frequency
,calculator,everyday,/minus-29-celsius-to-fahrenheit-calculator/,minus 29 celsius to fahrenheit,2998,0,widgetly.co,3.642,http://www.widgetly.co/convert/celsius/minus-29-celsius-to-fahrenheit,calc:minus-29-celsius-to-fahrenheit
,calculator,math,/tan-calculator/,tan,10855,226,rapidtables.com,3.641,http://www.rapidtables.com/calc/math/Tan_Calculator.html,calc:tan
,calculator,science,/gram-force-to-newton-calculator/,gram force to newton,7757,16,unitconverters.net,3.641,http://www.unitconverters.net/force/gram-force-to-newton.htm,calc:gram-force-to-newton
,value,conversions,/126-cm-to-feet/,126 cm to ft,2228,0,rapidtables.com,3.641,http://www.rapidtables.com/convert/length/cm-to-feet.html?x=126,val:cm>ft:126
,calculator,everyday,/minute-calculator/,minute,4059,22,omnicalculator.com,3.64,http://www.omnicalculator.com/everyday-life/minute,calc:minute
,value,conversions,/1-km-to-miles/,1 km to mi,2218,8,rapidtables.com,3.639,http://www.rapidtables.com/convert/length/km-to-mile.html?x=1,val:km>mi:1
,calculator,math,/sig-fig-calculator/,sig fig,10778,241,omnicalculator.com,3.638,http://www.omnicalculator.com/math/sig-fig,calc:sig-fig
,calculator,everyday,/teaspoon-salt-to-gram-salt-calculator/,teaspoon salt to gram salt,4036,28,inchcalculator.com,3.638,http://www.inchcalculator.com/convert/teaspoon-salt-to-gram-salt/,calc:teaspoon-salt-to-gram-salt
,calculator,everyday,/8-hour-shift-calculator/,8 hour shift,4020,13,omnicalculator.com,3.636,http://www.omnicalculator.com/everyday-life/8-hour-shift,calc:8-hour-shift
,calculator,math,/surface-area-rectangular-prism-calculator/,surface area rectangular prism,5571,75,omnicalculator.com,3.634,http://www.omnicalculator.com/math/surface-area-rectangular-prism,calc:surface-area-rectangular-prism
,calculator,everyday,/rankine-to-fahrenheit-calculator/,rankine to fahrenheit,4000,35,rapidtables.com,3.634,http://www.rapidtables.com/convert/temperature/rankine-to-fahrenheit.html,calc:rankine-to-fahrenheit
,calculator,everyday,/kelvin-calculator/,kelvin,2926,9,omnicalculator.com,3.631,http://www.omnicalculator.com/conversion/kelvin-converter,calc:kelvin
,calculator,science,/velocity-t-calculator/,velocity t,10640,113,calculatorsoup.com,3.624,http://www.calculatorsoup.com/calculators/physics/velocity_a_t.php,calc:velocity-t
,calculator,math,/lateral-area-trapezoidal-prism-calculator/,lateral area trapezoidal prism,2869,2,omnicalculator.com,3.622,http://www.omnicalculator.com/math/lateral-area-trapezoidal-prism,calc:lateral-area-trapezoidal-prism
,value,conversions,/5-yards-to-inches/,5 yd to in,2135,0,rapidtables.com,3.621,http://www.rapidtables.com/convert/length/yard-to-inch.html?x=5,val:yd>in:5
,calculator,finance,/fha-loan-calculator/,fha loan,6543,280,calculator.net,3.62,http://www.calculator.net/fha-loan-calculator.html,calc:fha-loan
,calculator,everyday,/seconds-calculator/,seconds,2848,8,omnicalculator.com,3.619,http://www.omnicalculator.com/conversion/seconds-converter,calc:seconds
,converter,conversions,/gallons-to-square-feet/,gal to sqft,2465,18,omnicalculator.com,3.619,http://www.omnicalculator.com/construction/gallons-per-square-foot,conv:gal>sqft
,calculator,math,/conicalfrustum-calculator/,conicalfrustum,5353,74,calculatorsoup.com,3.617,http://www.calculatorsoup.com/calculators/geometry-solids/conicalfrustum.php,calc:conicalfrustum
,calculator,finance,/boat-loan-calculator/,boat loan,3491,101,calculator.net,3.614,http://www.calculator.net/boat-loan-calculator.html,calc:boat-loan
,value,conversions,/136-cm-to-feet/,136 cm to ft,2104,0,rapidtables.com,3.614,http://www.rapidtables.com/convert/length/cm-to-feet.html?x=136,val:cm>ft:136
,value,conversions,/127-cm-to-feet/,127 cm to ft,2099,0,rapidtables.com,3.613,http://www.rapidtables.com/convert/length/cm-to-feet.html?x=127,val:cm>ft:127
,calculator,time-date,/cm-to-ft-centimeters-to-feet-calculator/,cm to ft centimeters to feet,2961,23,gigacalculator.com,3.61,http://www.gigacalculator.com/converters/convert-cm-to-ft-centimeters-to-feet.php,calc:cm-to-ft-centimeters-to-feet
,calculator,everyday,/plywood-calculator/,plywood,5241,78,inchcalculator.com,3.608,http://www.inchcalculator.com/plywood-calculator/,calc:plywood
,calculator,math,/stemleaf-calculator/,stemleaf,5230,119,calculatorsoup.com,3.607,http://www.calculatorsoup.com/calculators/statistics/stemleaf.php,calc:stemleaf
,value,conversions,/2.3-kg-to-lbs/,2.3 kg to lb,2070,0,rapidtables.com,3.606,http://www.rapidtables.com/convert/weight/kg-to-pound.html?x=2.3,val:kg>lb:2.3
,value,conversions,/64-cm-to-inches/,64 cm to in,2068,0,widgetly.co,3.606,http://www.widgetly.co/convert/64-cm-to-inches,val:cm>in:64
,calculator,math,/pentagon-calculator/,pentagon,3742,31,omnicalculator.com,3.605,http://www.omnicalculator.com/math/pentagon,calc:pentagon
,value,conversions,/155-cm-to-feet/,155 cm to ft,2059,0,rapidtables.com,3.604,http://www.rapidtables.com/convert/length/cm-to-feet.html?x=155,val:cm>ft:155
,value,conversions,/175-meters-to-feet/,175 m to ft,2054,0,rapidtables.com,3.603,http://www.rapidtables.com/convert/length/meter-to-feet.html?x=175,val:m>ft:175
,calculator,math,/radius-cone-calculator/,radius cone,2744,2,omnicalculator.com,3.602,http://www.omnicalculator.com/math/radius-of-cone,calc:radius-cone
,value,conversions,/150-meters-to-miles/,150 m to mi,2047,0,rapidtables.com,3.601,http://www.rapidtables.com/convert/length/meter-to-mile.html?x=150,val:m>mi:150
,value,conversions,/128-cm-to-feet/,128 cm to ft,2046,0,rapidtables.com,3.601,http://www.rapidtables.com/convert/length/cm-to-feet.html?x=128,val:cm>ft:128
,calculator,everyday,/height-cm-to-in-ft-calculator/,height cm to in ft,5142,53,calculatorsoup.com,3.6,http://www.calculatorsoup.com/calculators/conversions/height-cm-to-in-and-ft.php,calc:height-cm-to-in-ft
,calculator,math,/trapezoid-perimeter-calculator/,trapezoid perimeter,2728,5,omnicalculator.com,3.599,http://www.omnicalculator.com/math/trapezoid-perimeter,calc:trapezoid-perimeter
,calculator,math,/cubic-feet-cylinder-calculator/,cubic feet cylinder,2717,4,omnicalculator.com,3.598,http://www.omnicalculator.com/math/cubic-feet-cylinder,calc:cubic-feet-cylinder
,value,conversions,/10-km-to-feet/,10 km to ft,2026,0,rapidtables.com,3.596,http://www.rapidtables.com/convert/length/km-to-feet.html?x=10,val:km>ft:10
,calculator,math,/roman-numerals-1-100-calculator/,roman numerals 1 100,5081,134,rapidtables.com,3.595,http://www.rapidtables.com/math/symbols/roman-numerals-1-100.html,calc:roman-numerals-1-100
,calculator,everyday,/number-days-calculator/,number days,3662,26,omnicalculator.com,3.595,http://www.omnicalculator.com/everyday-life/number-days,calc:number-days
,value,conversions,/83-celsius-to-fahrenheit/,83 degc to degf,2023,0,widgetly.co,3.595,http://www.widgetly.co/convert/celsius/83-celsius-to-fahrenheit,val:degc>degf:83
,value,conversions,/3200-meters-to-miles/,3200 m to mi,2021,0,rapidtables.com,3.595,http://www.rapidtables.com/convert/length/meter-to-mile.html?x=3200,val:m>mi:3200
,value,conversions,/2400-meters-to-miles/,2400 m to mi,2015,0,rapidtables.com,3.594,http://www.rapidtables.com/convert/length/meter-to-mile.html?x=2400,val:m>mi:2400
,calculator,science,/watt-to-kw-calculator/,watt to kw,9792,60,rapidtables.com,3.592,http://www.rapidtables.com/convert/power/Watt_to_kW.html,calc:watt-to-kw
,calculator,everyday,/coulomb-to-microcoulomb-calculator/,coulomb to microcoulomb,3623,18,rapidtables.com,3.59,http://www.rapidtables.com/convert/charge/coulomb-to-microcoulomb.html,calc:coulomb-to-microcoulomb
,calculator,everyday,/minus-6-fahrenheit-to-celsius-calculator/,minus 6 fahrenheit to celsius,2654,0,widgetly.co,3.587,http://www.widgetly.co/convert/fahrenheit/minus-6-fahrenheit-to-celsius,calc:minus-6-fahrenheit-to-celsius
,calculator,math,/long-subtraction-regrouping-calculator/,long subtraction regrouping,4976,77,calculatorsoup.com,3.586,http://www.calculatorsoup.com/calculators/math/long-subtraction-with-regrouping-calculator.php,calc:long-subtraction-regrouping
,calculator,math,/sum-series-calculator/,sum series,3579,25,omnicalculator.com,3.585,http://www.omnicalculator.com/math/sum-of-series,calc:sum-series
,value,conversions,/108-fahrenheit-to-celsius/,108 degf to degc,1977,0,widgetly.co,3.585,http://www.widgetly.co/convert/fahrenheit/108-fahrenheit-to-celsius,val:degf>degc:108
,qa,conversions,/how-many-seconds-in-a-day/,How many seconds are in a day?,3110,58,rapidtables.com,3.584,http://www.rapidtables.com/calc/time/seconds-in-day.html,qa:sec-in-day
,calculator,everyday,/30-min-calculator/,30 min,2637,7,omnicalculator.com,3.584,http://www.omnicalculator.com/everyday-life/30-min,calc:30-min
,calculator,math,/perimeter-rectangle-calculator/,perimeter rectangle,3557,17,omnicalculator.com,3.582,http://www.omnicalculator.com/math/perimeter-of-rectangle,calc:perimeter-rectangle
,calculator,math,/cartesian-to-polar-calculator/,cartesian to polar,3551,15,omnicalculator.com,3.582,http://www.omnicalculator.com/math/cartesian-to-polar,calc:cartesian-to-polar
,calculator,math,/sin-degrees-calculator/,sin degrees,2618,3,omnicalculator.com,3.581,http://www.omnicalculator.com/math/sin-degrees,calc:sin-degrees
,value,conversions,/3-yards-to-inches/,3 yd to in,1958,0,rapidtables.com,3.58,http://www.rapidtables.com/convert/length/yard-to-inch.html?x=3,val:yd>in:3
,calculator,math,/circle-measurements-calculator/,circle measurements,3530,12,omnicalculator.com,3.579,http://www.omnicalculator.com/math/circle-measurements,calc:circle-measurements
,value,conversions,/172-cm-to-inches/,172 cm to in,1951,0,widgetly.co,3.578,http://www.widgetly.co/convert/172-cm-to-inches,val:cm>in:172
,calculator,everyday,/battery-charge-time-calculator/,battery charge time,2598,6,omnicalculator.com,3.577,http://www.omnicalculator.com/everyday-life/battery-charge-time,calc:battery-charge-time
,value,conversions,/10-cm-to-feet/,10 cm to ft,1947,0,rapidtables.com,3.577,http://www.rapidtables.com/convert/length/cm-to-feet.html?x=10,val:cm>ft:10
,calculator,math,/residual-calculator/,residual,3502,12,omnicalculator.com,3.576,http://www.omnicalculator.com/statistics/residual,calc:residual
,calculator,finance,/price-calculator/,price,3203,89,calculatorsoup.com,3.576,http://www.calculatorsoup.com/calculators/financial/price-calculator.php,calc:price
,calculator,math,/perimeter-rectangle-given-area-calculator/,perimeter rectangle given area,2584,7,omnicalculator.com,3.575,http://www.omnicalculator.com/math/perimeter-of-a-rectangle-with-given-area,calc:perimeter-rectangle-given-area
,calculator,everyday,/fathoms-to-feet-calculator/,fathoms to feet,2567,1,gigacalculator.com,3.572,http://www.gigacalculator.com/converters/convert-fathoms-to-feet.php,calc:fathoms-to-feet
,value,conversions,/110-fahrenheit-to-celsius/,110 degf to degc,1920,0,widgetly.co,3.571,http://www.widgetly.co/convert/fahrenheit/110-fahrenheit-to-celsius,val:degf>degc:110
,calculator,finance,/effective-annual-rate-calculator/,effective annual rate,3154,140,calculatorsoup.com,3.569,http://www.calculatorsoup.com/calculators/financial/effective-annual-rate-calculator.php,calc:effective-annual-rate
,calculator,math,/round-to-nearest-integer-calculator/,round to nearest integer,3432,14,omnicalculator.com,3.567,http://www.omnicalculator.com/math/round-to-the-nearest-integer,calc:round-to-nearest-integer
,calculator,math,/perimeter-quadrilateral-calculator/,perimeter quadrilateral,2542,1,omnicalculator.com,3.567,http://www.omnicalculator.com/math/perimeter-quadrilateral,calc:perimeter-quadrilateral
,calculator,everyday,/ppm-calculator/,ppm,3381,41,omnicalculator.com,3.56,http://www.omnicalculator.com/conversion/ppm,calc:ppm
,calculator,finance,/yield-to-maturity-calculator/,yield to maturity,3080,129,omnicalculator.com,3.558,http://www.omnicalculator.com/finance/yield-to-maturity,calc:yield-to-maturity
,converter,conversions,/gallons-to-tons/,gal to ton,1625,4,omnicalculator.com,3.558,http://www.omnicalculator.com/conversion/gallon-to-tons,conv:gal>ton
,calculator,math,/pie-angle-calculator/,pie angle,2484,2,omnicalculator.com,3.557,http://www.omnicalculator.com/statistics/pie-chart-angle,calc:pie-angle
,value,conversions,/97-celsius-to-fahrenheit/,97 degc to degf,1863,0,widgetly.co,3.557,http://www.widgetly.co/convert/celsius/97-celsius-to-fahrenheit,val:degc>degf:97
,calculator,math,/triangle-degree-calculator/,triangle degree,2478,2,omnicalculator.com,3.556,http://www.omnicalculator.com/math/triangle-degree,calc:triangle-degree
,calculator,math,/cylinder-volume-gallons-calculator/,cylinder volume gallons,3310,18,omnicalculator.com,3.551,http://www.omnicalculator.com/math/cylinder-volume-gallons,calc:cylinder-volume-gallons
,calculator,everyday,/joule-to-kwh-calculator/,joule to kwh,4572,64,rapidtables.com,3.55,http://www.rapidtables.com/convert/energy/Joule_to_kWh.html,calc:joule-to-kwh
,calculator,math,/triangle-30-60-90-calculator/,triangle 30 60 90,4553,72,omnicalculator.com,3.549,http://www.omnicalculator.com/math/triangle-30-60-90,calc:triangle-30-60-90
,calculator,finance,/continuous-compound-calculator/,continuous compound,2217,22,omnicalculator.com,3.549,http://www.omnicalculator.com/finance/continuous-compound,calc:continuous-compound
,value,conversions,/180-meters-to-feet/,180 m to ft,1832,0,rapidtables.com,3.549,http://www.rapidtables.com/convert/length/meter-to-feet.html?x=180,val:m>ft:180
,calculator,everyday,/mm-millimeters-calculator/,mm millimeters,2439,9,omnicalculator.com,3.548,http://www.omnicalculator.com/conversion/mm-millimeters,calc:mm-millimeters
,value,conversions,/137-cm-to-feet/,137 cm to ft,1827,0,rapidtables.com,3.547,http://www.rapidtables.com/convert/length/cm-to-feet.html?x=137,val:cm>ft:137
,calculator,science,/megaw-to-watt-calculator/,megaw to watt,6150,29,rapidtables.com,3.546,http://www.rapidtables.com/convert/power/megaw-to-watt.html,calc:megaw-to-watt
,calculator,finance,/payback-period-calculator/,payback period,2988,159,calculator.net,3.545,http://www.calculator.net/payback-period-calculator.html,calc:payback-period
,calculator,science,/momentum-calculator/,momentum,8667,92,calculatorsoup.com,3.544,http://www.calculatorsoup.com/calculators/physics/momentum.php,calc:momentum
,countdown,time-date,/christmas/,countdown: christmas,2553,49,omnicalculator.com,3.543,http://www.omnicalculator.com/other/days-until-christmas,countdown:christmas
,value,conversions,/88-celsius-to-fahrenheit/,88 degc to degf,1805,0,widgetly.co,3.542,http://www.widgetly.co/convert/celsius/88-celsius-to-fahrenheit,val:degc>degf:88
,calculator,health,/swimming-calorie-calculator/,swimming calorie,14648,64,omnicalculator.com,3.541,http://www.omnicalculator.com/sports/swimming-calorie,calc:swimming-calorie
,calculator,everyday,/0-60-calculator/,0 60,3231,45,omnicalculator.com,3.54,http://www.omnicalculator.com/everyday-life/0-60,calc:0-60
,calculator,math,/isosceles-triangle-calculator/,isosceles triangle,4456,124,omnicalculator.com,3.539,http://www.omnicalculator.com/math/isosceles-triangle,calc:isosceles-triangle
,calculator,science,/capacitive-reactance-calculator/,capacitive reactance,5967,25,omnicalculator.com,3.534,http://www.omnicalculator.com/physics/capacitive-reactance,calc:capacitive-reactance
,calculator,math,/degrees-freedom-calculator/,degrees freedom,4391,55,omnicalculator.com,3.533,http://www.omnicalculator.com/statistics/degrees-of-freedom,calc:degrees-freedom
,calculator,science,/amp-to-kva-calculator/,amp to kva,8410,86,rapidtables.com,3.532,http://www.rapidtables.com/calc/electric/Amp_to_kVA_Calculator.html,calc:amp-to-kva
,calculator,time-date,/decimal-degrees-to-degrees-minutes-seconds-calculator/,decimal degrees to degrees minutes seconds,3389,143,calculatorsoup.com,3.53,http://www.calculatorsoup.com/calculators/conversions/convert-decimal-degrees-to-degrees-minutes-seconds.php,calc:decimal-degrees-to-degrees-minutes-seconds
,calculator,health,/running-calorie-calculator/,running calorie,9775,45,omnicalculator.com,3.527,http://www.omnicalculator.com/sports/running-calorie,calc:running-calorie
,calculator,math,/herons-calculator/,herons,3138,40,omnicalculator.com,3.527,http://www.omnicalculator.com/math/herons-formula,calc:herons
,calculator,everyday,/quarters-to-dollars-calculator/,quarters to dollars,2325,0,omnicalculator.com,3.527,http://www.omnicalculator.com/conversion/quarters-to-dollars,calc:quarters-to-dollars
,calculator,science,/weight-mass-calculator/,weight mass,8213,110,unitconverters.net,3.523,http://www.unitconverters.net/weight-and-mass-converter.html,calc:weight-mass
,calculator,math,/number-sequence-calculator/,number sequence,4262,134,calculator.net,3.521,http://www.calculator.net/number-sequence-calculator.html,calc:number-sequence
,calculator,finance,/ctr-calculator/,ctr,2085,17,omnicalculator.com,3.521,http://www.omnicalculator.com/finance/ctr,calc:ctr
,calculator,everyday,/oz-to-cups-calculator/,oz to cups,3081,19,gigacalculator.com,3.519,http://www.gigacalculator.com/converters/convert-oz-to-cups.php,calc:oz-to-cups
,calculator,everyday,/gb-to-mb-calculator/,gb to mb,4239,53,gigacalculator.com,3.518,http://www.gigacalculator.com/converters/convert-gb-to-mb.php,calc:gb-to-mb
,converter,conversions,/tb-to-kb/,tb to kb,1950,18,thecalculatorsite.com,3.511,http://www.thecalculatorsite.com/conversions/datastorage/terabytes-kilobytes.php,conv:tb>kb
,calculator,science,/concentration-calculator/,concentration,5604,46,omnicalculator.com,3.509,http://www.omnicalculator.com/chemistry/concentration,calc:concentration
,calculator,math,/power-2-calculator/,power 2,3012,18,omnicalculator.com,3.509,http://www.omnicalculator.com/math/power-of-2,calc:power-2
,calculator,everyday,/mbps-to-mb-calculator/,mbps to mb,4123,73,gigacalculator.com,3.507,http://www.gigacalculator.com/converters/convert-mbps-to-mb.php,calc:mbps-to-mb
,calculator,health,/sauna-calories-burned-calculator/,sauna calories burned,6587,8,omnicalculator.com,3.506,http://www.omnicalculator.com/sports/sauna-calories-burned,calc:sauna-calories-burned
,calculator,science,/mass-percent-calculator/,mass percent,4041,9,omnicalculator.com,3.506,http://www.omnicalculator.com/chemistry/mass-percent,calc:mass-percent
,calculator,math,/line-equation-from-two-points-calculator/,line equation from two points,2192,10,omnicalculator.com,3.5,http://www.omnicalculator.com/math/line-equation-from-two-points,calc:line-equation-from-two-points
,calculator,everyday,/garbage-bag-size-calculator/,garbage bag size,2187,9,omnicalculator.com,3.499,http://www.omnicalculator.com/everyday-life/garbage-bag-size,calc:garbage-bag-size
,calculator,everyday,/ft-to-yd-feet-to-yards-calculator/,ft to yd feet to yards,2179,10,gigacalculator.com,3.497,http://www.gigacalculator.com/converters/convert-ft-to-yd-feet-to-yards.php,calc:ft-to-yd-feet-to-yards
,calculator,science,/ohms-law-resistance-calculator/,ohms law resistance,3952,2,omnicalculator.com,3.496,http://www.omnicalculator.com/physics/ohms-law-resistance,calc:ohms-law-resistance
,calculator,science,/mps-to-mph-calculator/,mps to mph,5425,12,gigacalculator.com,3.495,http://www.gigacalculator.com/converters/convert-mps-to-mph.php,calc:mps-to-mph
,calculator,science,/angular-velocity-calculator/,angular velocity,7576,79,omnicalculator.com,3.491,http://www.omnicalculator.com/physics/angular-velocity,calc:angular-velocity
,calculator,everyday,/dilution-ratio-calculator/,dilution ratio,3927,122,omnicalculator.com,3.486,http://www.omnicalculator.com/everyday-life/dilution-ratio,calc:dilution-ratio
,calculator,everyday,/jeans-size-calculator/,jeans size,3913,163,omnicalculator.com,3.485,http://www.omnicalculator.com/everyday-life/jeans-size,calc:jeans-size
,value,conversions,/325-fahrenheit-to-celsius/,325 degf to degc,2126,29,rapidtables.com,3.485,http://www.rapidtables.com/convert/temperature/325-fahrenheit-to-celsius.html,val:degf>degc:325
,value,conversions,/425-fahrenheit-to-celsius/,425 degf to degc,2119,29,rapidtables.com,3.483,http://www.rapidtables.com/convert/temperature/425-fahrenheit-to-celsius.html,val:degf>degc:425
,calculator,math,/engineering-notation-calculator/,engineering notation,2114,4,omnicalculator.com,3.483,http://www.omnicalculator.com/math/engineering-notation,calc:engineering-notation
,calculator,finance,/tax-calculator/,tax,4679,506,calculator.net,3.482,http://www.calculator.net/tax-calculator.html,calc:tax
,calculator,everyday,/m-to-ft-meters-to-feet-calculator/,m to ft meters to feet,2802,20,gigacalculator.com,3.478,http://www.gigacalculator.com/converters/convert-m-to-ft-meters-to-feet.php,calc:m-to-ft-meters-to-feet
,calculator,everyday,/minus-51-fahrenheit-to-celsius-calculator/,minus 51 fahrenheit to celsius,2070,0,widgetly.co,3.474,http://www.widgetly.co/convert/fahrenheit/minus-51-fahrenheit-to-celsius,calc:minus-51-fahrenheit-to-celsius
,calculator,science,/dog-size-calculator/,dog size,7235,89,omnicalculator.com,3.473,http://www.omnicalculator.com/biology/dog-size,calc:dog-size
,calculator,everyday,/coulomb-to-nanocoulomb-calculator/,coulomb to nanocoulomb,2068,5,rapidtables.com,3.473,http://www.rapidtables.com/convert/charge/coulomb-to-nanocoulomb.html,calc:coulomb-to-nanocoulomb
,calculator,everyday,/time-adder-calculator/,time adder,2058,6,omnicalculator.com,3.471,http://www.omnicalculator.com/everyday-life/time-adder,calc:time-adder
,calculator,everyday,/age-in-years-calculator/,age in years,2745,41,omnicalculator.com,3.469,http://www.omnicalculator.com/everyday-life/age-in-years,calc:age-in-years
,calculator,math,/base-triangle-calculator/,base triangle,2036,4,omnicalculator.com,3.466,http://www.omnicalculator.com/math/base-of-a-triangle,calc:base-triangle
,calculator,math,/percent-decrease-calculator/,percent decrease,3728,139,gigacalculator.com,3.464,http://www.gigacalculator.com/calculators/percent-decrease-calculator.php,calc:percent-decrease
,calculator,math,/octal-to-decimal-calculator/,octal to decimal,3717,80,rapidtables.com,3.463,http://www.rapidtables.com/convert/number/octal-to-decimal.html,calc:octal-to-decimal
,calculator,math,/round-to-nearest-hundredth-calculator/,round to nearest hundredth,2023,4,omnicalculator.com,3.463,http://www.omnicalculator.com/math/round-to-the-nearest-hundredth,calc:round-to-nearest-hundredth
,value,conversions,/89-celsius-to-fahrenheit/,89 degc to degf,1529,0,widgetly.co,3.463,http://www.widgetly.co/convert/celsius/89-celsius-to-fahrenheit,val:degc>degf:89
,calculator,math,/greatest-to-least-calculator/,greatest to least,2016,2,omnicalculator.com,3.462,http://www.omnicalculator.com/statistics/greatest-to-least,calc:greatest-to-least
,calculator,everyday,/mm-to-in-millimeters-to-inches-calculator/,mm to in millimeters to inches,2692,16,gigacalculator.com,3.46,http://www.gigacalculator.com/converters/convert-mm-to-in-millimeters-to-inches.php,calc:mm-to-in-millimeters-to-inches
,calculator,math,/arctan-calculator/,arctan,3662,197,rapidtables.com,3.457,http://www.rapidtables.com/calc/math/Arctan_Calculator.html,calc:arctan
,calculator,math,/cross-product-calculator/,cross product,2669,26,omnicalculator.com,3.457,http://www.omnicalculator.com/math/cross-product,calc:cross-product
,calculator,math,/relative-frequency-calculator/,relative frequency,2668,19,omnicalculator.com,3.456,http://www.omnicalculator.com/statistics/relative-frequency,calc:relative-frequency
,value,conversions,/74-fahrenheit-to-celsius/,74 degf to degc,1501,0,widgetly.co,3.455,http://www.widgetly.co/convert/fahrenheit/74-fahrenheit-to-celsius,val:degf>degc:74
,calculator,everyday,/newton-to-joules-calculator/,newton to joules,2648,23,omnicalculator.com,3.453,http://www.omnicalculator.com/conversion/newton-to-joules,calc:newton-to-joules
,calculator,math,/slant-height-cone-calculator/,slant height cone,1976,2,omnicalculator.com,3.453,http://www.omnicalculator.com/math/slant-height-of-cone,calc:slant-height-cone
,calculator,science,/dew-point-calculator/,dew point,13294,205,calculator.net,3.451,http://www.calculator.net/dew-point-calculator.html,calc:dew-point
,calculator,math,/ascii-to-hex-calculator/,ascii to hex,6689,422,rapidtables.com,3.451,http://www.rapidtables.com/convert/number/ascii-to-hex.html,calc:ascii-to-hex
,calculator,finance,/retirement-calculator/,retirement,4341,722,calculator.net,3.451,http://www.calculator.net/retirement-calculator.html,calc:retirement
,calculator,math,/mixed-number-to-percent-calculator/,mixed number to percent,3613,62,calculatorsoup.com,3.451,http://www.calculatorsoup.com/calculators/math/mixed-number-to-percent-calculator.php,calc:mixed-number-to-percent
,calculator,everyday,/in-to-ft-inches-to-feet-calculator/,in to ft inches to feet,2617,14,gigacalculator.com,3.448,http://www.gigacalculator.com/converters/convert-in-to-ft-inches-to-feet.php,calc:in-to-ft-inches-to-feet
,calculator,science,/heat-index-calculator/,heat index,6762,180,calculator.net,3.447,http://www.calculator.net/heat-index-calculator.html,calc:heat-index
,calculator,time-date,/mm-to-cm-millimeters-to-centimeters-calculator/,mm to cm millimeters to centimeters,2064,19,gigacalculator.com,3.447,http://www.gigacalculator.com/converters/convert-mm-to-cm-millimeters-to-centimeters.php,calc:mm-to-cm-millimeters-to-centimeters
,calculator,math,/point-slope-form-calculator/,point slope form,3563,136,omnicalculator.com,3.445,http://www.omnicalculator.com/math/point-slope-form,calc:point-slope-form
,calculator,everyday,/how-old-was-i-calculator/,how old was i,1942,5,omnicalculator.com,3.445,http://www.omnicalculator.com/everyday-life/how-old-was-i,calc:how-old-was-i
,calculator,everyday,/kb-to-mb-calculator/,kb to mb,2583,50,gigacalculator.com,3.442,http://www.gigacalculator.com/converters/convert-kb-to-mb.php,calc:kb-to-mb
,calculator,math,/fourthroots-calculator/,fourthroots,3514,53,calculatorsoup.com,3.439,http://www.calculatorsoup.com/calculators/algebra/fourthroots.php,calc:fourthroots
,calculator,everyday,/electricity-cost-calculator/,electricity cost,3506,124,omnicalculator.com,3.438,http://www.omnicalculator.com/everyday-life/electricity-cost,calc:electricity-cost
,calculator,everyday,/micrometer-to-mm-calculator/,micrometer to mm,2556,14,gigacalculator.com,3.438,http://www.gigacalculator.com/converters/convert-micrometer-to-mm.php,calc:micrometer-to-mm
,calculator,science,/watt-volt-amp-calculator/,watt volt amp,12734,548,rapidtables.com,3.436,http://www.rapidtables.com/calc/electric/watt-volt-amp-calculator.html,calc:watt-volt-amp
,calculator,math,/volume-box-calculator/,volume box,3465,127,gigacalculator.com,3.434,http://www.gigacalculator.com/calculators/volume-of-box-calculator.php,calc:volume-box
,calculator,everyday,/km-to-m-kilometers-to-meters-calculator/,km to m kilometers to meters,2523,17,gigacalculator.com,3.432,http://www.gigacalculator.com/converters/convert-km-to-m-kilometers-to-meters.php,calc:km-to-m-kilometers-to-meters
,calculator,math,/big-number-calculator/,big number,6350,327,calculator.net,3.43,http://www.calculator.net/big-number-calculator.html,calc:big-number
,calculator,time-date,/degrees-minutes-seconds-to-degrees-calculator/,degrees minutes seconds to degrees,4861,249,rapidtables.com,3.429,http://www.rapidtables.com/convert/number/degrees-minutes-seconds-to-degrees.html,calc:degrees-minutes-seconds-to-degrees
,calculator,finance,/annuity-calculator/,annuity,4115,226,calculator.net,3.429,http://www.calculator.net/annuity-calculator.html,calc:annuity
,calculator,math,/kite-area-calculator/,kite area,2501,21,omnicalculator.com,3.428,http://www.omnicalculator.com/math/kite-area,calc:kite-area
,calculator,everyday,/aquarium-glass-thickness-calculator/,aquarium glass thickness,2483,43,omnicalculator.com,3.425,http://www.omnicalculator.com/other/aquarium-glass-thickness,calc:aquarium-glass-thickness
,calculator,everyday,/cups-to-ml-calculator/,cups to ml,1851,3,gigacalculator.com,3.423,http://www.gigacalculator.com/converters/convert-cups-to-ml.php,calc:cups-to-ml
,calculator,everyday,/inversetrigonometricfunctions-calculator/,inversetrigonometricfunctions,3367,114,calculatorsoup.com,3.421,http://www.calculatorsoup.com/calculators/trigonometry/inversetrigonometricfunctions.php,calc:inversetrigonometricfunctions
,calculator,health,/calories-burned-by-heart-rate-calculator/,calories burned by heart rate,7392,21,omnicalculator.com,3.42,http://www.omnicalculator.com/sports/calories-burned-by-heart-rate,calc:calories-burned-by-heart-rate
,calculator,math,/fractionsorder-calculator/,fractionsorder,3322,106,calculatorsoup.com,3.416,http://www.calculatorsoup.com/calculators/math/fractionsorder.php,calc:fractionsorder
,calculator,math,/fifthroots-calculator/,fifthroots,2429,36,calculatorsoup.com,3.415,http://www.calculatorsoup.com/calculators/algebra/fifthroots.php,calc:fifthroots
,qa,conversions,/how-many-hours-in-a-year/,How many hours are in a year?,2127,100,rapidtables.com,3.414,http://www.rapidtables.com/calc/time/hours-in-year.html,qa:hr-in-year
,calculator,health,/calorie-to-kilocalorie-calculator/,calorie to kilocalorie,5177,4,inchcalculator.com,3.41,http://www.inchcalculator.com/convert/calorie-to-kilocalorie/,calc:calorie-to-kilocalorie
,calculator,math,/complementary-angles-calculator/,complementary angles,1801,2,omnicalculator.com,3.41,http://www.omnicalculator.com/math/complementary-angles,calc:complementary-angles
,calculator,finance,/turnover-rate-calculator/,turnover rate,2192,64,omnicalculator.com,3.408,http://www.omnicalculator.com/finance/turnover-rate,calc:turnover-rate
,calculator,everyday,/m-to-yd-meters-to-yards-calculator/,m to yd meters to yards,1792,5,gigacalculator.com,3.408,http://www.gigacalculator.com/converters/convert-m-to-yd-meters-to-yards.php,calc:m-to-yd-meters-to-yards
,calculator,everyday,/minus-33-celsius-to-fahrenheit-calculator/,minus 33 celsius to fahrenheit,1790,0,widgetly.co,3.408,http://www.widgetly.co/convert/celsius/minus-33-celsius-to-fahrenheit,calc:minus-33-celsius-to-fahrenheit
,calculator,science,/torque-calculator/,torque,6103,68,omnicalculator.com,3.407,http://www.omnicalculator.com/physics/torque,calc:torque
,calculator,time-date,/ft-to-cm-feet-to-centimeters-calculator/,ft to cm feet to centimeters,1886,15,gigacalculator.com,3.407,http://www.gigacalculator.com/converters/convert-ft-to-cm-feet-to-centimeters.php,calc:ft-to-cm-feet-to-centimeters
,calculator,everyday,/engine-hours-to-miles-calculator/,engine hours to miles,1782,7,omnicalculator.com,3.406,http://www.omnicalculator.com/everyday-life/engine-hours-to-miles-converter,calc:engine-hours-to-miles
,calculator,health,/blood-type-calculator/,blood type,10130,101,omnicalculator.com,3.405,http://www.omnicalculator.com/health/blood-type,calc:blood-type
,calculator,science,/work-power-calculator/,work power,4333,44,omnicalculator.com,3.404,http://www.omnicalculator.com/physics/work-and-power,calc:work-power
,calculator,everyday,/yd-to-ft-yards-to-feet-calculator/,yd to ft yards to feet,1773,8,gigacalculator.com,3.403,http://www.gigacalculator.com/converters/convert-yd-to-ft-yards-to-feet.php,calc:yd-to-ft-yards-to-feet
,calculator,math,/positive-slope-vs-negative-slope-calculator/,positive slope vs negative slope,1766,0,omnicalculator.com,3.402,http://www.omnicalculator.com/positive-slope-vs-negative-slope,calc:positive-slope-vs-negative-slope
,calculator,health,/ovulation-calculator/,ovulation,20079,204,calculator.net,3.401,http://www.calculator.net/ovulation-calculator.html,calc:ovulation
,calculator,health,/weight-watchers-points-calculator/,weight watchers points,19861,566,calculator.net,3.398,http://www.calculator.net/weight-watchers-points-calculator.html,calc:weight-watchers-points
,calculator,science,/kiloohm-to-ohm-calculator/,kiloohm to ohm,5943,56,inchcalculator.com,3.397,http://www.inchcalculator.com/convert/kiloohm-to-ohm/,calc:kiloohm-to-ohm
,calculator,science,/water-density-calculator/,water density,4254,34,omnicalculator.com,3.397,http://www.omnicalculator.com/physics/water-density,calc:water-density
,calculator,math,/standard-form-to-slope-intercept-form-calculator/,standard form to slope intercept form,1741,4,omnicalculator.com,3.395,http://www.omnicalculator.com/math/standard-form-to-slope-intercept-form,calc:standard-form-to-slope-intercept-form
,calculator,math,/isosceles-right-triangle-hypotenuse-calculator/,isosceles right triangle hypotenuse,1733,3,omnicalculator.com,3.393,http://www.omnicalculator.com/math/isosceles-right-triangle-hypotenuse,calc:isosceles-right-triangle-hypotenuse
,calculator,everyday,/add-time-calculator/,add time,2294,25,omnicalculator.com,3.39,http://www.omnicalculator.com/everyday-life/add-time,calc:add-time
,calculator,science,/wavelength-calculator/,wavelength,5790,61,calculatorsoup.com omnicalculator.com,3.386,http://www.calculatorsoup.com/calculators/physics/wavelength.php,calc:wavelength
,calculator,health,/target-heart-rate-calculator/,target heart rate,6744,25,calculator.net,3.385,http://www.calculator.net/target-heart-rate-calculator.html,calc:target-heart-rate
,calculator,finance,/sale-price-calculator/,sale price,3693,257,calculatorsoup.com,3.384,http://www.calculatorsoup.com/calculators/financial/sale-price-calculator.php,calc:sale-price
,calculator,math,/infinity-symbol-calculator/,infinity symbol,3073,196,rapidtables.com,3.383,http://www.rapidtables.com/math/symbols/Infinity_Symbol.html,calc:infinity-symbol
,calculator,science,/moles-to-atoms-calculator/,moles to atoms,3026,3,omnicalculator.com,3.383,http://www.omnicalculator.com/chemistry/moles-to-atoms,calc:moles-to-atoms
,converter,conversions,/hp-to-watts/,hp to w,1975,88,rapidtables.com,3.381,http://www.rapidtables.com/convert/power/hp-to-watt.html,conv:hp>w
,calculator,everyday,/mutual-fund-calculator/,mutual fund,1686,2,calculator.net,3.38,http://www.calculator.net/mutual-fund-calculator.html,calc:mutual-fund
,calculator,health,/km-steps-calculator/,km steps,6572,47,thecalculatorsite.com,3.375,http://www.thecalculatorsite.com/health/km-steps.php,calc:km-steps
,calculator,science,/amp-to-watt-calculator/,amp to watt,10756,263,rapidtables.com,3.374,http://www.rapidtables.com/calc/electric/Amp_to_Watt_Calculator.html,calc:amp-to-watt
,calculator,science,/flow-rate-calculator/,flow rate,4024,43,omnicalculator.com,3.374,http://www.omnicalculator.com/physics/flow-rate,calc:flow-rate
,calculator,science,/resultant-force-calculator/,resultant force,4020,37,omnicalculator.com,3.374,http://www.omnicalculator.com/physics/resultant-force,calc:resultant-force
,calculator,everyday,/rpm-calculator/,rpm,2973,57,omnicalculator.com,3.369,http://www.omnicalculator.com/everyday-life/rpm,calc:rpm
,qa,conversions,/how-many-days-in-a-year/,How many days are in a year?,1911,104,rapidtables.com,3.367,http://www.rapidtables.com/calc/time/days-in-year.html,qa:day-in-year
,calculator,health,/carbohydrate-calculator/,carbohydrate,18039,317,calculator.net,3.365,http://www.calculator.net/carbohydrate-calculator.html,calc:carbohydrate
,calculator,math,/percent-to-ppm-calculator/,percent to ppm,2948,109,rapidtables.com,3.365,http://www.rapidtables.com/convert/number/Percent_to_PPM.html,calc:percent-to-ppm
,calculator,science,/joule-to-watt-calculator/,joule to watt,5474,102,rapidtables.com,3.364,http://www.rapidtables.com/calc/electric/Joule_to_Watt_Calculator.html,calc:joule-to-watt
,calculator,everyday,/metric-to-calculator/,metric to,2160,13,omnicalculator.com,3.364,http://www.omnicalculator.com/conversion/metric-to-imperial-conversion,calc:metric-to
,calculator,everyday,/kilojoules-to-joules-kj-to-j-calculator/,kilojoules to joules kj to j,1625,2,gigacalculator.com,3.364,http://www.gigacalculator.com/converters/convert-kilojoules-to-joules-kj-to-j.php,calc:kilojoules-to-joules-kj-to-j
,calculator,everyday,/mbit-to-mb-calculator/,mbit to mb,2136,25,gigacalculator.com,3.359,http://www.gigacalculator.com/converters/convert-mbit-to-mb.php,calc:mbit-to-mb
,calculator,health,/sleep-calculator/,sleep,8887,113,calculator.net,3.356,http://www.calculator.net/sleep-calculator.html,calc:sleep
,calculator,everyday,/kilometers-to-miles-calculator/,kilometers to miles,2110,38,gigacalculator.com,3.354,http://www.gigacalculator.com/converters/convert-kilometers-to-miles.php,calc:kilometers-to-miles
,calculator,math,/trigonometry-calculator/,trigonometry,5214,294,omnicalculator.com,3.353,http://www.omnicalculator.com/math/trigonometry,calc:trigonometry
,calculator,everyday,/money-weight-calculator/,money weight,5213,225,omnicalculator.com,3.353,http://www.omnicalculator.com/everyday-life/money-weight,calc:money-weight
,calculator,math,/math-equation-solver-calculator/,math equation solver,5213,324,calculatorsoup.com,3.353,http://www.calculatorsoup.com/calculators/math/math-equation-solver.php,calc:math-equation-solver
,calculator,math,/endpoint-calculator/,endpoint,2865,53,omnicalculator.com,3.353,http://www.omnicalculator.com/math/endpoint,calc:endpoint
,calculator,everyday,/yd-to-m-yards-to-meters-calculator/,yd to m yards to meters,1581,5,gigacalculator.com,3.351,http://www.gigacalculator.com/converters/convert-yd-to-m-yards-to-meters.php,calc:yd-to-m-yards-to-meters
,calculator,math,/squares-calculator/,squares,2842,102,calculatorsoup.com,3.35,http://www.calculatorsoup.com/calculators/geometry-plane/squares.php,calc:squares
,calculator,everyday,/tsp-to-grams-calculator/,tsp to grams,2095,11,gigacalculator.com,3.35,http://www.gigacalculator.com/converters/convert-tsp-to-grams.php,calc:tsp-to-grams
,calculator,everyday,/angstrom-to-nm-calculator/,angstrom to nm,1577,5,omnicalculator.com,3.35,http://www.omnicalculator.com/conversion/angstrom-to-nm-conversion,calc:angstrom-to-nm
,calculator,everyday,/lot-size-to-acres-calculator/,lot size to acres,1576,5,omnicalculator.com,3.35,http://www.omnicalculator.com/conversion/lot-size-to-acres,calc:lot-size-to-acres
,calculator,everyday,/mil-calculator/,mil,1562,4,omnicalculator.com,3.346,http://www.omnicalculator.com/conversion/mil-conversion,calc:mil
,calculator,math,/fractionscalculators-calculator/,fractionscalculators,2793,172,calculatorsoup.com,3.343,http://www.calculatorsoup.com/calculators/math/fractionscalculators.php,calc:fractionscalculators
,calculator,everyday,/in-to-m-inches-to-meters-calculator/,in to m inches to meters,1553,9,gigacalculator.com,3.343,http://www.gigacalculator.com/converters/convert-in-to-m-inches-to-meters.php,calc:in-to-m-inches-to-meters
,calculator,science,/electrical-symbols-calculator/,electrical symbols,9834,340,rapidtables.com,3.342,http://www.rapidtables.com/electric/electrical_symbols.html,calc:electrical-symbols
,calculator,everyday,/tsp-to-cups-calculator/,tsp to cups,1545,2,gigacalculator.com,3.341,http://www.gigacalculator.com/converters/convert-tsp-to-cups.php,calc:tsp-to-cups
,calculator,finance,/depreciation-calculator/,depreciation,3322,301,calculator.net,3.34,http://www.calculator.net/depreciation-calculator.html,calc:depreciation
,calculator,science,/mixing-ratio-calculator/,mixing ratio,2712,10,omnicalculator.com,3.337,http://www.omnicalculator.com/chemistry/mixing-ratio,calc:mixing-ratio
,calculator,math,/truncated-cone-volume-calculator/,truncated cone volume,1527,8,omnicalculator.com,3.335,http://www.omnicalculator.com/math/truncated-cone-volume,calc:truncated-cone-volume
,calculator,math,/ratio-2-numbers-calculator/,ratio 2 numbers,1523,6,omnicalculator.com,3.334,http://www.omnicalculator.com/math/ratio-of-2-numbers,calc:ratio-2-numbers
,calculator,everyday,/tsp-to-ml-calculator/,tsp to ml,1521,3,gigacalculator.com,3.334,http://www.gigacalculator.com/converters/convert-tsp-to-ml.php,calc:tsp-to-ml
,calculator,health,/lean-body-mass-calculator/,lean body mass,16401,281,calculator.net,3.332,http://www.calculator.net/lean-body-mass-calculator.html,calc:lean-body-mass
,calculator,math,/decagon-area-calculator/,decagon area,1506,2,omnicalculator.com,3.329,http://www.omnicalculator.com/math/decagon-area,calc:decagon-area
,calculator,math,/hollow-cylinder-volume-calculator/,hollow cylinder volume,1502,7,omnicalculator.com,3.328,http://www.omnicalculator.com/math/hollow-cylinder-volume,calc:hollow-cylinder-volume
,calculator,math,/length-rectangle-calculator/,length rectangle,1986,37,omnicalculator.com,3.327,http://www.omnicalculator.com/math/length-of-a-rectangle,calc:length-rectangle
,calculator,science,/friction-coefficient-calculator/,friction coefficient,2638,2,omnicalculator.com,3.325,http://www.omnicalculator.com/physics/friction-coefficient,calc:friction-coefficient
,calculator,math,/antilog-calculator/,antilog,2653,94,omnicalculator.com,3.321,http://www.omnicalculator.com/math/antilog,calc:antilog
,calculator,science,/molecular-weight-calculator/,molecular weight,2612,8,calculator.net calculatorsoup.com,3.321,http://www.calculator.net/molecular-weight-calculator.html,calc:molecular-weight
,calculator,science,/normal-force-calculator/,normal force,4839,66,omnicalculator.com,3.316,http://www.omnicalculator.com/physics/normal-force,calc:normal-force
,calculator,everyday,/dress-size-calculator/,dress size,4743,253,omnicalculator.com,3.316,http://www.omnicalculator.com/everyday-life/dress-size,calc:dress-size
,calculator,everyday,/km-to-ft-kilometers-to-feet-calculator/,km to ft kilometers to feet,1913,13,gigacalculator.com,3.311,http://www.gigacalculator.com/converters/convert-km-to-ft-kilometers-to-feet.php,calc:km-to-ft-kilometers-to-feet
,calculator,science,/kw-to-watt-calculator/,kw to watt,4767,58,rapidtables.com,3.31,http://www.rapidtables.com/convert/power/kW_to_Watt.html,calc:kw-to-watt
,calculator,math,/p-value-calculator/,p value,4631,202,omnicalculator.com,3.307,http://www.omnicalculator.com/statistics/p-value,calc:p-value
,calculator,math,/absolute-value-calculator/,absolute value,2569,103,calculatorsoup.com,3.307,http://www.calculatorsoup.com/calculators/algebra/absolute-value-calculator.php,calc:absolute-value
,calculator,health,/stride-length-calculator/,stride length,5474,38,omnicalculator.com,3.305,http://www.omnicalculator.com/sports/stride-length,calc:stride-length
,calculator,math,/ppm-to-percent-calculator/,ppm to percent,2541,158,rapidtables.com,3.303,http://www.rapidtables.com/convert/number/PPM_to_Percent.html,calc:ppm-to-percent
,calculator,math,/right-trapezoid-calculator/,right trapezoid,1868,12,omnicalculator.com,3.3,http://www.omnicalculator.com/math/right-trapezoid,calc:right-trapezoid
,calculator,health,/bmr-harris-benedict-equation-calculator/,bmr harris benedict equation,14922,410,omnicalculator.com,3.299,http://www.omnicalculator.com/health/bmr-harris-benedict-equation,calc:bmr-harris-benedict-equation
,calculator,math,/coterminal-angle-calculator/,coterminal angle,2491,73,omnicalculator.com,3.294,http://www.omnicalculator.com/math/coterminal-angle,calc:coterminal-angle
,calculator,everyday,/nanometers-to-meters-calculator/,nanometers to meters,2490,55,thecalculatorsite.com,3.294,http://www.thecalculatorsite.com/conversions/length/nanometers-to-meters.php,calc:nanometers-to-meters
,calculator,time-date,/voltage-drop-calculator/,voltage drop,3419,659,calculator.net,3.287,http://www.calculator.net/voltage-drop-calculator.html,calc:voltage-drop
,converter,conversions,/hp-to-amps/,hp to amp,1588,55,omnicalculator.com,3.284,http://www.omnicalculator.com/physics/hp-to-amps,conv:hp>amp
,calculator,science,/terminal-velocity-calculator/,terminal velocity,3216,49,omnicalculator.com,3.283,http://www.omnicalculator.com/physics/terminal-velocity,calc:terminal-velocity
,calculator,everyday,/data-transfer-calculator/,data transfer,2421,134,omnicalculator.com,3.282,http://www.omnicalculator.com/other/data-transfer,calc:data-transfer
,calculator,finance,/20-dollars-per-hour-calculator/,20 dollars per hour,1639,59,thecalculatorsite.com,3.279,http://www.thecalculatorsite.com/finance/pay/20-dollars-per-hour.php,calc:20-dollars-per-hour
,calculator,everyday,/metricunits-calculator/,metricunits,2395,178,calculatorsoup.com,3.278,http://www.calculatorsoup.com/calculators/conversions/metricunits.php,calc:metricunits
,calculator,finance,/cpc-cpm-calculator/,cpc cpm,1637,59,omnicalculator.com,3.278,http://www.omnicalculator.com/finance/cpc-cpm,calc:cpc-cpm
,calculator,health,/earned-run-average-calculator/,earned run average,3710,7,omnicalculator.com,3.277,http://www.omnicalculator.com/sports/earned-run-average,calc:earned-run-average
,calculator,math,/distance-two-points-calculator/,distance two points,2390,108,calculatorsoup.com,3.277,http://www.calculatorsoup.com/calculators/geometry-plane/distance-two-points.php,calc:distance-two-points
,calculator,everyday,/aquarium-volume-calculator/,aquarium volume,2365,65,omnicalculator.com,3.273,http://www.omnicalculator.com/other/aquarium-volume,calc:aquarium-volume
,es,es,/es/calculadora-de-porcentaje/,calculadora de porcentaje,1600,0,(ubersuggest es),3.27,,es:porcentaje
,es,es,/es/calculadora-de-fechas/,calculadora de fechas,1600,0,(ubersuggest es),3.27,,es:fechas
,es,es,/es/calculadora-de-calorias/,calculadora de calorias,1600,0,(ubersuggest es),3.27,,es:calorias
,es,es,/es/calculadora-de-ovulacion/,calculadora de ovulacion,1600,0,(ubersuggest es),3.27,,es:ovulacion
,calculator,science,/power-calculator/,power,3103,41,calculatorsoup.com rapidtables.com,3.268,http://www.rapidtables.com/calc/electric/power-calculator.html,calc:power
,calculator,math,/rectangular-prism-calculator/,rectangular prism,1734,49,omnicalculator.com,3.268,http://www.omnicalculator.com/math/rectangular-prism,calc:rectangular-prism
,calculator,everyday,/odds-calculator/,odds,4184,534,calculatorsoup.com,3.267,http://www.calculatorsoup.com/calculators/games/odds.php,calc:odds
,calculator,science,/photon-energy-calculator/,photon energy,4255,83,omnicalculator.com,3.266,http://www.omnicalculator.com/physics/photon-energy,calc:photon-energy
,calculator,health,/batting-average-calculator/,batting average,4939,25,omnicalculator.com,3.265,http://www.omnicalculator.com/sports/batting-average,calc:batting-average
,calculator,everyday,/semester-grade-calculator/,semester grade,1715,28,omnicalculator.com,3.263,http://www.omnicalculator.com/other/semester-grade,calc:semester-grade
,calculator,math,/long-addition-calculator/,long addition,2294,108,calculatorsoup.com,3.26,http://www.calculatorsoup.com/calculators/math/long-addition-calculator.php,calc:long-addition
,calculator,math,/moment-inertia-calculator/,moment inertia,1706,23,omnicalculator.com,3.26,http://www.omnicalculator.com/math/moment-of-inertia,calc:moment-inertia
,calculator,finance,/cap-rate-calculator/,cap rate,2686,583,omnicalculator.com,3.253,http://www.omnicalculator.com/finance/cap-rate,calc:cap-rate
,calculator,math,/reciprocal-calculator/,reciprocal,2250,63,omnicalculator.com,3.252,http://www.omnicalculator.com/math/reciprocal,calc:reciprocal
,calculator,finance,/down-payment-calculator/,down payment,2673,788,calculator.net,3.251,http://www.calculator.net/down-payment-calculator.html,calc:down-payment
,calculator,math,/surface-area-rectangle-calculator/,surface area rectangle,1667,17,omnicalculator.com,3.25,http://www.omnicalculator.com/math/surface-area-of-a-rectangle,calc:surface-area-rectangle
,calculator,math,/t-statistic-calculator/,t statistic,1663,25,omnicalculator.com,3.249,http://www.omnicalculator.com/statistics/t-statistic,calc:t-statistic
,calculator,health,/vo2-max-calculator/,vo2 max,12728,268,omnicalculator.com,3.245,http://www.omnicalculator.com/sports/vo2-max,calc:vo2-max
,calculator,health,/body-surface-area-calculator/,body surface area,12653,273,calculator.net,3.243,http://www.calculator.net/body-surface-area-calculator.html,calc:body-surface-area
,calculator,science,/shannon-index-calculator/,shannon index,2886,43,omnicalculator.com,3.239,http://www.omnicalculator.com/ecology/shannon-index,calc:shannon-index
,calculator,everyday,/base-calculator/,base,3875,204,rapidtables.com,3.237,http://www.rapidtables.com/convert/number/base-converter.html,calc:base
,calculator,everyday,/pizza-comparison-calculator/,pizza comparison,2156,134,omnicalculator.com,3.234,http://www.omnicalculator.com/food/pizza-comparison,calc:pizza-comparison
,calculator,science,/watt-to-kwh-calculator/,watt to kwh,3904,176,rapidtables.com,3.232,http://www.rapidtables.com/calc/electric/watt-to-kwh-calculator.html,calc:watt-to-kwh
,calculator,everyday,/drive-time-calculator/,drive time,2146,86,omnicalculator.com,3.232,http://www.omnicalculator.com/everyday-life/drive-time,calc:drive-time
,calculator,math,/quadratic-regression-calculator/,quadratic regression,1578,11,omnicalculator.com,3.226,http://www.omnicalculator.com/statistics/quadratic-regression,calc:quadratic-regression
,calculator,math,/reference-angle-calculator/,reference angle,2111,123,omnicalculator.com,3.225,http://www.omnicalculator.com/math/reference-angle,calc:reference-angle
,calculator,finance,/apy-calculator/,apy,2504,384,omnicalculator.com,3.224,http://www.omnicalculator.com/finance/apy,calc:apy
,calculator,health,/whr-calculator/,whr,6183,114,thecalculatorsite.com,3.223,http://www.thecalculatorsite.com/health/whr-calculator.php,calc:whr
,calculator,health,/mmol-l-to-mg-dl-calculator/,mmol l to mg dl,4376,38,omnicalculator.com,3.219,http://www.omnicalculator.com/health/mmol-l-to-mg-dl,calc:mmol-l-to-mg-dl
,calculator,everyday,/mpg-calculator/,mpg,2073,64,omnicalculator.com,3.217,http://www.omnicalculator.com/everyday-life/mpg,calc:mpg
,calculator,science,/watts-lumens-calculator/,watts lumens,2721,45,thecalculatorsite.com,3.215,http://www.thecalculatorsite.com/energy/watts-lumens.php,calc:watts-lumens
,calculator,math,/segment-area-calculator/,segment area,2052,62,omnicalculator.com,3.213,http://www.omnicalculator.com/math/segment-area,calc:segment-area
,calculator,everyday,/dpmo-calculator/,dpmo,1532,40,omnicalculator.com,3.213,http://www.omnicalculator.com/other/dpmo,calc:dpmo
,calculator,science,/solar-panel-calculator/,solar panel,6868,299,omnicalculator.com,3.211,http://www.omnicalculator.com/ecology/solar-panel,calc:solar-panel
,calculator,health,/waist-height-ratio-calculator/,waist height ratio,5993,165,omnicalculator.com,3.211,http://www.omnicalculator.com/health/waist-height-ratio,calc:waist-height-ratio
,calculator,math,/sin-calculator/,sin,2034,195,rapidtables.com,3.209,http://www.rapidtables.com/calc/math/Sin_Calculator.html,calc:sin
,calculator,everyday,/ghz-to-hz-calculator/,ghz to hz,2022,59,rapidtables.com,3.207,http://www.rapidtables.com/convert/frequency/ghz-to-hz.html,calc:ghz-to-hz
,calculator,math,/inverse-modulo-calculator/,inverse modulo,1505,19,omnicalculator.com,3.205,http://www.omnicalculator.com/math/inverse-modulo,calc:inverse-modulo
,calculator,health,/steps-km-calculator/,steps km,5878,84,thecalculatorsite.com,3.204,http://www.thecalculatorsite.com/health/steps-km.php,calc:steps-km
,calculator,everyday,/resolution-scale-calculator/,resolution scale,2006,60,omnicalculator.com,3.203,http://www.omnicalculator.com/other/resolution-scale,calc:resolution-scale
,calculator,everyday,/bc-to-ad-calculator/,bc to ad,1934,65,omnicalculator.com,3.188,http://www.omnicalculator.com/everyday-life/bc-to-ad,calc:bc-to-ad
,calculator,math,/parallelogram-calculator/,parallelogram,1932,113,calculatorsoup.com,3.187,http://www.calculatorsoup.com/calculators/geometry-plane/parallelogram.php,calc:parallelogram
,calculator,math,/algebra-symbols-calculator/,algebra symbols,1912,137,rapidtables.com,3.183,http://www.rapidtables.com/math/symbols/Algebra_Symbols.html,calc:algebra-symbols
,calculator,health,/calories-burned-standing-calculator/,calories burned standing,2923,6,omnicalculator.com,3.182,http://www.omnicalculator.com/sports/calories-burned-standing,calc:calories-burned-standing
,calculator,science,/watt-to-joule-calculator/,watt to joule,3407,65,rapidtables.com,3.179,http://www.rapidtables.com/calc/electric/Watt_to_Joule_Calculator.html,calc:watt-to-joule
,calculator,math,/calculus-symbols-calculator/,calculus symbols,1893,108,rapidtables.com,3.179,http://www.rapidtables.com/math/symbols/Calculus_Symbols.html,calc:calculus-symbols
,es,es,/es/calculadora-de-préstamos/,calculadora de préstamos,1300,0,(ubersuggest es),3.178,,es:préstamos
,calculator,science,/friction-loss-calculator/,friction loss,2476,23,omnicalculator.com,3.177,http://www.omnicalculator.com/physics/friction-loss,calc:friction-loss
,calculator,math,/ratio-to-fraction-calculator/,ratio to fraction,1873,83,calculatorsoup.com,3.174,http://www.calculatorsoup.com/calculators/math/ratio-to-fraction-calculator.php,calc:ratio-to-fraction
,calculator,science,/centripetal-force-calculator/,centripetal force,3357,58,omnicalculator.com,3.173,http://www.omnicalculator.com/physics/centripetal-force,calc:centripetal-force
,calculator,science,/buoyancy-calculator/,buoyancy,3353,78,omnicalculator.com,3.173,http://www.omnicalculator.com/physics/buoyancy,calc:buoyancy
,calculator,math,/common-factor-calculator/,common factor,1868,103,calculator.net,3.173,http://www.calculator.net/common-factor-calculator.html,calc:common-factor
,calculator,everyday,/golf-handicap-calculator/,golf handicap,1863,150,calculator.net,3.172,http://www.calculator.net/golf-handicap-calculator.html,calc:golf-handicap
,calculator,science,/horsepower-calculator/,horsepower,3314,94,calculator.net,3.168,http://www.calculator.net/horsepower-calculator.html,calc:horsepower
,calculator,science,/resonant-frequency-lc-calculator/,resonant frequency lc,3283,63,omnicalculator.com,3.165,http://www.omnicalculator.com/physics/resonant-frequency-lc,calc:resonant-frequency-lc
,calculator,math,/ascii-hex-bin-dec-calculator/,ascii hex bin dec,3166,290,rapidtables.com,3.158,http://www.rapidtables.com/convert/number/ascii-hex-bin-dec-converter.html,calc:ascii-hex-bin-dec
,calculator,science,/molarity-calculator/,molarity,1773,4,calculator.net,3.158,http://www.calculator.net/molarity-calculator.html,calc:molarity
,calculator,health,/height-percentile-calculator/,height percentile,9857,206,gigacalculator.com,3.157,http://www.gigacalculator.com/calculators/height-percentile-calculator.php,calc:height-percentile
,calculator,math,/exponent-fractions-calculator/,exponent fractions,1791,109,calculatorsoup.com,3.156,http://www.calculatorsoup.com/calculators/algebra/exponent-fractions.php,calc:exponent-fractions
,calculator,science,/molality-calculator/,molality,2342,43,omnicalculator.com,3.154,http://www.omnicalculator.com/chemistry/molality,calc:molality
,calculator,math,/triangles-equilateral-calculator/,triangles equilateral,1785,88,calculatorsoup.com,3.154,http://www.calculatorsoup.com/calculators/geometry-plane/triangles-equilateral.php,calc:triangles-equilateral
,calculator,science,/kinetic-energy-calculator/,kinetic energy,3167,164,omnicalculator.com,3.151,http://www.omnicalculator.com/physics/kinetic-energy,calc:kinetic-energy
,calculator,everyday,/fat-intake-calculator/,fat intake,1774,160,calculator.net,3.151,http://www.calculator.net/fat-intake-calculator.html,calc:fat-intake
,calculator,science,/volume-to-mass-calculator/,volume to mass,2316,35,omnicalculator.com,3.149,http://www.omnicalculator.com/physics/volume-to-mass,calc:volume-to-mass
,calculator,science,/freezing-point-depression-calculator/,freezing point depression,2314,19,omnicalculator.com,3.149,http://www.omnicalculator.com/chemistry/freezing-point-depression,calc:freezing-point-depression
,calculator,science,/heat-capacity-calculator/,heat capacity,1718,6,omnicalculator.com,3.144,http://www.omnicalculator.com/physics/heat-capacity,calc:heat-capacity
,calculator,math,/parallelogram-area-calculator/,parallelogram area,1713,71,omnicalculator.com,3.137,http://www.omnicalculator.com/math/parallelogram-area,calc:parallelogram-area
,calculator,science,/wh-to-mah-calculator/,wh to mah,2987,89,rapidtables.com,3.128,http://www.rapidtables.com/calc/electric/wh-to-mah-calculator.html,calc:wh-to-mah
,calculator,science,/mph-to-fps-calculator/,mph to fps,2186,29,gigacalculator.com,3.126,http://www.gigacalculator.com/converters/convert-mph-to-fps.php,calc:mph-to-fps
,calculator,science,/relative-humidity-calculator/,relative humidity,2156,49,omnicalculator.com,3.12,http://www.omnicalculator.com/physics/relative-humidity,calc:relative-humidity
,calculator,science,/efficiency-calculator/,efficiency,2106,48,omnicalculator.com,3.111,http://www.omnicalculator.com/physics/efficiency,calc:efficiency
,calculator,math,/empirical-rule-calculator/,empirical rule,1612,129,omnicalculator.com,3.111,http://www.omnicalculator.com/statistics/empirical-rule,calc:empirical-rule
,calculator,everyday,/cooking-calculator/,cooking,2804,230,thecalculatorsite.com,3.11,http://www.thecalculatorsite.com/cooking/cooking-calculator.php,calc:cooking
,calculator,science,/torque-to-horsepower-calculator/,torque to horsepower,2003,40,omnicalculator.com,3.09,http://www.omnicalculator.com/conversion/torque-to-horsepower,calc:torque-to-horsepower
,calculator,math,/roulette-payout-calculator/,roulette payout,1521,172,omnicalculator.com,3.087,http://www.omnicalculator.com/statistics/roulette-payout,calc:roulette-payout
,calculator,health,/bike-pace-calculator/,bike pace,2283,5,omnicalculator.com,3.083,http://www.omnicalculator.com/sports/bike-pace,calc:bike-pace
,calculator,science,/enthalpy-calculator/,enthalpy,1961,50,omnicalculator.com,3.082,http://www.omnicalculator.com/physics/enthalpy,calc:enthalpy
,calculator,science,/parallel-resistor-calculator/,parallel resistor,2614,97,omnicalculator.com,3.076,http://www.omnicalculator.com/physics/parallel-resistor,calc:parallel-resistor
,calculator,math,/ln-calculator/,ln,2567,494,rapidtables.com,3.076,http://www.rapidtables.com/calc/math/Ln_Calc.html,calc:ln
,calculator,science,/displacement-svt-calculator/,displacement svt,1933,41,calculatorsoup.com,3.076,http://www.calculatorsoup.com/calculators/physics/displacement-calculator-svt.php,calc:displacement-svt
,calculator,science,/displacement-v-t-calculator/,displacement v t,2601,63,calculatorsoup.com,3.074,http://www.calculatorsoup.com/calculators/physics/displacement_v_a_t.php,calc:displacement-v-t
,calculator,health,/maintenance-calorie-calculator/,maintenance calorie,4100,178,omnicalculator.com,3.071,http://www.omnicalculator.com/health/maintenance-calorie,calc:maintenance-calorie
,calculator,science,/henderson-hasselbalch-calculator/,henderson hasselbalch,1908,13,omnicalculator.com,3.071,http://www.omnicalculator.com/chemistry/henderson-hasselbalch,calc:henderson-hasselbalch
,es,es,/es/calculadora-de-descuentos/,calculadora de descuentos,1000,0,(ubersuggest es),3.062,,es:descuentos
,calculator,health,/drops-per-minute-calculator/,drops per minute,3959,86,omnicalculator.com,3.058,http://www.omnicalculator.com/health/drops-per-minute,calc:drops-per-minute
,calculator,science,/acceleration-using-force-mass-calculator/,acceleration using force mass,1832,34,omnicalculator.com,3.054,http://www.omnicalculator.com/physics/acceleration-using-force-and-mass,calc:acceleration-using-force-mass
,calculator,science,/boyles-law-calculator/,boyles law,2376,95,omnicalculator.com,3.038,http://www.omnicalculator.com/physics/boyles-law,calc:boyles-law
,calculator,science,/wire-resistance-calculator/,wire resistance,2367,130,omnicalculator.com,3.037,http://www.omnicalculator.com/physics/wire-resistance,calc:wire-resistance
,calculator,science,/va-to-amps-calculator/,va to amps,2346,95,rapidtables.com,3.033,http://www.rapidtables.com/calc/electric/va-to-amps-calculator.html,calc:va-to-amps
,calculator,everyday,/fitness-health-calculator/,fitness health,2261,266,calculator.net,3.026,http://www.calculator.net/fitness-and-health-calculator.html,calc:fitness-health
,calculator,science,/cat-benadryl-dosage-calculator/,cat benadryl dosage,1678,25,omnicalculator.com,3.018,http://www.omnicalculator.com/biology/cat-benadryl-dosage,calc:cat-benadryl-dosage
,calculator,science,/projectile-motion-calculator/,projectile motion,2233,194,omnicalculator.com,3.014,http://www.omnicalculator.com/physics/projectile-motion,calc:projectile-motion
,calculator,health,/navy-prt-calculator/,navy prt,2537,48,omnicalculator.com,3.009,http://www.omnicalculator.com/health/navy-prt,calc:navy-prt
,calculator,math,/polygon-calculator/,polygon,2093,232,calculatorsoup.com,2.996,http://www.calculatorsoup.com/calculators/geometry-plane/polygon.php,calc:polygon
,calculator,science,/vapour-pressure-water-calculator/,vapour pressure water,2128,102,omnicalculator.com,2.995,http://www.omnicalculator.com/chemistry/vapour-pressure-of-water,calc:vapour-pressure-water
,calculator,health,/jump-rope-calorie-calculator/,jump rope calorie,3330,68,omnicalculator.com,2.994,http://www.omnicalculator.com/sports/jump-rope-calorie,calc:jump-rope-calorie
,calculator,health,/kcal-to-calorie-calculator/,kcal to calorie,3318,74,rapidtables.com,2.993,http://www.rapidtables.com/convert/energy/kCal_to_Calorie.html,calc:kcal-to-calorie
,calculator,health,/calories-burned-weight-lifting-calculator/,calories burned weight lifting,3297,135,omnicalculator.com,2.99,http://www.omnicalculator.com/sports/calories-burned-weight-lifting,calc:calories-burned-weight-lifting
,calculator,everyday,/minecraft-stack-calculator/,minecraft stack,2040,202,omnicalculator.com,2.986,http://www.omnicalculator.com/other/minecraft-stack,calc:minecraft-stack
,calculator,science,/magnitude-acceleration-calculator/,magnitude acceleration,1540,25,omnicalculator.com,2.984,http://www.omnicalculator.com/physics/magnitude-of-acceleration,calc:magnitude-acceleration
,calculator,science,/coulombs-law-calculator/,coulombs law,2015,51,omnicalculator.com,2.974,http://www.omnicalculator.com/physics/coulombs-law,calc:coulombs-law
,calculator,science,/wet-bulb-calculator/,wet bulb,3508,275,omnicalculator.com,2.967,http://www.omnicalculator.com/physics/wet-bulb,calc:wet-bulb
,calculator,health,/hiking-calculator/,hiking,3048,76,omnicalculator.com,2.961,http://www.omnicalculator.com/sports/hiking,calc:hiking
,calculator,science,/theoretical-yield-calculator/,theoretical yield,1920,64,omnicalculator.com,2.955,http://www.omnicalculator.com/chemistry/theoretical-yield,calc:theoretical-yield
,calculator,math,/fibonacci-calculator/,fibonacci,1796,370,calculatorsoup.com,2.936,http://www.calculatorsoup.com/calculators/discretemathematics/fibonacci-calculator.php,calc:fibonacci
,calculator,health,/navy-body-fat-calculator/,navy body fat,2816,123,omnicalculator.com,2.932,http://www.omnicalculator.com/health/navy-body-fat,calc:navy-body-fat
,calculator,health,/iq-percentile-calculator/,iq percentile,4978,218,omnicalculator.com,2.923,http://www.omnicalculator.com/health/iq-percentile,calc:iq-percentile
,calculator,science,/ppm-to-molarity-calculator/,ppm to molarity,1745,61,omnicalculator.com,2.918,http://www.omnicalculator.com/chemistry/ppm-to-molarity,calc:ppm-to-molarity
,calculator,science,/tree-value-calculator/,tree value,1668,57,omnicalculator.com,2.9,http://www.omnicalculator.com/biology/tree-value,calc:tree-value
,calculator,health,/body-shape-calculator/,body shape,4606,325,omnicalculator.com,2.896,http://www.omnicalculator.com/health/body-shape,calc:body-shape
,calculator,science,/air-density-calculator/,air density,2857,204,omnicalculator.com,2.893,http://www.omnicalculator.com/physics/air-density,calc:air-density
,calculator,health,/ldl-calculator/,ldl,2427,62,omnicalculator.com,2.877,http://www.omnicalculator.com/health/ldl,calc:ldl
,calculator,science,/sound-wavelength-calculator/,sound wavelength,1554,67,omnicalculator.com,2.872,http://www.omnicalculator.com/physics/sound-wavelength,calc:sound-wavelength
,calculator,health,/bmi-men-calculator/,bmi men,2357,91,omnicalculator.com,2.867,http://www.omnicalculator.com/health/bmi-men,calc:bmi-men
,calculator,health,/bike-size-calculator/,bike size,2246,105,omnicalculator.com,2.849,http://www.omnicalculator.com/sports/bike-size,calc:bike-size
,calculator,health,/steps-to-km-calculator/,steps to km,1668,33,omnicalculator.com,2.848,http://www.omnicalculator.com/sports/steps-to-km,calc:steps-to-km
,calculator,health,/vital-capacity-calculator/,vital capacity,1625,19,omnicalculator.com,2.838,http://www.omnicalculator.com/health/vital-capacity,calc:vital-capacity
,calculator,science,/fall-calculator/,fall,2307,323,omnicalculator.com,2.815,http://www.omnicalculator.com/physics/free-fall,calc:fall
,calculator,health,/due-date-calculator/,due date,3419,258,calculator.net,2.794,http://www.calculator.net/due-date-calculator.html,calc:due-date
,calculator,health,/tdee-calculator/,tdee,3388,518,calculator.net,2.79,http://www.calculator.net/tdee-calculator.html,calc:tdee
,calculator,health,/rmr-calculator/,rmr,2634,210,omnicalculator.com,2.704,http://www.omnicalculator.com/health/rmr,calc:rmr
,calculator,health,/calories-burned-biking-calculator/,calories burned biking,1508,105,omnicalculator.com,2.702,http://www.omnicalculator.com/sports/calories-burned-biking,calc:calories-burned-biking
,calculator,health,/calorie-deficit-calculator/,calorie deficit,2527,219,omnicalculator.com,2.69,http://www.omnicalculator.com/health/calorie-deficit,calc:calorie-deficit
